rnti,phr,dl_tbs,ul_tbs,dl_aggr_prb,wb_cqi,pusch_snr,pucch_snr,ul_rssi,dl_bler,ul_bler,dl_mcs,ul_mcs,target_future_rssi
70,30,794449,1041237,20,15,29.21259117126465,29.726961135864258,51.24139404296875,0.0,0.0,26,22,51.24139404296875
70,30,793882,1040494,20,15,29.21259117126465,30.13358497619629,51.24139404296875,0.0,0.0,26,22,52.118377685546875
70,30,793235,1040067,20,15,29.22887420654297,30.13358497619629,52.118377685546875,0.0,0.0,26,22,54.84174728393555
70,30,792669,1042588,20,15,28.77527618408203,30.457088470458984,54.84174728393555,0.0,0.0,26,23,57.014244079589844
70,30,794672,1045056,20,15,28.317577362060547,30.457088470458984,57.014244079589844,0.0,0.0,26,23,58.331050872802734
70,30,795429,1046318,20,15,28.104576110839844,30.457088470458984,58.331050872802734,0.0,0.0,26,23,59.51620864868164
70,30,797388,1047773,20,15,27.858112335205078,30.78107261657715,59.51620864868164,0.0,0.0,26,23,60.117835998535156
70,30,798104,1047353,20,15,27.98048973083496,31.43806266784668,60.117835998535156,0.0,0.0,26,23,60.117835998535156
70,30,797699,1046821,20,15,27.98048973083496,31.43806266784668,60.117835998535156,0.0,0.0,26,23,61.12528610229492
70,30,797294,1046520,20,15,28.512819290161133,31.43806266784668,61.12528610229492,0.0,0.0,26,22,62.47114181518555
70,30,796809,1047576,20,15,28.650543212890625,31.43806266784668,62.47114181518555,0.0,0.0,26,21,62.40097427368164
70,30,796405,1047972,20,15,28.643980026245117,31.43806266784668,62.40097427368164,0.0,0.0,26,21,63.46425247192383
70,30,798396,1050006,20,15,28.425203323364258,31.780166625976562,63.46425247192383,0.0,0.0,26,22,63.46425247192383
70,30,798154,1049687,20,15,28.425203323364258,31.780166625976562,63.46425247192383,0.0,0.0,26,22,64.4288101196289
70,30,800142,1051617,20,15,28.26830291748047,32.11457443237305,64.4288101196289,0.0,0.0,26,22,64.4288101196289
70,30,800892,1050979,20,15,28.26830291748047,32.35940170288086,64.4288101196289,0.0,0.0,26,22,64.71673583984375
70,30,800406,1050760,20,15,28.275571823120117,32.35940170288086,64.71673583984375,0.0,0.0,26,22,65.25053405761719
70,30,799759,1051952,20,15,28.04282569885254,30.722675323486328,65.25053405761719,0.0,0.0,26,22,63.68117141723633
70,30,801580,1053534,20,15,27.886486053466797,30.722675323486328,63.68117141723633,0.0,0.0,26,22,60.42442321777344
70,30,803277,1055460,20,15,27.69865608215332,30.981037139892578,60.42442321777344,0.0,0.0,26,23,58.95225143432617
70,30,803903,1054727,20,15,28.39432144165039,31.335966110229492,58.95225143432617,0.0,0.0,26,22,59.28407669067383
70,30,803174,1055031,20,15,28.387367248535156,31.335966110229492,59.28407669067383,0.0,0.0,26,22,58.23039245605469
70,30,803757,1055706,20,15,28.594083786010742,31.818584442138672,58.23039245605469,0.0,0.0,26,22,58.34716033935547
70,30,804338,1055318,20,15,28.64870262145996,31.92470359802246,58.34716033935547,0.0,0.0,26,22,59.51611328125
70,30,803611,1055178,20,15,28.98090171813965,31.92470359802246,59.51611328125,0.0,0.0,26,21,60.56787872314453
70,30,804192,1055526,20,15,28.984622955322266,32.085269927978516,60.56787872314453,0.0,0.0,26,22,62.29063415527344
70,30,804691,1056182,20,15,29.191694259643555,32.085269927978516,62.29063415527344,0.0,0.0,26,22,62.989532470703125
70,30,805270,1055935,20,15,29.1141357421875,32.5999755859375,62.989532470703125,0.0,0.0,26,22,63.69474792480469
70,30,804545,1055405,20,15,29.428043365478516,32.5999755859375,63.69474792480469,0.0,0.0,26,22,64.32948303222656
70,30,805042,1055091,20,15,29.583885192871094,33.1564826965332,64.32948303222656,0.0,0.0,26,22,64.90337371826172
70,30,804318,1055424,20,15,29.589723587036133,33.1564826965332,64.90337371826172,0.0,0.0,26,22,64.95911407470703
70,30,804815,1055542,20,15,29.4401798248291,33.52191925048828,64.95911407470703,0.0,0.0,26,22,65.419921875
70,30,804093,1054685,20,15,29.83071517944336,33.819034576416016,65.419921875,0.0,0.0,26,22,65.83489990234375
70,30,804589,1053829,20,15,30.083969116210938,33.8703498840332,65.83489990234375,0.0,0.0,26,22,66.25849151611328
70,30,803868,1053960,20,15,30.353281021118164,33.8703498840332,66.25849151611328,0.0,0.0,26,21,66.30358123779297
70,30,804443,1054184,20,15,30.22121810913086,33.92850112915039,66.30358123779297,0.0,0.0,26,21,66.71674346923828
70,30,803724,1053342,20,15,31.029932022094727,34.29537582397461,66.71674346923828,0.0,0.0,26,20,67.28872680664062
70,30,804219,1053757,20,15,30.668941497802734,34.31526184082031,67.28872680664062,0.0,0.0,26,20,67.56491088867188
70,30,804713,1053808,20,15,30.44090461730957,34.42104721069336,67.56491088867188,0.0,0.0,26,21,67.8135986328125
70,30,803995,1053450,20,15,30.417482376098633,34.42104721069336,67.8135986328125,0.0,0.0,26,21,68.03746795654297
70,30,804488,1053280,20,15,30.351346969604492,33.131858825683594,68.03746795654297,0.0,0.0,26,21,66.77245330810547
70,30,803851,1052875,20,15,30.54745101928711,33.31045913696289,66.77245330810547,0.0,0.0,26,21,65.6339111328125
70,30,804344,1052567,20,15,30.5395450592041,33.467132568359375,65.6339111328125,0.0,0.0,26,21,66.07672119140625
70,30,803628,1052898,20,15,30.315635681152344,33.62287139892578,66.07672119140625,0.0,0.0,26,21,66.20856475830078
70,30,804120,1052554,20,15,30.190185546875,33.83590316772461,66.20856475830078,0.0,0.0,26,21,66.47554779052734
70,30,803407,1052211,20,15,30.096677780151367,34.00043487548828,66.47554779052734,0.0,0.0,26,22,66.71607971191406
70,30,803977,1051972,20,15,30.020788192749023,34.098087310791016,66.71607971191406,0.0,0.0,26,22,67.05120086669922
70,30,803265,1051264,20,15,30.597204208374023,32.684322357177734,67.05120086669922,0.0,0.0,26,21,64.70561218261719
70,30,802633,1051060,20,15,30.900665283203125,32.684322357177734,64.70561218261719,0.0,0.0,26,20,62.901153564453125
70,30,803086,1053221,20,15,30.371416091918945,32.684322357177734,62.901153564453125,0.0,0.0,26,21,60.752017974853516
70,30,806053,1056320,20,15,29.705442428588867,30.974401473999023,60.752017974853516,0.0,0.0,26,21,60.81378173828125
70,30,806619,1056079,20,15,29.653139114379883,31.235280990600586,60.81378173828125,0.0,0.0,26,21,60.81378173828125
70,30,805907,1055147,20,15,29.653139114379883,31.67062759399414,60.81378173828125,0.0,0.0,26,21,61.6823616027832
70,30,805197,1054622,20,15,29.586380004882812,31.67062759399414,61.6823616027832,0.0,0.0,26,21,62.52031707763672
70,30,804488,1055671,20,15,29.22233009338379,30.775550842285156,62.52031707763672,0.0,0.0,26,21,61.813453674316406
70,30,806169,1057097,20,15,28.985376358032227,30.775550842285156,61.813453674316406,0.0,0.0,26,21,61.17094039916992
70,30,807809,1058959,20,15,28.630952835083008,31.33809471130371,61.17094039916992,0.0,0.0,26,22,62.025047302246094
70,30,807178,1058499,20,15,28.636831283569336,31.844268798828125,62.025047302246094,0.0,0.0,26,22,62.7943115234375
70,30,807661,1057936,20,15,28.667625427246094,32.01408004760742,62.7943115234375,0.0,0.0,26,22,64.14472198486328
70,30,806953,1057773,20,15,29.028560638427734,32.01408004760742,64.14472198486328,0.0,0.0,26,21,65.24207305908203
70,30,807435,1058020,20,15,29.205657958984375,32.06460189819336,65.24207305908203,0.0,0.0,26,21,65.69735717773438
70,30,807916,1057539,20,15,29.124906539916992,32.561973571777344,65.69735717773438,0.0,0.0,26,21,66.13426971435547
70,30,807288,1057505,20,15,29.295618057250977,32.561973571777344,66.13426971435547,0.0,0.0,26,21,66.15898895263672
70,30,807769,1057544,20,15,29.208229064941406,33.272090911865234,66.15898895263672,0.0,0.0,26,21,66.54894256591797
70,30,807142,1056884,20,15,29.873342514038086,33.4051513671875,66.54894256591797,0.0,0.0,26,20,66.8999252319336
70,30,807622,1056336,20,15,30.47993278503418,33.53823471069336,66.8999252319336,0.0,0.0,26,19,67.21540832519531
70,30,806996,1055938,20,15,30.504440307617188,33.53823471069336,67.21540832519531,0.0,0.0,26,20,67.74083709716797
70,30,806293,1055825,20,15,30.615726470947266,33.53823471069336,67.74083709716797,0.0,0.0,26,20,68.18064880371094
70,30,806851,1058111,20,15,29.95517921447754,32.179630279541016,68.18064880371094,0.0,0.0,26,21,65.370849609375
70,30,809690,1060306,20,15,29.408262252807617,32.63893508911133,65.370849609375,0.0,0.0,26,21,65.82877349853516
70,30,809065,1059654,20,15,29.521093368530273,32.63893508911133,65.82877349853516,0.0,0.0,26,21,66.24141693115234
70,30,809541,1058902,20,15,29.590715408325195,33.0866584777832,66.24141693115234,0.0,0.0,26,21,66.62380981445312
70,30,808838,1059024,20,15,29.81246566772461,33.0866584777832,66.62380981445312,0.0,0.0,26,21,65.1336898803711
70,30,809314,1059564,20,15,29.58094596862793,31.52455711364746,65.1336898803711,0.0,0.0,26,21,63.80289840698242
70,30,809866,1060578,20,15,29.504409790039062,31.52455711364746,63.80289840698242,0.0,0.0,26,21,63.8126106262207
70,30,810340,1060236,20,15,29.454477310180664,32.01399230957031,63.8126106262207,0.0,0.0,26,21,64.42986297607422
70,30,809639,1059895,20,15,29.309497833251953,32.01399230957031,64.42986297607422,0.0,0.0,26,21,64.98577880859375
70,30,810112,1059555,20,15,29.225265502929688,32.54294967651367,64.98577880859375,0.0,0.0,26,21,65.49360656738281
70,30,809413,1059227,20,15,29.56536865234375,32.54294967651367,65.49360656738281,0.0,0.0,26,21,65.50090789794922
70,30,809963,1058989,20,15,29.54800033569336,32.9969596862793,65.50090789794922,0.0,0.0,26,21,65.95782470703125
70,30,809265,1058662,20,15,30.25386619567871,32.9969596862793,65.95782470703125,0.0,0.0,26,20,66.72847747802734
70,30,809737,1058526,20,15,30.328832626342773,33.31182098388672,66.72847747802734,0.0,0.0,26,20,65.36016082763672
70,30,809118,1057924,20,15,30.709318161010742,31.858732223510742,65.36016082763672,0.0,0.0,26,19,64.12837982177734
70,30,808500,1057719,20,15,30.738121032714844,31.858732223510742,64.12837982177734,0.0,0.0,26,20,62.02198791503906
70,30,809089,1060014,20,15,30.42157554626465,31.858732223510742,62.02198791503906,0.0,0.0,26,20,61.34321212768555
70,30,811853,1061566,20,15,29.91064453125,31.346891403198242,61.34321212768555,0.0,0.0,26,20,62.20867919921875
70,30,811234,1060922,20,15,29.946624755859375,31.346891403198242,62.20867919921875,0.0,0.0,26,20,62.98813247680664
70,30,811779,1060279,20,15,29.984521865844727,31.456571578979492,62.98813247680664,0.0,0.0,26,20,63.69770812988281
70,30,811084,1059588,20,15,30.372241973876953,31.456571578979492,63.69770812988281,0.0,0.0,26,20,64.90501403808594
70,30,810467,1059384,20,15,30.592041015625,30.402812957763672,64.90501403808594,0.0,0.0,26,19,63.01156997680664
70,30,809851,1062015,20,15,29.84819793701172,30.402812957763672,63.01156997680664,0.0,0.0,26,20,61.47784423828125
70,30,813838,1065045,20,15,29.082271575927734,30.428133010864258,61.47784423828125,0.0,0.0,26,21,61.47784423828125
70,30,814302,1064136,20,15,29.082271575927734,31.29488182067871,61.47784423828125,0.0,0.0,26,21,62.332157135009766
70,30,813684,1063721,20,15,29.033477783203125,31.29488182067871,62.332157135009766,0.0,0.0,26,21,62.337684631347656
70,30,813068,1063672,20,15,28.984548568725586,29.851953506469727,62.337684631347656,0.0,0.0,26,21,61.13100051879883
70,30,813531,1063699,20,15,29.026695251464844,29.851953506469727,61.13100051879883,0.0,0.0,26,21,60.05183029174805
70,30,812916,1064217,20,15,29.233413696289062,29.851953506469727,60.05183029174805,0.0,0.0,26,22,61.059906005859375
70,30,814573,1064262,20,15,29.632335662841797,29.754680633544922,61.059906005859375,0.0,0.0,26,22,62.77713394165039
70,30,813882,1064790,20,15,30.042375564575195,29.754680633544922,62.77713394165039,0.0,0.0,26,21,64.16327667236328
70,30,815572,1065832,20,15,29.813447952270508,29.71485710144043,64.16327667236328,0.0,0.0,26,22,64.1676254272461
70,30,816108,1065150,20,15,30.019189834594727,30.4216251373291,64.1676254272461,0.0,0.0,26,21,64.1676254272461
70,30,815493,1064348,20,15,30.019189834594727,31.114686965942383,64.1676254272461,0.0,0.0,26,21,64.75381469726562
70,30,814879,1063935,20,15,29.97465705871582,31.1769962310791,64.75381469726562,0.0,0.0,26,21,64.7576675415039
70,30,814190,1064039,20,15,29.73270606994629,31.1769962310791,64.7576675415039,0.0,0.0,26,22,65.28874206542969
70,30,813654,1065346,20,15,29.325000762939453,29.868633270263672,65.28874206542969,0.0,0.0,26,22,62.64707565307617
70,30,816561,1068261,20,15,28.7025203704834,29.868633270263672,62.64707565307617,0.0,0.0,26,22,61.52658462524414
70,30,818127,1070293,20,15,28.290603637695312,31.194835662841797,61.52658462524414,0.0,0.0,26,22,62.376922607421875
70,30,817437,1069475,20,15,28.59039306640625,31.229476928710938,62.376922607421875,0.0,0.0,26,22,63.142730712890625
70,30,817969,1068758,20,15,28.937030792236328,31.297760009765625,63.142730712890625,0.0,0.0,26,22,64.45681762695312
70,30,817356,1068959,20,15,29.05035400390625,31.297760009765625,64.45681762695312,0.0,0.0,26,22,65.52460479736328
70,30,817887,1069739,20,15,29.24032211303711,31.297760009765625,65.52460479736328,0.0,0.0,26,21,66.38963317871094
70,30,818417,1071284,20,15,29.16384506225586,31.35886001586914,66.38963317871094,0.0,0.0,26,22,66.39164733886719
70,30,820011,1071381,20,15,29.029996871948242,31.891155242919922,66.39164733886719,0.0,0.0,26,22,66.39521789550781
70,30,820580,1071678,20,15,28.88226890563965,32.37374496459961,66.39521789550781,0.0,0.0,26,22,66.39866638183594
70,30,819891,1070790,20,15,29.602611541748047,32.82870864868164,66.39866638183594,0.0,0.0,26,21,67.09442901611328
70,30,819280,1071157,20,15,29.447614669799805,32.82870864868164,67.09442901611328,0.0,0.0,26,21,67.66378784179688
70,30,819807,1071907,20,15,29.745616912841797,31.68671989440918,67.66378784179688,0.0,0.0,26,21,64.31707000732422
70,30,820257,1073319,20,15,29.723434448242188,31.68671989440918,64.31707000732422,0.0,0.0,26,22,63.417118072509766
70,30,820747,1073541,20,15,29.58037757873535,32.20379638671875,63.417118072509766,0.0,0.0,26,22,64.087158203125
70,30,821272,1073924,20,15,29.544641494750977,32.69575881958008,64.087158203125,0.0,0.0,26,22,64.68366241455078
70,30,820662,1073588,20,15,29.525468826293945,32.69575881958008,64.68366241455078,0.0,0.0,26,22,65.2207260131836
70,30,821186,1073252,20,15,29.51630210876465,33.09724044799805,65.2207260131836,0.0,0.0,26,22,65.707763671875
70,30,820501,1072567,20,15,29.899707794189453,33.09724044799805,65.707763671875,0.0,0.0,26,21,66.53792572021484
70,30,819893,1072360,20,15,30.22085952758789,33.09724044799805,66.53792572021484,0.0,0.0,26,20,66.89332580566406
70,30,820417,1073471,20,15,29.829513549804688,33.09724044799805,66.89332580566406,0.0,0.0,26,21,67.5031509399414
70,30,820863,1076473,20,15,29.44582176208496,33.09724044799805,67.5031509399414,0.0,0.0,26,21,67.76335906982422
70,30,822554,1077544,20,15,29.372722625732422,33.96240234375,67.76335906982422,0.0,0.0,26,21,67.76589965820312
70,30,822999,1077031,20,15,29.398263931274414,33.91720962524414,67.76589965820312,0.0,0.0,26,21,67.99618530273438
70,30,822391,1076973,20,15,29.216312408447266,33.91720962524414,67.99618530273438,0.0,0.0,26,21,68.20574951171875
70,30,821785,1077087,20,15,29.41899871826172,33.91720962524414,68.20574951171875,0.0,0.0,26,21,68.39439392089844
70,30,822305,1077399,20,15,29.3791561126709,34.28561782836914,68.39439392089844,0.0,0.0,26,22,67.19625854492188
70,30,822748,1077425,20,15,29.369949340820312,33.1466064453125,67.19625854492188,0.0,0.0,26,22,65.9673843383789
70,30,823266,1076842,20,15,29.908966064453125,33.19601821899414,65.9673843383789,0.0,0.0,26,21,63.86227035522461
70,30,822661,1076632,20,15,30.218324661254883,33.19601821899414,63.86227035522461,0.0,0.0,26,21,63.86598205566406
70,30,822132,1076921,20,15,30.044952392578125,33.19601821899414,63.86598205566406,0.0,0.0,26,21,62.163814544677734
70,30,822649,1079026,20,15,29.559053421020508,33.19601821899414,62.163814544677734,0.0,0.0,26,21,60.77939987182617
70,30,825407,1080738,20,15,29.058250427246094,33.2326545715332,60.77939987182617,0.0,0.0,26,22,60.18524169921875
70,30,825921,1079957,20,15,29.37399673461914,33.2326545715332,60.18524169921875,0.0,0.0,26,21,60.18524169921875
70,30,825316,1079166,20,15,29.37399673461914,33.66593551635742,60.18524169921875,0.0,0.0,26,21,61.16969680786133
70,30,824636,1078656,20,15,29.323965072631836,33.66593551635742,61.16969680786133,0.0,0.0,26,21,62.0590934753418
70,30,824033,1079820,20,15,28.95660400390625,33.66593551635742,62.0590934753418,0.0,0.0,26,21,61.33653259277344
70,30,824622,1081986,20,15,28.533931732177734,32.505794525146484,61.33653259277344,0.0,0.0,26,22,60.68946075439453
70,30,827256,1083707,20,15,28.223573684692383,33.01573944091797,60.68946075439453,0.0,0.0,26,22,60.68946075439453
70,30,827691,1082817,20,15,28.223573684692383,33.90599822998047,60.68946075439453,0.0,0.0,26,22,61.62413787841797
70,30,827087,1082405,20,15,28.21377182006836,33.90599822998047,61.62413787841797,0.0,0.0,26,22,62.47074508666992
70,30,826409,1083358,20,15,28.015029907226562,32.49396514892578,62.47074508666992,0.0,0.0,26,22,61.561317443847656
70,30,828031,1084762,20,15,27.940345764160156,32.491580963134766,61.561317443847656,0.0,0.0,26,22,60.744205474853516
70,30,829616,1086572,20,15,27.745838165283203,32.957489013671875,60.744205474853516,0.0,0.0,26,22,61.67313003540039
70,30,829013,1086123,20,15,27.799129486083984,33.36973571777344,61.67313003540039,0.0,0.0,26,22,62.50969314575195
70,30,828410,1085675,20,15,27.837446212768555,33.36973571777344,62.50969314575195,0.0,0.0,26,22,63.26753616333008
70,30,828842,1084994,20,15,28.59882354736328,33.35830307006836,63.26753616333008,0.0,0.0,26,22,63.94962692260742
70,30,828241,1084624,20,15,28.96319580078125,33.35830307006836,63.94962692260742,0.0,0.0,26,21,64.56353759765625
70,30,827641,1084963,20,15,28.978967666625977,33.35830307006836,64.56353759765625,0.0,0.0,26,21,65.61339569091797
70,30,828147,1087458,20,15,28.531343460083008,33.35830307006836,65.61339569091797,0.0,0.0,26,22,66.4662857055664
70,30,830864,1090679,20,15,28.148893356323242,33.74062728881836,66.4662857055664,0.0,0.0,26,22,66.46867370605469
70,30,831333,1090432,20,15,28.194921493530273,34.43162536621094,66.46867370605469,0.0,0.0,26,22,66.4710693359375
70,30,831835,1089655,20,15,28.84261703491211,34.763099670410156,66.4710693359375,0.0,0.0,26,21,66.4710693359375
70,30,831235,1088868,20,15,28.84261703491211,34.763099670410156,66.4710693359375,0.0,0.0,26,21,66.83349609375
70,30,830635,1089214,20,15,29.010868072509766,34.995052337646484,66.83349609375,0.0,0.0,26,21,67.71501159667969
70,30,831062,1090785,20,15,28.945613861083984,34.995052337646484,67.71501159667969,0.0,0.0,26,21,67.9548110961914
70,30,831638,1091184,20,15,29.130464553833008,35.14677429199219,67.9548110961914,0.0,0.0,26,21,68.16802978515625
70,30,833137,1091360,20,15,29.018428802490234,35.390777587890625,68.16802978515625,0.0,0.0,26,22,68.53265380859375
70,30,832463,1090930,20,15,29.328807830810547,35.390777587890625,68.53265380859375,0.0,0.0,26,22,67.19156646728516
70,30,832962,1090414,20,15,29.649757385253906,34.00542068481445,67.19156646728516,0.0,0.0,26,21,64.89537048339844
70,30,832364,1090268,20,15,30.08099937438965,34.00542068481445,64.89537048339844,0.0,0.0,26,21,62.639739990234375
70,30,832788,1092247,20,15,29.88019371032715,32.40680694580078,62.639739990234375,0.0,0.0,26,22,59.5095100402832
70,30,834347,1093676,20,15,29.820878982543945,32.40680694580078,59.5095100402832,0.0,0.0,26,22,60.567745208740234
70,30,834844,1094208,20,15,29.56722640991211,32.93444061279297,60.567745208740234,0.0,0.0,26,22,60.573204040527344
70,30,835265,1094282,20,15,29.40838623046875,33.37010955810547,60.573204040527344,0.0,0.0,26,22,61.52077865600586
70,30,834667,1093580,20,15,29.5726261138916,33.37010955810547,61.52077865600586,0.0,0.0,26,22,62.37384796142578
70,30,834070,1092878,20,15,29.757102966308594,33.87937545776367,62.37384796142578,0.0,0.0,26,22,63.14546203613281
70,30,834491,1092964,20,15,29.922975540161133,33.88862991333008,63.14546203613281,0.0,0.0,26,22,63.14890670776367
70,30,833894,1092719,20,15,29.896791458129883,32.20344924926758,63.14890670776367,0.0,0.0,26,22,60.686798095703125
70,30,834315,1094145,20,15,29.45453643798828,32.20344924926758,60.686798095703125,0.0,0.0,26,22,60.696895599365234
70,30,834809,1094107,20,15,29.636951446533203,32.20344924926758,60.696895599365234,0.0,0.0,26,22,60.07862854003906
70,30,835302,1093714,20,15,29.87236976623535,31.141109466552734,60.07862854003906,0.0,0.0,26,22,59.52219009399414
70,30,834707,1093500,20,15,30.0113582611084,31.141109466552734,59.52219009399414,0.0,0.0,26,22,58.9249382019043
70,30,835126,1094774,20,15,29.8553524017334,30.037752151489258,58.9249382019043,0.0,0.0,26,22,57.88025665283203
70,30,835618,1095795,20,15,29.84145736694336,30.037752151489258,57.88025665283203,0.0,0.0,26,22,59.095458984375
70,30,837194,1095440,20,15,29.778446197509766,30.69906997680664,59.095458984375,0.0,0.0,26,22,59.10186767578125
70,30,836600,1095372,20,15,29.62398338317871,31.428640365600586,59.10186767578125,0.0,0.0,26,22,59.1082878112793
70,30,837015,1095206,20,15,29.51436996459961,32.0256462097168,59.1082878112793,0.0,0.0,26,22,58.33103942871094
70,30,836348,1094534,20,15,30.19599723815918,30.649858474731445,58.33103942871094,0.0,0.0,26,21,57.6387939453125
70,30,835755,1094320,20,15,30.684999465942383,30.649858474731445,57.6387939453125,0.0,0.0,26,20,57.0019416809082
70,30,835237,1094587,20,15,30.49738883972168,30.649858474731445,57.0019416809082,0.0,0.0,26,20,55.93360137939453
70,30,835653,1097207,20,15,29.80683135986328,30.649858474731445,55.93360137939453,0.0,0.0,26,21,55.474884033203125
70,30,838301,1097837,20,15,29.548749923706055,31.297792434692383,55.474884033203125,0.0,0.0,26,21,55.483394622802734
70,30,838713,1097154,20,15,29.695741653442383,31.884389877319336,55.483394622802734,0.0,0.0,26,21,55.3234977722168
70,30,838121,1096744,20,15,30.18680763244629,31.884389877319336,55.3234977722168,0.0,0.0,26,21,55.179588317871094
70,30,837456,1097169,20,15,30.01761817932129,32.45810317993164,55.179588317871094,0.0,0.0,26,21,58.006744384765625
70,30,838016,1098137,20,15,30.006454467773438,32.45810317993164,58.006744384765625,0.0,0.0,26,21,59.21537780761719
70,30,839478,1099007,20,15,29.62151336669922,32.98202896118164,59.21537780761719,0.0,0.0,26,21,59.21537780761719
70,30,838813,1098137,20,15,29.62151336669922,33.416202545166016,59.21537780761719,0.0,0.0,26,21,60.2979850769043
70,30,838149,1097632,20,15,29.67742156982422,33.416202545166016,60.2979850769043,0.0,0.0,26,21,61.27751922607422
70,30,837560,1098636,20,15,29.2987060546875,32.189903259277344,61.27751922607422,0.0,0.0,26,22,60.68528747558594
70,30,839190,1100075,20,15,28.983787536621094,32.189903259277344,60.68528747558594,0.0,0.0,26,22,60.15345001220703
70,30,840637,1101714,20,15,28.511844635009766,33.12598419189453,60.15345001220703,0.0,0.0,26,22,61.142799377441406
70,30,840048,1101271,20,15,28.59225845336914,33.12598419189453,61.142799377441406,0.0,0.0,26,22,62.033748626708984
70,30,840529,1100828,20,15,28.612802505493164,33.09018325805664,62.033748626708984,0.0,0.0,26,22,62.84072494506836
70,30,839867,1100159,20,15,29.1826114654541,33.09018325805664,62.84072494506836,0.0,0.0,26,21,64.21695709228516
70,30,839279,1099944,20,15,29.69186782836914,33.09018325805664,64.21695709228516,0.0,0.0,26,21,65.33556365966797
70,30,839760,1102342,20,15,29.066341400146484,33.09018325805664,65.33556365966797,0.0,0.0,26,21,66.2417221069336
70,30,842301,1105073,20,15,28.50766944885254,33.532474517822266,66.2417221069336,0.0,0.0,26,22,66.24423217773438
70,30,841713,1104453,20,15,28.76109504699707,33.532474517822266,66.24423217773438,0.0,0.0,26,21,66.24639892578125
70,30,842191,1103833,20,15,29.068342208862305,34.37331771850586,66.24639892578125,0.0,0.0,26,21,66.63157653808594
70,30,841604,1104005,20,15,29.426578521728516,34.37331771850586,66.63157653808594,0.0,0.0,26,21,66.9763412475586
70,30,842008,1104070,20,15,29.304180145263672,34.69828796386719,66.9763412475586,0.0,0.0,26,21,67.28888702392578
70,30,841422,1103379,20,15,29.970600128173828,34.69828796386719,67.28888702392578,0.0,0.0,26,20,67.57020568847656
70,30,840837,1102881,20,15,30.33743667602539,34.69828796386719,67.57020568847656,0.0,0.0,26,20,68.0495376586914
70,30,841314,1102738,20,15,30.560739517211914,34.742069244384766,68.0495376586914,0.0,0.0,26,19,68.43917083740234
70,30,840656,1104252,20,15,30.218395233154297,34.742069244384766,68.43917083740234,0.0,0.0,26,20,66.77082061767578
70,30,842159,1106737,20,15,29.425535202026367,32.96486282348633,66.77082061767578,0.0,0.0,26,21,66.77284240722656
70,30,843694,1106829,20,15,29.219532012939453,33.443233489990234,66.77284240722656,0.0,0.0,26,21,67.10476684570312
70,30,843109,1106212,20,15,29.349750518798828,33.86779022216797,67.10476684570312,0.0,0.0,26,21,67.40352630615234
70,30,843583,1105596,20,15,29.470335006713867,33.88992691040039,67.40352630615234,0.0,0.0,26,21,67.91564178466797
70,30,842999,1105756,20,15,29.64772605895996,33.88992691040039,67.91564178466797,0.0,0.0,26,21,68.33135223388672
70,30,843399,1106357,20,15,29.835107803344727,33.88992691040039,68.33135223388672,0.0,0.0,26,20,68.66814422607422
70,30,843872,1107760,20,15,29.57066535949707,33.88992691040039,68.66814422607422,0.0,0.0,26,21,68.66873168945312
70,30,845398,1107917,20,15,29.427648544311523,34.635704040527344,68.66873168945312,0.0,0.0,26,21,68.81126403808594
70,30,845869,1107337,20,15,29.478641510009766,34.91811752319336,68.81126403808594,0.0,0.0,26,21,68.93941497802734
70,30,845285,1106584,20,15,29.857688903808594,34.91811752319336,68.93941497802734,0.0,0.0,26,20,69.05426788330078
70,30,844630,1106807,20,15,29.617502212524414,34.91811752319336,69.05426788330078,0.0,0.0,26,21,69.15725708007812
70,30,845100,1107469,20,15,29.759794235229492,34.91811752319336,69.15725708007812,0.0,0.0,26,21,69.33419036865234
70,30,845642,1108760,20,15,29.577756881713867,35.1619987487793,69.33419036865234,0.0,0.0,26,21,69.33586883544922
70,30,846038,1108821,20,15,29.41895866394043,35.39860916137695,69.33586883544922,0.0,0.0,26,21,69.33743286132812
70,30,846506,1108910,20,15,29.292091369628906,35.64101028442383,69.33743286132812,0.0,0.0,26,21,69.33888244628906
70,30,845925,1108159,20,15,29.754657745361328,35.64101028442383,69.33888244628906,0.0,0.0,26,20,69.41560363769531
70,30,845272,1108379,20,15,29.82957649230957,35.64101028442383,69.41560363769531,0.0,0.0,26,21,69.5457534790039
70,30,845739,1109038,20,15,29.79837417602539,33.19266128540039,69.5457534790039,0.0,0.0,26,21,64.44237518310547
70,30,846279,1110323,20,15,29.68896484375,33.19266128540039,64.44237518310547,0.0,0.0,26,21,64.48876190185547
70,30,846640,1110381,20,15,29.50804901123047,33.38329315185547,64.48876190185547,0.0,0.0,26,21,64.53073120117188
70,30,847105,1110134,20,15,29.43016242980957,33.79860305786133,64.53073120117188,0.0,0.0,26,21,64.56871795654297
70,30,846526,1109385,20,15,29.819137573242188,33.79860305786133,64.56871795654297,0.0,0.0,26,21,65.12155151367188
70,30,845947,1109698,20,15,29.69717788696289,34.116214752197266,65.12155151367188,0.0,0.0,26,21,66.03900146484375
70,30,846340,1110259,20,15,29.728792190551758,34.116214752197266,66.03900146484375,0.0,0.0,26,21,66.81021118164062
70,30,846805,1111442,20,15,29.496700286865234,34.248165130615234,66.81021118164062,0.0,0.0,26,21,67.11750793457031
70,30,847269,1111595,20,15,29.29433250427246,34.38693618774414,67.11750793457031,0.0,0.0,26,22,67.3941879272461
70,30,847660,1111336,20,15,29.232946395874023,34.52974319458008,67.3941879272461,0.0,0.0,26,22,67.64332580566406
70,30,847083,1110589,20,15,29.820764541625977,34.72561264038086,67.64332580566406,0.0,0.0,26,21,67.88994598388672
70,30,846506,1110901,20,15,29.865873336791992,34.72561264038086,67.88994598388672,0.0,0.0,26,21,68.12989807128906
70,30,846969,1111553,20,15,29.87143325805664,32.7150764465332,68.12989807128906,0.0,0.0,26,21,64.27508544921875
70,30,847399,1112730,20,15,29.734819412231445,32.7150764465332,64.27508544921875,0.0,0.0,26,21,64.87081909179688
70,30,847860,1112811,20,15,29.95223617553711,33.08075714111328,64.87081909179688,0.0,0.0,26,21,64.8829345703125
70,30,848249,1112469,20,15,29.845752716064453,33.543670654296875,64.8829345703125,0.0,0.0,26,21,62.25132751464844
70,30,847674,1112065,20,15,29.821794509887695,33.543670654296875,62.25132751464844,0.0,0.0,26,21,62.263671875
70,30,847099,1111989,20,15,29.73731231689453,33.812801361083984,62.263671875,0.0,0.0,26,21,63.04756546020508
70,30,847560,1112070,20,15,29.87545394897461,33.812801361083984,63.04756546020508,0.0,0.0,26,22,63.762332916259766
70,30,846986,1112501,20,15,29.912443161010742,33.812801361083984,63.762332916259766,0.0,0.0,26,22,60.674068450927734
70,30,848375,1113455,20,15,29.771076202392578,31.945600509643555,60.674068450927734,0.0,0.0,26,22,58.18083572387695
70,30,848834,1115190,20,15,29.591711044311523,31.945600509643555,58.18083572387695,0.0,0.0,26,22,57.114253997802734
70,30,850323,1115779,20,15,29.27739715576172,32.53662872314453,57.114253997802734,0.0,0.0,26,22,58.40586853027344
70,30,849749,1115375,20,15,29.2812557220459,32.53662872314453,58.40586853027344,0.0,0.0,26,22,59.57652282714844
70,30,849105,1116233,20,15,28.993852615356445,30.697734832763672,59.57652282714844,0.0,0.0,26,22,58.322147369384766
70,30,850591,1117510,20,15,28.770645141601562,30.828842163085938,58.322147369384766,0.0,0.0,26,22,58.32914733886719
70,30,852043,1117656,20,15,28.656396865844727,31.970985412597656,58.32914733886719,0.0,0.0,26,22,58.33586883544922
70,30,851541,1117008,20,15,29.076519012451172,32.46085739135742,58.33586883544922,0.0,0.0,26,22,60.56120300292969
70,30,850896,1117215,20,15,28.990562438964844,32.46085739135742,60.56120300292969,0.0,0.0,26,22,62.37495422363281
70,30,851423,1117955,20,15,29.163997650146484,32.46085739135742,62.37495422363281,0.0,0.0,26,22,59.52846908569336
70,30,851877,1119121,20,15,29.023101806640625,30.822607040405273,59.52846908569336,0.0,0.0,26,22,57.21104049682617
70,30,852226,1118780,20,15,29.298583984375,31.440303802490234,57.21104049682617,0.0,0.0,26,22,58.50650405883789
70,30,851654,1119095,20,15,29.246164321899414,31.440303802490234,58.50650405883789,0.0,0.0,26,22,58.511680603027344
70,30,852107,1118929,20,15,29.153478622436523,31.961576461791992,58.511680603027344,0.0,0.0,26,22,59.66779327392578
70,30,851536,1118595,20,15,29.20954704284668,32.42985534667969,59.66779327392578,0.0,0.0,26,22,60.70825958251953
70,30,851988,1118262,20,15,29.18430519104004,32.56597137451172,60.70825958251953,0.0,0.0,26,22,62.49225997924805
70,30,851418,1118071,20,15,30.059186935424805,32.56597137451172,62.49225997924805,0.0,0.0,26,21,63.94108581542969
70,30,851870,1118403,20,15,30.543651580810547,32.56597137451172,63.94108581542969,0.0,0.0,26,20,65.11473083496094
70,30,852250,1119325,20,15,30.38619613647461,32.56597137451172,65.11473083496094,0.0,0.0,26,21,65.6195068359375
70,30,852701,1120138,20,15,30.464643478393555,30.787424087524414,65.6195068359375,0.0,0.0,26,21,63.330039978027344
70,30,854138,1120593,20,15,30.568838119506836,31.33291244506836,63.330039978027344,0.0,0.0,26,21,63.330039978027344
70,30,853568,1119845,20,15,30.568838119506836,31.33291244506836,63.330039978027344,0.0,0.0,26,21,63.330039978027344
70,30,852928,1119006,20,15,30.568838119506836,31.858083724975586,63.330039978027344,0.0,0.0,26,21,64.00607299804688
70,30,852360,1118605,20,15,30.499248504638672,31.858083724975586,64.00607299804688,0.0,0.0,26,21,64.6183853149414
70,30,851793,1120526,20,15,29.895666122436523,30.224533081054688,64.6183853149414,0.0,0.0,26,21,61.47980499267578
70,30,854273,1122981,20,15,29.204675674438477,30.224533081054688,61.47980499267578,0.0,0.0,26,22,60.14539337158203
70,30,855703,1124833,20,15,28.767396926879883,30.832029342651367,60.14539337158203,0.0,0.0,26,22,61.139034271240234
70,30,855064,1124067,20,15,29.18609046936035,31.399566650390625,61.139034271240234,0.0,0.0,26,22,62.033653259277344
70,30,855510,1123396,20,15,29.463336944580078,31.432138442993164,62.033653259277344,0.0,0.0,26,22,62.8421630859375
70,30,854942,1122840,20,15,30.082839965820312,31.432138442993164,62.8421630859375,0.0,0.0,26,21,64.22232055664062
70,30,854305,1122527,20,15,30.58483123779297,31.432138442993164,64.22232055664062,0.0,0.0,26,20,65.34281158447266
70,30,853739,1124779,20,15,29.889968872070312,31.432138442993164,65.34281158447266,0.0,0.0,26,21,65.83960723876953
70,30,856206,1127378,20,15,29.433048248291016,31.432138442993164,65.83960723876953,0.0,0.0,26,21,66.65457916259766
70,30,857628,1128666,20,15,29.015663146972656,31.98929214477539,66.65457916259766,0.0,0.0,26,21,66.65457916259766
70,30,856990,1127827,20,15,29.015663146972656,32.59395980834961,66.65457916259766,0.0,0.0,26,21,66.65623474121094
70,30,856424,1127424,20,15,29.113908767700195,32.59395980834961,66.65623474121094,0.0,0.0,26,21,67.00394439697266
70,30,855788,1128254,20,15,28.800857543945312,31.041685104370117,67.00394439697266,0.0,0.0,26,22,66.0768051147461
70,30,857238,1129495,20,15,28.53662109375,31.041685104370117,66.0768051147461,0.0,0.0,26,22,65.19070434570312
70,30,858654,1131106,20,15,28.150226593017578,31.26289939880371,65.19070434570312,0.0,0.0,26,22,65.47918701171875
70,30,858018,1130577,20,15,28.273212432861328,31.985225677490234,65.47918701171875,0.0,0.0,26,22,65.73902893066406
70,30,858427,1130141,20,15,28.38942527770996,32.12883758544922,65.73902893066406,0.0,0.0,26,22,66.17874145507812
70,30,857792,1129492,20,15,28.885272979736328,32.12883758544922,66.17874145507812,0.0,0.0,26,21,66.76398468017578
70,30,857228,1129270,20,15,29.48322296142578,32.12883758544922,66.76398468017578,0.0,0.0,26,21,67.40478515625
70,30,857668,1131504,20,15,28.91411590576172,32.12883758544922,67.40478515625,0.0,0.0,26,21,67.80026245117188
70,30,858178,1133420,20,15,28.493310928344727,32.555599212646484,67.80026245117188,0.0,0.0,26,22,67.92461395263672
70,30,859618,1133489,20,15,28.36944580078125,32.656558990478516,67.92461395263672,0.0,0.0,26,22,68.03433227539062
70,30,858984,1132830,20,15,28.612682342529297,32.81418228149414,68.03433227539062,0.0,0.0,26,21,68.13317108154297
70,30,859422,1132264,20,15,28.78826141357422,32.929656982421875,68.13317108154297,0.0,0.0,26,21,68.33391571044922
70,30,858859,1132406,20,15,29.20931625366211,33.08282470703125,68.33391571044922,0.0,0.0,26,21,68.4333724975586
70,30,859226,1132446,20,15,29.095033645629883,33.687843322753906,68.4333724975586,0.0,0.0,26,21,68.6017837524414
70,30,858664,1131779,20,15,29.809885025024414,33.687843322753906,68.6017837524414,0.0,0.0,26,20,68.75337219238281
70,30,859101,1131293,20,15,30.27288246154785,33.844932556152344,68.75337219238281,0.0,0.0,26,20,68.89125061035156
70,30,858540,1130908,20,15,30.486188888549805,33.844932556152344,68.89125061035156,0.0,0.0,26,20,69.06714630126953
70,30,857910,1130759,20,15,30.647409439086914,32.42637634277344,69.06714630126953,0.0,0.0,26,20,66.0774917602539
70,30,858416,1132729,20,15,30.057254791259766,32.42637634277344,66.0774917602539,0.0,0.0,26,21,63.65583801269531
70,30,860811,1134617,20,15,29.61954689025879,32.744239807128906,63.65583801269531,0.0,0.0,26,21,63.68961715698242
70,30,860250,1134053,20,15,29.744022369384766,32.96197509765625,63.68961715698242,0.0,0.0,26,21,63.720359802246094
70,30,860684,1133490,20,15,29.838895797729492,33.16781234741211,63.720359802246094,0.0,0.0,26,21,64.3616943359375
70,30,860054,1133539,20,15,30.21685218811035,33.418548583984375,64.3616943359375,0.0,0.0,26,20,64.93820190429688
70,30,860488,1134005,20,15,29.981176376342773,33.59804153442383,64.93820190429688,0.0,0.0,26,21,65.90386199951172
70,30,860851,1134709,20,15,29.815141677856445,33.59804153442383,65.90386199951172,0.0,0.0,26,21,64.81558990478516
70,30,862274,1134839,20,15,29.72478675842285,32.65096664428711,64.81558990478516,0.0,0.0,26,21,63.83489227294922
70,30,861715,1134113,20,15,30.11012840270996,32.65096664428711,63.83489227294922,0.0,0.0,26,20,64.46449279785156
70,30,861087,1134336,20,15,29.869556427001953,32.96728515625,64.46449279785156,0.0,0.0,26,20,65.04846954345703
70,30,861518,1134941,20,15,29.66805648803711,32.96728515625,65.04846954345703,0.0,0.0,26,21,66.01424407958984
70,30,861949,1136051,20,15,29.61515998840332,32.96728515625,66.01424407958984,0.0,0.0,26,21,66.02709197998047
70,30,862379,1135765,20,15,29.478160858154297,33.262290954589844,66.02709197998047,0.0,0.0,26,21,66.45890808105469
70,30,861752,1136382,20,15,29.281190872192383,33.262290954589844,66.45890808105469,0.0,0.0,26,21,66.45890808105469
70,30,862182,1135647,20,15,29.281190872192383,33.83148956298828,66.45890808105469,0.0,0.0,26,21,66.81830596923828
70,30,861625,1135477,20,15,29.18151092529297,33.83148956298828,66.81830596923828,0.0,0.0,26,21,67.1419448852539
70,30,862054,1135306,20,15,29.10313606262207,32.61833572387695,67.1419448852539,0.0,0.0,26,21,64.85591888427734
70,30,861429,1134667,20,15,29.99443244934082,32.61833572387695,64.85591888427734,0.0,0.0,26,20,63.88559341430664
70,30,860874,1134445,20,15,30.076475143432617,32.61833572387695,63.88559341430664,0.0,0.0,26,20,62.23533630371094
70,30,861234,1137022,20,15,29.331274032592773,32.61833572387695,62.23533630371094,0.0,0.0,26,21,60.882301330566406
70,30,863696,1138557,20,15,28.889909744262695,32.7072868347168,60.882301330566406,0.0,0.0,26,21,60.30027770996094
70,30,864054,1137806,20,15,29.102863311767578,33.21149826049805,60.30027770996094,0.0,0.0,26,21,62.153968811035156
70,30,863498,1137407,20,15,29.388948440551758,33.21149826049805,62.153968811035156,0.0,0.0,26,21,62.95742416381836
70,30,862875,1137749,20,15,29.411794662475586,31.973363876342773,62.95742416381836,0.0,0.0,26,21,61.42500305175781
70,30,863270,1138679,20,15,29.3131103515625,32.135684967041016,61.42500305175781,0.0,0.0,26,21,60.77876281738281
70,30,864644,1139782,20,15,29.03177261352539,32.560420989990234,60.77876281738281,0.0,0.0,26,21,61.70841979980469
70,30,864090,1139449,20,15,28.98210906982422,33.00935363769531,61.70841979980469,0.0,0.0,26,22,62.54555892944336
70,30,864445,1139026,20,15,28.96570587158203,33.036746978759766,62.54555892944336,0.0,0.0,26,22,63.30559158325195
70,30,863892,1138864,20,15,29.249534606933594,33.530677795410156,63.30559158325195,0.0,0.0,26,21,63.989933013916016
70,30,864316,1139006,20,15,29.232011795043945,33.530677795410156,63.989933013916016,0.0,0.0,26,21,64.6104507446289
70,30,863764,1139467,20,15,29.390823364257812,33.530677795410156,64.6104507446289,0.0,0.0,26,21,64.6148681640625
70,30,865132,1139469,20,15,29.24783706665039,32.66362380981445,64.6148681640625,0.0,0.0,26,21,65.16790771484375
70,30,864511,1138997,20,15,29.438554763793945,32.66362380981445,65.16790771484375,0.0,0.0,26,21,65.66902923583984
70,30,864933,1138936,20,15,29.771663665771484,32.66362380981445,65.66902923583984,0.0,0.0,26,22,66.51961517333984
70,30,865355,1139900,20,15,29.68983268737793,32.66362380981445,66.51961517333984,0.0,0.0,26,22,66.88226318359375
70,30,865708,1140121,20,15,29.64449119567871,32.79433059692383,66.88226318359375,0.0,0.0,26,22,67.2064437866211
70,30,866129,1139908,20,15,29.50617218017578,33.3049430847168,67.2064437866211,0.0,0.0,26,22,67.4993896484375
70,30,865578,1139669,20,15,29.7614803314209,33.3049430847168,67.4993896484375,0.0,0.0,26,21,67.50044250488281
70,30,865999,1139421,20,15,29.727306365966797,33.959938049316406,67.50044250488281,0.0,0.0,26,21,67.763427734375
70,30,865380,1139092,20,15,30.1827392578125,33.959938049316406,67.763427734375,0.0,0.0,26,21,68.00013732910156
70,30,865800,1139151,20,15,30.24998664855957,32.586387634277344,68.00013732910156,0.0,0.0,26,21,65.44843292236328
70,30,865250,1139538,20,15,30.210947036743164,32.586387634277344,65.44843292236328,0.0,0.0,26,21,64.3582534790039
70,30,865670,1139449,20,15,30.08696174621582,32.63822555541992,64.3582534790039,0.0,0.0,26,21,63.08733367919922
70,30,866020,1138816,20,15,30.60207748413086,31.226762771606445,63.08733367919922,0.0,0.0,26,21,60.90964889526367
70,30,865403,1138507,20,15,30.868589401245117,31.226762771606445,60.90964889526367,0.0,0.0,26,20,59.148380279541016
70,30,865822,1140282,20,15,30.154775619506836,31.226762771606445,59.148380279541016,0.0,0.0,26,21,57.72174835205078
70,30,867206,1142544,20,15,29.341875076293945,31.226762771606445,57.72174835205078,0.0,0.0,26,21,57.10720443725586
70,30,867623,1141893,20,15,29.545026779174805,31.303010940551758,57.10720443725586,0.0,0.0,26,21,58.40374755859375
70,30,868040,1141181,20,15,29.866992950439453,31.842256546020508,58.40374755859375,0.0,0.0,26,21,59.57681655883789
70,30,867423,1141358,20,15,29.673507690429688,31.842256546020508,59.57681655883789,0.0,0.0,26,21,60.637596130371094
70,30,866876,1141832,20,15,29.647750854492188,30.67501449584961,60.637596130371094,0.0,0.0,26,21,59.43559265136719
70,30,867262,1142494,20,15,29.58330535888672,30.67501449584961,59.43559265136719,0.0,0.0,26,21,58.92317199707031
70,30,868609,1143104,20,15,29.267520904541016,31.302654266357422,58.92317199707031,0.0,0.0,26,21,60.0400276184082
70,30,868062,1142775,20,15,29.233627319335938,31.827518463134766,60.0400276184082,0.0,0.0,26,22,61.045711517333984
70,30,868477,1142447,20,15,29.19349479675293,31.86452865600586,61.045711517333984,0.0,0.0,26,22,61.955230712890625
70,30,867931,1141907,20,15,29.605880737304688,30.80222511291504,61.955230712890625,0.0,0.0,26,21,60.64790344238281
70,30,867386,1141687,20,15,29.945714950561523,30.80222511291504,60.64790344238281,0.0,0.0,26,20,59.592193603515625
70,30,867732,1143349,20,15,29.649744033813477,29.399877548217773,59.592193603515625,0.0,0.0,26,21,57.97888946533203
70,30,869074,1145747,20,15,29.263769149780273,29.523706436157227,57.97888946533203,0.0,0.0,26,21,57.98516082763672
70,30,870444,1145498,20,15,29.222309112548828,30.991498947143555,57.98516082763672,0.0,0.0,26,21,57.98516082763672
70,30,869830,1144691,20,15,29.222309112548828,31.603153228759766,57.98516082763672,0.0,0.0,26,21,59.1949348449707
70,30,869285,1144298,20,15,29.160789489746094,31.603153228759766,59.1949348449707,0.0,0.0,26,21,60.28939437866211
70,30,868673,1145073,20,15,28.837350845336914,30.68294906616211,60.28939437866211,0.0,0.0,26,21,59.75236511230469
70,30,870108,1146330,20,15,28.666818618774414,30.68294906616211,59.75236511230469,0.0,0.0,26,21,59.26993942260742
70,30,871376,1147757,20,15,28.366792678833008,31.393707275390625,59.26993942260742,0.0,0.0,26,22,60.352264404296875
70,30,870831,1147333,20,15,28.37676239013672,32.03307342529297,60.352264404296875,0.0,0.0,26,22,61.32685089111328
70,30,871173,1146820,20,15,28.411575317382812,32.071006774902344,61.32685089111328,0.0,0.0,26,22,62.20827865600586
70,30,870629,1146282,20,15,28.891845703125,32.071006774902344,62.20827865600586,0.0,0.0,26,21,63.71242904663086
70,30,870086,1146061,20,15,29.34166717529297,32.071006774902344,63.71242904663086,0.0,0.0,26,21,64.35816192626953
70,30,870496,1147783,20,15,28.867536544799805,32.071006774902344,64.35816192626953,0.0,0.0,26,21,65.45706176757812
70,30,870905,1149889,20,15,28.40369987487793,32.071006774902344,65.45706176757812,0.0,0.0,26,21,65.92346954345703
70,30,872263,1149944,20,15,28.247926712036133,32.62628936767578,65.92346954345703,0.0,0.0,26,22,65.92554473876953
70,30,871721,1149364,20,15,28.560977935791016,33.16682052612305,65.92554473876953,0.0,0.0,26,21,65.92792510986328
70,30,872128,1148785,20,15,28.82379722595215,33.56256866455078,65.92792510986328,0.0,0.0,26,21,66.35001373291016
70,30,871586,1148910,20,15,29.147205352783203,33.56256866455078,66.35001373291016,0.0,0.0,26,21,64.84298706054688
70,30,871993,1149346,20,15,29.039016723632812,32.01536178588867,64.84298706054688,0.0,0.0,26,21,62.261940002441406
70,30,872400,1150108,20,15,28.98490333557129,32.01536178588867,62.261940002441406,0.0,0.0,26,21,60.168113708496094
70,30,873685,1150338,20,15,29.304729461669922,32.013057708740234,60.168113708496094,0.0,0.0,26,21,58.47500228881836
70,30,874090,1150996,20,15,29.71086311340332,32.54545974731445,58.47500228881836,0.0,0.0,26,21,58.47500228881836
70,30,874494,1150283,20,15,29.71086311340332,33.41147232055664,58.47500228881836,0.0,0.0,26,21,59.63631057739258
70,30,873885,1149802,20,15,29.683334350585938,33.41147232055664,59.63631057739258,0.0,0.0,26,21,59.641204833984375
70,30,873345,1149917,20,15,29.472097396850586,33.41147232055664,59.641204833984375,0.0,0.0,26,21,60.69047546386719
70,30,872805,1150767,20,15,29.142610549926758,31.87375831604004,60.69047546386719,0.0,0.0,26,22,59.78657150268555
70,30,874152,1151916,20,15,28.882579803466797,31.87375831604004,59.78657150268555,0.0,0.0,26,22,58.96934127807617
70,30,875400,1152498,20,15,28.646059036254883,32.8912467956543,58.96934127807617,0.0,0.0,26,22,60.08198547363281
70,30,874860,1152076,20,15,28.709814071655273,32.8912467956543,60.08198547363281,0.0,0.0,26,22,61.083858489990234
70,30,875263,1151655,20,15,28.77665901184082,32.90435028076172,61.083858489990234,0.0,0.0,26,22,62.80244827270508
70,30,874723,1151550,20,15,29.288537979125977,32.90435028076172,62.80244827270508,0.0,0.0,26,21,64.19863891601562
70,30,875058,1151823,20,15,29.636075973510742,32.90435028076172,64.19863891601562,0.0,0.0,26,21,65.80931091308594
70,30,875459,1152818,20,15,29.79877281188965,32.90435028076172,65.80931091308594,0.0,0.0,26,21,66.98420715332031
70,30,876798,1154384,20,15,29.48417091369629,33.29742431640625,66.98420715332031,0.0,0.0,26,21,67.3011703491211
70,30,876259,1154278,20,15,29.59735107421875,33.29742431640625,67.3011703491211,0.0,0.0,26,21,67.58492279052734
70,30,876659,1154029,20,15,29.465925216674805,33.66659927368164,67.58492279052734,0.0,0.0,26,21,67.84171295166016
70,30,876054,1153682,20,15,29.685815811157227,33.66659927368164,67.84171295166016,0.0,0.0,26,21,68.0728530883789
70,30,876453,1153570,20,15,29.71097755432129,34.05066680908203,68.0728530883789,0.0,0.0,26,21,68.2807846069336
70,30,875849,1153106,20,15,29.969589233398438,34.05066680908203,68.2807846069336,0.0,0.0,26,21,68.4688949584961
70,30,876248,1153039,20,15,30.251848220825195,32.42710494995117,68.4688949584961,0.0,0.0,26,21,65.15632629394531
70,30,875644,1154346,20,15,29.963790893554688,32.42710494995117,65.15632629394531,0.0,0.0,26,22,63.74714279174805
70,30,876977,1155394,20,15,29.674558639526367,32.91710662841797,63.74714279174805,0.0,0.0,26,22,64.38420104980469
70,30,877374,1154746,20,15,29.91178321838379,33.391334533691406,64.38420104980469,0.0,0.0,26,22,65.47703552246094
70,30,876838,1155003,20,15,29.73233413696289,33.391334533691406,65.47703552246094,0.0,0.0,26,22,66.3648910522461
70,30,877168,1155480,20,15,29.74414825439453,33.4078483581543,66.3648910522461,0.0,0.0,26,22,66.741455078125
70,30,877565,1155267,20,15,29.604984283447266,33.860862731933594,66.741455078125,0.0,0.0,26,22,67.08155059814453
70,30,876963,1154941,20,15,29.812084197998047,34.27707290649414,67.08155059814453,0.0,0.0,26,21,67.38785552978516
70,30,877359,1154988,20,15,29.772428512573242,34.27707290649414,67.38785552978516,0.0,0.0,26,21,67.66441345214844
70,30,876824,1155349,20,15,29.836904525756836,34.27707290649414,67.66441345214844,0.0,0.0,26,22,67.91314697265625
70,30,878120,1155330,20,15,30.1215763092041,33.40482711791992,67.91314697265625,0.0,0.0,26,22,68.33766174316406
70,30,877520,1155693,20,15,30.399179458618164,33.40482711791992,68.33766174316406,0.0,0.0,26,22,68.68087768554688
70,30,878843,1156477,20,15,30.100568771362305,33.315460205078125,68.68087768554688,0.0,0.0,26,22,68.6820297241211
70,30,879236,1155873,20,15,30.277183532714844,33.71312713623047,68.6820297241211,0.0,0.0,26,21,68.82813262939453
70,30,878636,1155894,20,15,30.1063175201416,33.71312713623047,68.82813262939453,0.0,0.0,26,22,68.95854949951172
70,30,879029,1156002,20,15,29.942548751831055,34.12383270263672,68.95854949951172,0.0,0.0,26,22,69.07653045654297
70,30,878496,1155473,20,15,30.409212112426758,34.12383270263672,69.07653045654297,0.0,0.0,26,21,69.2778549194336
70,30,878823,1155166,20,15,30.645875930786133,34.12383270263672,69.2778549194336,0.0,0.0,26,20,69.36434173583984
70,30,878290,1156537,20,15,30.042133331298828,34.12383270263672,69.36434173583984,0.0,0.0,26,21,69.51116180419922
70,30,879607,1157402,20,15,29.919652938842773,34.114463806152344,69.51116180419922,0.0,0.0,26,21,69.57490539550781
70,30,879999,1156711,20,15,30.213134765625,34.43888473510742,69.57490539550781,0.0,0.0,26,20,69.68525695800781
70,30,879400,1157173,20,15,29.972362518310547,34.43888473510742,69.68525695800781,0.0,0.0,26,21,69.68748474121094
70,30,879763,1157315,20,15,30.026445388793945,33.514957427978516,69.68748474121094,0.0,0.0,26,21,69.68846893310547
70,30,880153,1156962,20,15,30.024188995361328,33.884578704833984,69.68846893310547,0.0,0.0,26,21,69.73542785644531
70,30,879556,1156348,20,15,30.637022018432617,33.91728973388672,69.73542785644531,0.0,0.0,26,20,69.77566528320312
70,30,879026,1156129,20,15,31.311277389526367,33.91728973388672,69.77566528320312,0.0,0.0,26,19,69.81245422363281
70,30,878496,1157041,20,15,30.776620864868164,33.91728973388672,69.81245422363281,0.0,0.0,26,19,68.37598419189453
70,30,879806,1159014,20,15,30.0327205657959,32.65348815917969,68.37598419189453,0.0,0.0,26,20,67.05335998535156
70,30,881048,1159779,20,15,29.585994720458984,33.156646728515625,67.05335998535156,0.0,0.0,26,21,67.05437469482422
70,30,881437,1159212,20,15,29.735633850097656,33.91608428955078,67.05437469482422,0.0,0.0,26,20,67.36348724365234
70,30,880841,1158738,20,15,30.18781852722168,33.91608428955078,67.36348724365234,0.0,0.0,26,20,67.89095306396484
70,30,880312,1159131,20,15,30.147605895996094,33.91608428955078,67.89095306396484,0.0,0.0,26,20,68.50117492675781
70,30,880700,1159995,20,15,30.236270904541016,33.91608428955078,68.50117492675781,0.0,0.0,26,21,68.94567108154297
70,30,881975,1160697,20,15,30.2574462890625,34.25040817260742,68.94567108154297,0.0,0.0,26,21,69.06641387939453
70,30,881380,1160867,20,15,30.104755401611328,34.25040817260742,69.06641387939453,0.0,0.0,26,21,69.0669937133789
70,30,881767,1160693,20,15,29.890275955200195,34.566162109375,69.0669937133789,0.0,0.0,26,21,69.17449188232422
70,30,881173,1160283,20,15,29.925085067749023,34.84124755859375,69.17449188232422,0.0,0.0,26,21,69.27099609375
70,30,881560,1159961,20,15,29.948835372924805,34.8876838684082,69.27099609375,0.0,0.0,26,21,69.35954284667969
70,30,881098,1159883,20,15,30.10032844543457,34.8876838684082,69.35954284667969,0.0,0.0,26,21,67.52664947509766
70,30,881418,1159922,20,15,29.94011688232422,33.07615661621094,67.52664947509766,0.0,0.0,26,21,65.87995147705078
70,30,880892,1160346,20,15,29.84734344482422,33.07615661621094,65.87995147705078,0.0,0.0,26,21,65.88275909423828
70,30,882123,1160014,20,15,29.74505043029785,32.27565002441406,65.88275909423828,0.0,0.0,26,21,64.77936553955078
70,30,881663,1159732,20,15,30.013286590576172,32.27565002441406,64.77936553955078,0.0,0.0,26,21,63.78847885131836
70,30,881982,1159576,20,15,30.288742065429688,32.27565002441406,63.78847885131836,0.0,0.0,26,22,62.08674240112305
70,30,881457,1160684,20,15,30.02655029296875,31.205577850341797,62.08674240112305,0.0,0.0,26,22,61.364776611328125
70,30,882685,1161322,20,15,29.874561309814453,31.783870697021484,61.364776611328125,0.0,0.0,26,22,62.24001693725586
70,30,883134,1161073,20,15,29.87462043762207,32.367408752441406,62.24001693725586,0.0,0.0,26,22,62.2447509765625
70,30,882543,1160890,20,15,29.698396682739258,32.367408752441406,62.2447509765625,0.0,0.0,26,22,62.24937057495117
70,30,882860,1160707,20,15,29.541820526123047,33.37092590332031,62.24937057495117,0.0,0.0,26,22,63.040924072265625
70,30,882336,1160286,20,15,30.010189056396484,33.415748596191406,63.040924072265625,0.0,0.0,26,21,63.75333023071289
70,30,882719,1160014,20,15,30.388172149658203,33.464927673339844,63.75333023071289,0.0,0.0,26,20,64.39456176757812
70,30,882129,1160329,20,15,30.16043472290039,33.464927673339844,64.39456176757812,0.0,0.0,26,21,65.4885025024414
70,30,882577,1161111,20,15,30.024526596069336,33.464927673339844,65.4885025024414,0.0,0.0,26,21,65.95623779296875
70,30,883864,1161806,20,15,29.65773582458496,34.24644470214844,65.95623779296875,0.0,0.0,26,21,66.37357330322266
70,30,883341,1161424,20,15,29.666906356811523,34.25485610961914,66.37357330322266,0.0,0.0,26,21,66.37523651123047
70,30,882752,1161441,20,15,29.406797409057617,34.25485610961914,66.37523651123047,0.0,0.0,26,21,66.7508316040039
70,30,882295,1161544,20,15,29.298133850097656,32.624507904052734,66.7508316040039,0.0,0.0,26,21,65.20199584960938
70,30,883579,1162638,20,15,28.996601104736328,32.624507904052734,65.20199584960938,0.0,0.0,26,22,63.80952835083008
70,30,884964,1164234,20,15,28.560239791870117,33.08766555786133,63.80952835083008,0.0,0.0,26,22,64.44194793701172
70,30,884442,1163823,20,15,28.627796173095703,33.51536560058594,64.44194793701172,0.0,0.0,26,22,65.01139068603516
70,30,884821,1163413,20,15,28.697641372680664,33.53960418701172,65.01139068603516,0.0,0.0,26,22,65.52560424804688
70,30,884234,1162809,20,15,29.110843658447266,33.53960418701172,65.52560424804688,0.0,0.0,26,21,66.40373229980469
70,30,883712,1162590,20,15,29.532419204711914,33.53960418701172,66.40373229980469,0.0,0.0,26,21,66.77983856201172
70,30,884091,1164208,20,15,28.993070602416992,33.53960418701172,66.77983856201172,0.0,0.0,26,21,67.41984558105469
70,30,883636,1165546,20,15,28.71004867553711,33.56070327758789,67.41984558105469,0.0,0.0,26,21,67.43536376953125
70,30,886682,1167333,20,15,28.538082122802734,34.25192642211914,67.43536376953125,0.0,0.0,26,21,67.43622589111328
70,30,886226,1167173,20,15,28.52237892150879,34.55936813354492,67.43622589111328,0.0,0.0,26,21,67.43712615966797
70,30,886603,1166496,20,15,29.19064712524414,34.86326599121094,67.43712615966797,0.0,0.0,26,21,67.43712615966797
70,30,886082,1165810,20,15,29.19064712524414,34.86326599121094,67.43712615966797,0.0,0.0,26,21,67.70940399169922
70,30,885626,1166132,20,15,29.252016067504883,35.067440032958984,67.70940399169922,0.0,0.0,26,21,68.17442321777344
70,30,885938,1166576,20,15,29.322250366210938,35.067440032958984,68.17442321777344,0.0,0.0,26,21,68.55220794677734
70,30,886314,1167560,20,15,29.244251251220703,33.574520111083984,68.55220794677734,0.0,0.0,26,21,67.12655639648438
70,30,887491,1167573,20,15,29.106882095336914,33.89373016357422,67.12655639648438,0.0,0.0,26,21,67.12655639648438
70,30,886906,1166803,20,15,29.106882095336914,33.89373016357422,67.12655639648438,0.0,0.0,26,21,67.42964935302734
70,30,886322,1166338,20,15,29.17613983154297,34.16020584106445,67.42964935302734,0.0,0.0,26,21,67.43075561523438
70,30,885739,1166351,20,15,28.95846939086914,34.16020584106445,67.43075561523438,0.0,0.0,26,22,66.44647979736328
70,30,886877,1169288,20,15,28.215694427490234,32.85744857788086,66.44647979736328,0.0,0.0,26,22,64.2908706665039
70,30,888180,1170778,20,15,27.952878952026367,32.85744857788086,64.2908706665039,0.0,0.0,26,22,64.29342651367188
70,30,888488,1170789,20,15,27.84572982788086,33.82172393798828,64.29342651367188,0.0,0.0,26,22,65.4054183959961
70,30,887905,1170334,20,15,28.104705810546875,33.82172393798828,65.4054183959961,0.0,0.0,26,22,65.88226318359375
70,30,888213,1170012,20,15,28.480670928955078,33.88226318359375,65.88226318359375,0.0,0.0,26,22,67.04170989990234
70,30,887631,1170674,20,15,28.54079818725586,33.88226318359375,67.04170989990234,0.0,0.0,26,21,67.35325622558594
70,30,888828,1170240,20,15,28.520212173461914,33.84465026855469,67.35325622558594,0.0,0.0,26,21,67.63551330566406
70,30,888310,1170149,20,15,28.76779556274414,34.311767578125,67.63551330566406,0.0,0.0,26,21,67.63712310791016
70,30,888617,1170104,20,15,28.681926727294922,34.68767166137695,67.63712310791016,0.0,0.0,26,21,67.89057159423828
70,30,888036,1169460,20,15,29.461917877197266,35.025306701660156,67.89057159423828,0.0,0.0,26,20,68.11868286132812
70,30,888343,1168976,20,15,30.057174682617188,35.03730392456055,68.11868286132812,0.0,0.0,26,19,68.32363891601562
70,30,887763,1169278,20,15,29.81739044189453,35.03730392456055,68.32363891601562,0.0,0.0,26,20,68.50735473632812
70,30,888133,1169374,20,15,29.654823303222656,35.24427795410156,68.50735473632812,0.0,0.0,26,20,68.50811004638672
70,30,887554,1168677,20,15,30.039371490478516,35.49907302856445,68.50811004638672,0.0,0.0,26,20,68.50886535644531
70,30,887860,1167981,20,15,30.34053611755371,35.701019287109375,68.50886535644531,0.0,0.0,26,20,68.67510986328125
70,30,887282,1168002,20,15,30.605064392089844,35.701019287109375,68.67510986328125,0.0,0.0,26,20,68.82290649414062
70,30,887652,1168098,20,15,30.45932960510254,35.869205474853516,68.82290649414062,0.0,0.0,26,20,68.95613098144531
70,30,887075,1167403,20,15,31.039134979248047,35.869205474853516,68.95613098144531,0.0,0.0,26,19,69.07603454589844
70,30,887381,1166869,20,15,31.38123321533203,36.1031608581543,69.07603454589844,0.0,0.0,26,19,67.50453186035156
70,30,886804,1167171,20,15,30.97568702697754,36.1031608581543,67.50453186035156,0.0,0.0,26,20,67.50542449951172
70,30,887109,1167183,20,15,30.667888641357422,36.33316421508789,67.50542449951172,0.0,0.0,26,20,67.77090454101562
70,30,886534,1166491,20,15,30.891996383666992,36.33316421508789,67.77090454101562,0.0,0.0,26,20,68.22517395019531
70,30,886839,1165809,20,15,31.32305145263672,36.3573112487793,68.22517395019531,0.0,0.0,26,20,68.59463500976562
70,30,886264,1166432,20,15,30.892719268798828,36.3573112487793,68.59463500976562,0.0,0.0,26,20,68.75162506103516
70,30,886633,1166225,20,15,30.68593406677246,36.377830505371094,68.75162506103516,0.0,0.0,26,20,69.0202865600586
70,30,886938,1165809,20,15,30.87000274658203,36.469749450683594,69.0202865600586,0.0,0.0,26,19,69.02078247070312
70,30,886364,1166341,20,15,30.486988067626953,36.469749450683594,69.02078247070312,0.0,0.0,26,20,69.13542938232422
70,30,886669,1165707,20,15,31.139921188354492,36.64131164550781,69.13542938232422,0.0,0.0,26,19,69.23861694335938
70,30,886973,1165231,20,15,31.450759887695312,36.64080047607422,69.23861694335938,0.0,0.0,26,18,69.3324203491211
70,30,886464,1164873,20,15,31.529720306396484,36.64080047607422,69.3324203491211,0.0,0.0,26,19,69.4919204711914
70,30,885892,1164720,20,15,31.409406661987305,36.64080047607422,69.4919204711914,0.0,0.0,26,19,69.62206268310547
70,30,886196,1165313,20,15,31.177265167236328,36.64080047607422,69.62206268310547,0.0,0.0,26,20,66.70360565185547
70,30,886563,1166437,20,15,30.666259765625,34.99208450317383,66.70360565185547,0.0,0.0,26,21,67.04840850830078
70,30,886866,1166258,20,15,30.47533416748047,35.30704879760742,67.04840850830078,0.0,0.0,26,21,67.35986328125
70,30,886359,1166162,20,15,30.316184997558594,35.43240737915039,67.35986328125,0.0,0.0,26,21,67.64093017578125
70,30,886662,1165671,20,15,30.604368209838867,35.61947250366211,67.64093017578125,0.0,0.0,26,20,68.1209487915039
70,30,886964,1165476,20,15,30.803529739379883,35.61947250366211,68.1209487915039,0.0,0.0,26,20,68.32594299316406
70,30,886458,1165667,20,15,30.540159225463867,35.61947250366211,68.32594299316406,0.0,0.0,26,20,68.3277587890625
70,30,886760,1165755,20,15,30.673505783081055,35.78379821777344,68.3277587890625,0.0,0.0,26,21,68.82840728759766
70,30,887062,1166300,20,15,30.65566635131836,35.868099212646484,68.82840728759766,0.0,0.0,26,21,68.96460723876953
70,30,887336,1166641,20,15,30.677047729492188,35.96822738647461,68.96460723876953,0.0,0.0,26,21,69.08574676513672
70,30,887700,1166526,20,15,30.579402923583984,36.233238220214844,69.08574676513672,0.0,0.0,26,21,69.08639526367188
70,30,887132,1166074,20,15,30.601408004760742,36.233238220214844,69.08639526367188,0.0,0.0,26,21,69.19383239746094
70,30,886564,1165896,20,15,30.38937759399414,36.46171569824219,69.19383239746094,0.0,0.0,26,21,69.29236602783203
70,30,886865,1165850,20,15,30.423805236816406,36.46171569824219,69.29236602783203,0.0,0.0,26,21,69.46026611328125
70,30,886298,1166099,20,15,30.381465911865234,34.46648406982422,69.46026611328125,0.0,0.0,26,22,67.79119873046875
70,30,887439,1165930,20,15,30.57416343688965,34.70131301879883,67.79119873046875,0.0,0.0,26,21,68.03070831298828
70,30,886935,1165422,20,15,30.937015533447266,34.70131301879883,68.03070831298828,0.0,0.0,26,20,68.2476806640625
70,30,886370,1165884,20,15,30.641010284423828,34.73408508300781,68.2476806640625,0.0,0.0,26,21,68.61593627929688
70,30,887535,1167040,20,15,30.12115478515625,34.73408508300781,68.61593627929688,0.0,0.0,26,21,68.61703491210938
70,30,887835,1166589,20,15,30.170635223388672,35.266231536865234,68.61703491210938,0.0,0.0,26,21,68.91146850585938
70,30,887269,1166977,20,15,29.87860870361328,35.266231536865234,68.91146850585938,0.0,0.0,26,21,69.03692626953125
70,30,887568,1166490,20,15,30.31678009033203,35.491844177246094,69.03692626953125,0.0,0.0,26,21,69.14983367919922
70,30,887067,1166228,20,15,30.477476119995117,35.491844177246094,69.14983367919922,0.0,0.0,26,20,69.25214385986328
70,30,887366,1166524,20,15,30.151206970214844,35.65245056152344,69.25214385986328,0.0,0.0,26,21,69.25251007080078
70,30,887664,1166537,20,15,29.964502334594727,35.860103607177734,69.25251007080078,0.0,0.0,26,21,69.34446716308594
70,30,887163,1165942,20,15,30.11121368408203,35.860103607177734,69.34446716308594,0.0,0.0,26,21,69.42762756347656
70,30,887461,1165266,20,15,30.27524757385254,35.99481964111328,69.42762756347656,0.0,0.0,26,21,69.50191497802734
70,30,886899,1165288,20,15,30.33526611328125,35.99481964111328,69.50191497802734,0.0,0.0,26,21,69.50143432617188
70,30,887197,1164971,20,15,30.285661697387695,36.23832702636719,69.50143432617188,0.0,0.0,26,21,69.568359375
70,30,886697,1164746,20,15,30.58800506591797,36.23832702636719,69.568359375,0.0,0.0,26,20,69.62899780273438
70,30,886995,1164571,20,15,30.356653213500977,36.34828567504883,69.62899780273438,0.0,0.0,26,20,69.68327331542969
70,30,886434,1164088,20,15,30.665481567382812,36.34828567504883,69.68327331542969,0.0,0.0,26,20,69.73213195800781
70,30,886732,1163747,20,15,30.78505516052246,36.45512008666992,69.73213195800781,0.0,0.0,26,19,69.77600860595703
70,30,886172,1164042,20,15,30.464378356933594,36.537052154541016,69.77600860595703,0.0,0.0,26,20,69.7757797241211
70,30,886469,1163728,20,15,30.389453887939453,36.65991973876953,69.7757797241211,0.0,0.0,26,20,69.8155517578125
70,30,885972,1163495,20,15,30.194639205932617,36.6102409362793,69.8155517578125,0.0,0.0,26,20,69.85137176513672
70,30,886269,1163181,20,15,29.992006301879883,36.674564361572266,69.85137176513672,0.0,0.0,26,20,69.88374328613281
70,30,885711,1162876,20,15,30.200647354125977,36.72271728515625,69.88374328613281,0.0,0.0,26,20,69.88396453857422
70,30,886008,1162703,20,15,30.109024047851562,36.796852111816406,69.88396453857422,0.0,0.0,26,20,69.91370391845703
70,30,885450,1162225,20,15,31.127775192260742,36.81372833251953,69.91370391845703,0.0,0.0,26,18,69.96357727050781
70,30,885747,1162660,20,15,30.728811264038086,36.80496597290039,69.96357727050781,0.0,0.0,26,19,69.9857406616211
70,30,886043,1162955,20,15,30.427858352661133,36.80863571166992,69.9857406616211,0.0,0.0,26,19,69.9870376586914
70,30,885549,1162368,20,15,30.809490203857422,36.864505767822266,69.9870376586914,0.0,0.0,26,19,69.98822784423828
70,30,885845,1161702,20,15,31.115781784057617,36.964820861816406,69.98822784423828,0.0,0.0,26,19,70.00725555419922
70,30,885289,1161726,20,15,31.460166931152344,37.071533203125,70.00725555419922,0.0,0.0,26,19,70.02436828613281
70,30,885585,1161741,20,15,31.277854919433594,37.12797164916992,70.02436828613281,0.0,0.0,26,19,70.03994750976562
70,30,885092,1161157,20,15,31.837520599365234,37.12797164916992,70.03994750976562,0.0,0.0,26,19,70.05398559570312
70,30,885387,1160645,20,15,32.023284912109375,37.217350006103516,70.05398559570312,0.0,0.0,26,18,70.06591796875
70,30,884833,1160940,20,15,31.561246871948242,37.304386138916016,70.06591796875,0.0,0.0,26,19,70.06614685058594
70,30,885129,1160956,20,15,31.20184326171875,37.397274017333984,70.06614685058594,0.0,0.0,26,19,70.06635284423828
70,30,884637,1160599,20,15,31.102346420288086,37.397274017333984,70.06635284423828,0.0,0.0,26,19,70.06656646728516
70,30,884932,1159936,20,15,31.288150787353516,37.467498779296875,70.06656646728516,0.0,0.0,26,20,70.07760620117188
70,30,884380,1159961,20,15,31.557861328125,37.467498779296875,70.07760620117188,0.0,0.0,26,19,70.08738708496094
70,30,884920,1160300,20,15,31.377349853515625,37.495506286621094,70.08738708496094,0.0,0.0,26,19,70.09683990478516
70,30,884552,1159825,20,15,31.709732055664062,37.51640319824219,70.09683990478516,0.0,0.0,26,19,70.09739685058594
70,30,884307,1159558,20,15,31.817279815673828,37.51640319824219,70.09739685058594,0.0,0.0,26,19,70.11409759521484
70,30,884663,1159268,20,15,32.148765563964844,37.51640319824219,70.11409759521484,0.0,0.0,26,19,66.92508697509766
70,30,884112,1159319,20,15,31.98334503173828,35.72400665283203,66.92508697509766,0.0,0.0,26,19,63.24082565307617
70,30,884135,1161238,20,15,30.87382698059082,35.72400665283203,63.24082565307617,0.0,0.0,26,20,62.2533073425293
70,30,885580,1162137,20,15,30.56315803527832,35.72400665283203,62.2533073425293,0.0,0.0,26,20,62.25682830810547
70,30,885873,1161828,20,15,30.337596893310547,35.96685791015625,62.25682830810547,0.0,0.0,26,20,63.04591369628906
70,30,885384,1161600,20,15,30.23133087158203,36.204891204833984,63.04591369628906,0.0,0.0,26,20,63.7598762512207
70,30,885799,1161581,20,15,30.31954574584961,36.204891204833984,63.7598762512207,0.0,0.0,26,20,64.97843933105469
70,30,885311,1161758,20,15,30.322317123413086,36.204891204833984,64.97843933105469,0.0,0.0,26,21,65.96784210205078
70,30,885603,1162943,20,15,29.86461067199707,36.204891204833984,65.96784210205078,0.0,0.0,26,21,66.769287109375
70,30,887579,1164281,20,15,29.38775062561035,36.31637954711914,66.769287109375,0.0,0.0,26,22,67.10971069335938
70,30,887029,1163972,20,15,29.337017059326172,36.31637954711914,67.10971069335938,0.0,0.0,26,22,67.41620635986328
70,30,886663,1163904,20,15,29.298891067504883,36.31637954711914,67.41620635986328,0.0,0.0,26,22,67.6930160522461
70,30,887015,1163684,20,15,29.571908950805664,36.4293098449707,67.6930160522461,0.0,0.0,26,21,67.94120788574219
70,30,886467,1163641,20,15,29.61845588684082,36.55284118652344,67.94120788574219,0.0,0.0,26,21,67.94120788574219
70,30,886941,1163161,20,15,29.61845588684082,36.50871658325195,67.94120788574219,0.0,0.0,26,21,68.16869354248047
70,30,886392,1163815,20,15,29.5758113861084,34.95930480957031,68.16869354248047,0.0,0.0,26,22,64.63594818115234
70,30,887444,1165291,20,15,29.293039321899414,35.0025749206543,64.63594818115234,0.0,0.0,26,22,63.68988037109375
70,30,887856,1166018,20,15,29.363000869750977,35.0025749206543,63.68988037109375,0.0,0.0,26,22,62.832523345947266
70,30,889044,1166058,20,15,29.21453285217285,35.131954193115234,62.832523345947266,0.0,0.0,26,22,63.56428909301758
70,30,888557,1165702,20,15,29.19736671447754,35.131954193115234,63.56428909301758,0.0,0.0,26,22,64.22509765625
70,30,888131,1166527,20,15,28.85618019104004,33.6090087890625,64.22509765625,0.0,0.0,26,22,63.22693634033203
70,30,889256,1167457,20,15,28.539796829223633,34.06188201904297,63.22693634033203,0.0,0.0,26,23,63.92359161376953
70,30,889762,1168467,20,15,28.36966323852539,34.06188201904297,63.92359161376953,0.0,0.0,26,22,63.92584991455078
70,30,890050,1168294,20,15,28.317325592041016,34.619773864746094,63.92584991455078,0.0,0.0,26,23,64.54936981201172
70,30,889563,1167912,20,15,28.35100555419922,34.619773864746094,64.54936981201172,0.0,0.0,26,23,65.6162338256836
70,30,889850,1167458,20,15,28.886430740356445,34.57823944091797,65.6162338256836,0.0,0.0,26,22,66.4832763671875
70,30,889304,1167853,20,15,29.257328033447266,34.57823944091797,66.4832763671875,0.0,0.0,26,21,67.48423767089844
70,30,889591,1168612,20,15,29.398656845092773,34.57823944091797,67.48423767089844,0.0,0.0,26,21,67.75403594970703
70,30,890711,1168915,20,15,29.178319931030273,34.888893127441406,67.75403594970703,0.0,0.0,26,21,67.99590301513672
70,30,890165,1168480,20,15,29.12932014465332,34.888893127441406,67.99590301513672,0.0,0.0,26,21,67.99811553955078
70,30,889619,1168308,20,15,29.05724334716797,35.135555267333984,67.99811553955078,0.0,0.0,26,21,68.21720886230469
70,30,889906,1168273,20,15,29.007190704345703,35.135555267333984,68.21720886230469,0.0,0.0,26,22,68.41610717773438
70,30,889361,1168509,20,15,29.128801345825195,35.135555267333984,68.41610717773438,0.0,0.0,26,22,68.41924285888672
70,30,890538,1168470,20,15,29.292078018188477,35.58414077758789,68.41924285888672,0.0,0.0,26,22,68.59626770019531
70,30,890054,1168130,20,15,29.62202262878418,35.58414077758789,68.59626770019531,0.0,0.0,26,22,66.75288391113281
70,30,890340,1167983,20,15,29.932466506958008,33.64114761352539,66.75288391113281,0.0,0.0,26,22,63.59848403930664
70,30,889796,1168909,20,15,29.69261932373047,33.64114761352539,63.59848403930664,0.0,0.0,26,22,61.86668014526367
70,30,890884,1170385,20,15,29.512563705444336,32.31929397583008,61.86668014526367,0.0,0.0,26,22,61.1270637512207
70,30,892057,1170581,20,15,29.472143173217773,32.2449836730957,61.1270637512207,0.0,0.0,26,22,61.1270637512207
70,30,891513,1169867,20,15,29.472143173217773,32.77981948852539,61.1270637512207,0.0,0.0,26,22,62.02965545654297
70,30,890970,1169434,20,15,29.487533569335938,32.77981948852539,62.02965545654297,0.0,0.0,26,22,62.844886779785156
70,30,890427,1170089,20,15,29.138874053955078,31.62731170654297,62.844886779785156,0.0,0.0,26,22,62.037559509277344
70,30,891537,1171006,20,15,28.870695114135742,31.62731170654297,62.037559509277344,0.0,0.0,26,22,61.31201934814453
70,30,892680,1172305,20,15,28.487009048461914,32.19812774658203,61.31201934814453,0.0,0.0,26,23,61.31201934814453
70,30,892198,1171671,20,15,28.487009048461914,32.78827667236328,61.31201934814453,0.0,0.0,26,23,62.196533203125
70,30,891716,1171318,20,15,28.520917892456055,32.78827667236328,62.196533203125,0.0,0.0,26,23,62.995361328125
70,30,891175,1171970,20,15,28.28902816772461,31.397380828857422,62.995361328125,0.0,0.0,26,23,62.02408981323242
70,30,892281,1172883,20,15,28.12693977355957,31.397380828857422,62.02408981323242,0.0,0.0,26,23,61.15095138549805
70,30,893361,1174098,20,15,27.864578247070312,32.486106872558594,61.15095138549805,0.0,0.0,26,23,62.05086898803711
70,30,892819,1173639,20,15,27.947147369384766,32.486106872558594,62.05086898803711,0.0,0.0,26,23,62.86112594604492
70,30,893161,1173259,20,15,28.01169204711914,32.47933578491211,62.86112594604492,0.0,0.0,26,23,64.24979400634766
70,30,892620,1173077,20,15,28.65142250061035,32.47933578491211,64.24979400634766,0.0,0.0,26,22,65.3769302368164
70,30,892961,1173382,20,15,29.13079071044922,32.47933578491211,65.3769302368164,0.0,0.0,26,21,66.28843688964844
70,30,893302,1173845,20,15,29.20887565612793,32.883079528808594,66.28843688964844,0.0,0.0,26,21,66.6780776977539
70,30,893582,1174140,20,15,29.01704978942871,32.92674255371094,66.6780776977539,0.0,0.0,26,21,67.0279312133789
70,30,893863,1173764,20,15,28.985679626464844,33.3148078918457,67.0279312133789,0.0,0.0,26,21,67.62531280517578
70,30,893323,1173333,20,15,29.25734519958496,33.3148078918457,67.62531280517578,0.0,0.0,26,21,68.10989379882812
70,30,892844,1173682,20,15,29.462949752807617,33.3148078918457,68.10989379882812,0.0,0.0,26,21,68.66978454589844
70,30,893184,1174576,20,15,29.64678955078125,33.3148078918457,68.66978454589844,0.0,0.0,26,22,69.07788848876953
70,30,894282,1175406,20,15,29.545021057128906,33.3026008605957,69.07788848876953,0.0,0.0,26,22,69.2874984741211
70,30,893743,1175493,20,15,29.840639114379883,33.3026008605957,69.2874984741211,0.0,0.0,26,22,69.37640380859375
70,30,894022,1175036,20,15,29.821937561035156,33.29003143310547,69.37640380859375,0.0,0.0,26,22,69.37748718261719
70,30,893544,1175019,20,15,29.61234474182129,33.68074035644531,69.37748718261719,0.0,0.0,26,22,69.37848663330078
70,30,893797,1174923,20,15,29.44256591796875,34.01198959350586,69.37848663330078,0.0,0.0,26,22,69.46058654785156
70,30,893260,1174400,20,15,30.38582420349121,34.01198959350586,69.46058654785156,0.0,0.0,26,20,69.59795379638672
70,30,893539,1174726,20,15,30.159711837768555,34.06924819946289,69.59795379638672,0.0,0.0,26,20,69.6576156616211
70,30,893817,1175000,20,15,29.93046760559082,34.1094856262207,69.6576156616211,0.0,0.0,26,20,69.65830993652344
70,30,893281,1174356,20,15,30.19066047668457,34.42449188232422,69.65830993652344,0.0,0.0,26,21,69.65896606445312
70,30,893534,1173712,20,15,30.47650909423828,34.682621002197266,69.65896606445312,0.0,0.0,26,21,69.71270751953125
70,30,892998,1173729,20,15,30.823659896850586,35.002174377441406,69.71270751953125,0.0,0.0,26,20,69.76055145263672
70,30,893276,1173737,20,15,30.699989318847656,35.00404739379883,69.76055145263672,0.0,0.0,26,20,69.80254364013672
70,30,892742,1173094,20,15,31.36052703857422,35.29267501831055,69.80254364013672,0.0,0.0,26,20,69.83991241455078
70,30,893079,1172677,20,15,31.639875411987305,35.50246810913086,69.83991241455078,0.0,0.0,26,19,69.87358093261719
70,30,892604,1173029,20,15,31.18739128112793,35.50246810913086,69.87358093261719,0.0,0.0,26,20,69.87403869628906
70,30,892916,1173115,20,15,30.82634162902832,35.913875579833984,69.87403869628906,0.0,0.0,26,20,69.87447357177734
70,30,892442,1172767,20,15,30.742300033569336,35.913875579833984,69.87447357177734,0.0,0.0,26,20,69.8748779296875
70,30,892719,1172127,20,15,31.099302291870117,36.08800506591797,69.8748779296875,0.0,0.0,26,20,67.9474868774414
70,30,892246,1172222,20,15,31.296714782714844,36.08800506591797,67.9474868774414,0.0,0.0,26,20,66.21104431152344
70,30,892582,1172308,20,15,31.132352828979492,36.12752151489258,66.21104431152344,0.0,0.0,26,20,66.60746002197266
70,30,892110,1171746,20,15,31.517375946044922,36.32158279418945,66.60746002197266,0.0,0.0,26,19,67.28439331054688
70,30,892420,1171463,20,15,31.87198257446289,36.32158279418945,67.28439331054688,0.0,0.0,26,19,67.83370971679688
70,30,891948,1171583,20,15,31.899555206298828,36.32158279418945,67.83370971679688,0.0,0.0,26,19,68.06861114501953
70,30,892343,1172848,20,15,31.07872200012207,36.32158279418945,68.06861114501953,0.0,0.0,26,20,68.4695816040039
70,30,893426,1174880,20,15,30.44908905029297,36.32158279418945,68.4695816040039,0.0,0.0,26,20,68.79379272460938
70,30,894627,1176230,20,15,29.929555892944336,36.3929443359375,68.79379272460938,0.0,0.0,26,20,68.79379272460938
70,30,894901,1175531,20,15,29.929555892944336,36.50149917602539,68.79379272460938,0.0,0.0,26,20,68.79379272460938
70,30,894429,1174911,20,15,29.929555892944336,36.57051086425781,68.79379272460938,0.0,0.0,26,20,68.93207550048828
70,30,894017,1174641,20,15,29.899089813232422,36.57051086425781,68.93207550048828,0.0,0.0,26,20,69.05697631835938
70,30,893545,1175354,20,15,29.526479721069336,36.57051086425781,69.05697631835938,0.0,0.0,26,21,67.3064193725586
70,30,893879,1176091,20,15,29.199024200439453,34.64451217651367,67.3064193725586,0.0,0.0,26,21,65.73313903808594
70,30,894932,1177505,20,15,28.773664474487305,34.64451217651367,65.73313903808594,0.0,0.0,26,21,65.73313903808594
70,30,896068,1176886,20,15,28.773664474487305,35.39700698852539,65.73313903808594,0.0,0.0,26,21,66.17638397216797
70,30,895597,1176539,20,15,28.8184814453125,35.39700698852539,66.17638397216797,0.0,0.0,26,21,66.17742156982422
70,30,895126,1176445,20,15,28.725543975830078,35.39700698852539,66.17742156982422,0.0,0.0,26,21,65.0826187133789
70,30,895399,1176397,20,15,28.795494079589844,33.91168212890625,65.0826187133789,0.0,0.0,26,22,64.09967803955078
70,30,894929,1176698,20,15,28.921607971191406,33.91168212890625,64.09967803955078,0.0,0.0,26,22,64.71015167236328
70,30,896037,1176670,20,15,29.366199493408203,32.9855842590332,64.71015167236328,0.0,0.0,26,22,65.75006103515625
70,30,895567,1176917,20,15,29.760129928588867,32.9855842590332,65.75006103515625,0.0,0.0,26,22,66.59382629394531
70,30,896640,1177636,20,15,29.79848861694336,32.91783905029297,66.59382629394531,0.0,0.0,26,22,66.59593963623047
70,30,896970,1177103,20,15,30.015445709228516,33.36474609375,66.59593963623047,0.0,0.0,26,22,66.9531478881836
70,30,896501,1177186,20,15,29.869287490844727,33.36474609375,66.9531478881836,0.0,0.0,26,22,67.27447509765625
70,30,896831,1177268,20,15,29.746089935302734,33.80758285522461,67.27447509765625,0.0,0.0,26,22,67.56594848632812
70,30,896362,1176801,20,15,30.236446380615234,33.80758285522461,67.56594848632812,0.0,0.0,26,21,67.82828521728516
70,30,895893,1176486,20,15,30.49992561340332,33.80758285522461,67.82828521728516,0.0,0.0,26,20,68.06439971923828
70,30,896223,1176683,20,15,30.328819274902344,33.80758285522461,68.06439971923828,0.0,0.0,26,21,68.63900756835938
70,30,896494,1178431,20,15,29.912817001342773,33.80758285522461,68.63900756835938,0.0,0.0,26,21,68.64031219482422
70,30,897678,1178539,20,15,29.715404510498047,34.13716506958008,68.64031219482422,0.0,0.0,26,21,68.64153289794922
70,30,897948,1177855,20,15,30.263504028320312,34.13716506958008,68.64153289794922,0.0,0.0,26,20,68.79757690429688
70,30,897480,1178059,20,15,30.245935440063477,34.57695007324219,68.79757690429688,0.0,0.0,26,20,69.06231689453125
70,30,897867,1178600,20,15,30.13347816467285,34.57695007324219,69.06231689453125,0.0,0.0,26,21,69.17514038085938
70,30,898111,1178605,20,15,29.985279083251953,34.849761962890625,69.17514038085938,0.0,0.0,26,21,69.27659606933594
70,30,898438,1178686,20,15,29.82230567932129,34.80497360229492,69.27659606933594,0.0,0.0,26,21,69.36738586425781
70,30,897971,1178131,20,15,30.569087982177734,34.80497360229492,69.36738586425781,0.0,0.0,26,20,69.44910430908203
70,30,898239,1177643,20,15,30.87077522277832,35.338592529296875,69.44910430908203,0.0,0.0,26,20,69.5239486694336
70,30,897773,1177986,20,15,30.529489517211914,35.338592529296875,69.5239486694336,0.0,0.0,26,20,69.59178924560547
70,30,898191,1178739,20,15,30.258392333984375,35.338592529296875,69.59178924560547,0.0,0.0,26,21,67.96894073486328
70,30,899286,1179628,20,15,29.731107711791992,34.12965774536133,67.96894073486328,0.0,0.0,26,21,67.96998596191406
70,30,899612,1179024,20,15,30.220735549926758,34.12965774536133,67.96998596191406,0.0,0.0,26,20,67.96998596191406
70,30,899087,1178336,20,15,30.220735549926758,34.524288177490234,67.96998596191406,0.0,0.0,26,20,68.19032287597656
70,30,898679,1178069,20,15,30.193450927734375,34.524288177490234,68.19032287597656,0.0,0.0,26,20,68.38912963867188
70,30,898213,1178768,20,15,29.77107810974121,34.524288177490234,68.38912963867188,0.0,0.0,26,21,66.67395782470703
70,30,898539,1179490,20,15,29.391368865966797,32.80450439453125,66.67395782470703,0.0,0.0,26,21,65.1320571899414
70,30,899572,1180362,20,15,29.050453186035156,32.80450439453125,65.1320571899414,0.0,0.0,26,21,63.74564743041992
70,30,899954,1180845,20,15,29.047962188720703,33.26969909667969,63.74564743041992,0.0,0.0,26,21,63.747982025146484
70,30,900279,1180501,20,15,29.093507766723633,33.65763854980469,63.747982025146484,0.0,0.0,26,21,64.96915435791016
70,30,899755,1180428,20,15,29.387636184692383,33.65763854980469,64.96915435791016,0.0,0.0,26,21,63.923606872558594
70,30,900079,1179970,20,15,29.437936782836914,32.23735046386719,63.923606872558594,0.0,0.0,26,21,62.983924865722656
70,30,899615,1179640,20,15,29.758583068847656,32.23735046386719,62.983924865722656,0.0,0.0,26,22,61.0833625793457
70,30,899880,1180183,20,15,29.71265983581543,30.729564666748047,61.0833625793457,0.0,0.0,26,22,59.279579162597656
70,30,899416,1181042,20,15,29.636445999145508,30.729564666748047,59.279579162597656,0.0,0.0,26,22,58.51060104370117
70,30,901299,1181836,20,15,29.23639678955078,31.368440628051758,58.51060104370117,0.0,0.0,26,22,59.67374038696289
70,30,901622,1181235,20,15,29.647743225097656,31.34740447998047,59.67374038696289,0.0,0.0,26,22,59.68278503417969
70,30,901158,1181432,20,15,29.595943450927734,31.34740447998047,59.68278503417969,0.0,0.0,26,22,61.67870330810547
70,30,901480,1181894,20,15,29.69710350036621,29.852420806884766,61.67870330810547,0.0,0.0,26,22,58.33782958984375
70,30,901802,1182488,20,15,29.58054542541504,30.38636016845703,58.33782958984375,0.0,0.0,26,22,56.55097198486328
70,30,902123,1182295,20,15,29.470901489257812,30.871479034423828,56.55097198486328,0.0,0.0,26,22,57.91544723510742
70,30,901601,1182004,20,15,29.848472595214844,31.048131942749023,57.91544723510742,0.0,0.0,26,21,58.60353469848633
70,30,901923,1181781,20,15,29.737668991088867,31.30561637878418,58.60353469848633,0.0,0.0,26,21,59.763179779052734
70,30,901460,1181567,20,15,29.996614456176758,31.720476150512695,59.763179779052734,0.0,0.0,26,21,60.8061408996582
70,30,901723,1181517,20,15,29.98473358154297,31.824979782104492,60.8061408996582,0.0,0.0,26,21,62.14009094238281
70,30,901260,1181808,20,15,30.086917877197266,29.890201568603516,62.14009094238281,0.0,0.0,26,21,59.428409576416016
70,30,902364,1182562,20,15,29.967151641845703,29.890201568603516,59.428409576416016,0.0,0.0,26,22,55.99740219116211
70,30,902659,1183838,20,15,29.74901008605957,29.890201568603516,55.99740219116211,0.0,0.0,26,22,55.18377685546875
70,30,903761,1184126,20,15,29.504039764404297,30.290979385375977,55.18377685546875,0.0,0.0,26,22,55.18377685546875
70,30,903298,1183520,20,15,29.504039764404297,30.290979385375977,55.18377685546875,0.0,0.0,26,22,55.18377685546875
70,30,902779,1182839,20,15,29.504039764404297,30.59111785888672,55.18377685546875,0.0,0.0,26,22,56.41516876220703
70,30,902375,1182575,20,15,29.51671600341797,30.59111785888672,56.41516876220703,0.0,0.0,26,22,56.6834831237793
70,30,901856,1182577,20,15,29.325464248657227,30.59111785888672,56.6834831237793,0.0,0.0,26,22,58.25136184692383
70,30,901395,1184018,20,15,28.792530059814453,29.26470184326172,58.25136184692383,0.0,0.0,26,22,56.03295135498047
70,30,903389,1185340,20,15,28.402952194213867,29.26470184326172,56.03295135498047,0.0,0.0,26,23,55.34070587158203
70,30,904462,1186730,20,15,28.0688419342041,29.79228401184082,55.34070587158203,0.0,0.0,26,23,55.34070587158203
70,30,904779,1186125,20,15,28.0688419342041,30.602766036987305,55.34070587158203,0.0,0.0,26,23,56.68090057373047
70,30,904318,1185784,20,15,28.163616180419922,30.602766036987305,56.68090057373047,0.0,0.0,26,23,56.82538986206055
70,30,903857,1185688,20,15,28.10895538330078,29.157939910888672,56.82538986206055,0.0,0.0,26,23,55.83889389038086
70,30,904175,1185712,20,15,28.347257614135742,29.157939910888672,55.83889389038086,0.0,0.0,26,23,55.057945251464844
70,30,903657,1185923,20,15,28.56621551513672,27.361522674560547,55.057945251464844,0.0,0.0,26,23,55.24192810058594
70,30,904726,1185765,20,15,28.778499603271484,28.6995792388916,55.24192810058594,0.0,0.0,26,23,58.012420654296875
70,30,904209,1185362,20,15,29.5019474029541,28.6995792388916,58.012420654296875,0.0,0.0,26,22,60.32735824584961
70,30,903750,1185425,20,15,29.899524688720703,28.6995792388916,60.32735824584961,0.0,0.0,26,22,62.955711364746094
70,30,904066,1186696,20,15,29.913663864135742,28.6995792388916,62.955711364746094,0.0,0.0,26,22,64.3315658569336
70,30,905932,1188097,20,15,29.56865692138672,29.67848014831543,64.3315658569336,0.0,0.0,26,22,64.36915588378906
70,30,906248,1187631,20,15,29.703369140625,30.17011070251465,64.36915588378906,0.0,0.0,26,22,64.40312957763672
70,30,905788,1187036,20,15,30.068124771118164,30.17011070251465,64.40312957763672,0.0,0.0,26,21,64.98282623291016
70,30,905272,1187154,20,15,29.932294845581055,30.89392852783203,64.98282623291016,0.0,0.0,26,22,65.9493179321289
70,30,905586,1187601,20,15,29.93673324584961,30.89392852783203,65.9493179321289,0.0,0.0,26,22,66.75701904296875
70,30,905901,1188439,20,15,29.661218643188477,30.89392852783203,66.75701904296875,0.0,0.0,26,22,67.08137512207031
70,30,906215,1188513,20,15,29.430057525634766,31.120948791503906,67.08137512207031,0.0,0.0,26,22,67.37336730957031
70,30,906472,1188512,20,15,29.223119735717773,31.3577880859375,67.37336730957031,0.0,0.0,26,22,67.65514373779297
70,30,906014,1187968,20,15,30.141807556152344,31.983264923095703,67.65514373779297,0.0,0.0,26,21,67.90876007080078
70,30,906328,1187564,20,15,30.613847732543945,32.327083587646484,67.90876007080078,0.0,0.0,26,20,68.13700866699219
70,30,905927,1187966,20,15,30.35835838317871,32.327083587646484,68.13700866699219,0.0,0.0,26,21,68.35487365722656
70,30,906183,1188469,20,15,30.146791458129883,32.327083587646484,68.35487365722656,0.0,0.0,26,21,68.54863739013672
70,30,907267,1189308,20,15,29.76538848876953,32.710609436035156,68.54863739013672,0.0,0.0,26,21,68.70270538330078
70,30,906810,1189212,20,15,29.593841552734375,33.14155197143555,68.70270538330078,0.0,0.0,26,21,68.84139251708984
70,30,907122,1189116,20,15,29.420289993286133,33.30439376831055,68.84139251708984,0.0,0.0,26,22,66.62464904785156
70,30,906665,1188660,20,15,29.939722061157227,31.312580108642578,66.62464904785156,0.0,0.0,26,21,64.62952423095703
70,30,906209,1188351,20,15,30.43798828125,31.312580108642578,64.62952423095703,0.0,0.0,26,20,62.83389663696289
70,30,905753,1188534,20,15,30.338151931762695,31.312580108642578,62.83389663696289,0.0,0.0,26,20,58.44563674926758
70,30,906776,1190469,20,15,29.527999877929688,31.312580108642578,58.44563674926758,0.0,0.0,26,21,57.26770782470703
70,30,907913,1191022,20,15,29.264633178710938,31.471532821655273,57.26770782470703,0.0,0.0,26,21,56.19902038574219
70,30,908224,1190480,20,15,29.612932205200195,32.06473922729492,56.19902038574219,0.0,0.0,26,21,58.8411750793457
70,30,907767,1190141,20,15,29.838909149169922,32.06473922729492,58.8411750793457,0.0,0.0,26,20,59.98322677612305
70,30,907312,1190454,20,15,29.85549545288086,32.06473922729492,59.98322677612305,0.0,0.0,26,21,56.54071807861328
70,30,907656,1191229,20,15,29.890295028686523,29.973705291748047,56.54071807861328,0.0,0.0,26,21,55.07941436767578
70,30,908708,1192065,20,15,29.471221923828125,30.525890350341797,55.07941436767578,0.0,0.0,26,21,55.08550262451172
70,30,909018,1191475,20,15,29.972143173217773,31.097553253173828,55.08550262451172,0.0,0.0,26,21,56.59013748168945
70,30,908505,1191055,20,15,29.920513153076172,31.097553253173828,56.59013748168945,0.0,0.0,26,21,56.595619201660156
70,30,908107,1191033,20,15,29.812387466430664,31.097553253173828,56.595619201660156,0.0,0.0,26,21,57.955848693847656
70,30,908360,1190979,20,15,29.803752899169922,31.84464454650879,57.955848693847656,0.0,0.0,26,21,59.18447494506836
70,30,907906,1191258,20,15,29.817781448364258,31.84464454650879,59.18447494506836,0.0,0.0,26,21,59.192771911621094
70,30,908215,1191100,20,15,30.024831771850586,30.255905151367188,59.192771911621094,0.0,0.0,26,21,61.282405853271484
70,30,908501,1191194,20,15,30.4143009185791,30.255905151367188,61.282405853271484,0.0,0.0,26,21,62.9776496887207
70,30,908810,1191800,20,15,30.40151596069336,30.255905151367188,62.9776496887207,0.0,0.0,26,21,63.697662353515625
70,30,909824,1191614,20,15,30.33390235900879,30.95533561706543,63.697662353515625,0.0,0.0,26,21,63.697662353515625
70,30,909370,1191020,20,15,30.33390235900879,30.95533561706543,63.697662353515625,0.0,0.0,26,21,63.697662353515625
70,30,908916,1190426,20,15,30.33390235900879,31.5535888671875,63.697662353515625,0.0,0.0,26,21,64.34446716308594
70,30,908407,1190016,20,15,30.308856964111328,31.5535888671875,64.34446716308594,0.0,0.0,26,21,64.92825317382812
70,30,907954,1191418,20,15,29.666147232055664,30.06362533569336,64.92825317382812,0.0,0.0,26,22,61.59746551513672
70,30,909840,1193295,20,15,28.999095916748047,30.06362533569336,61.59746551513672,0.0,0.0,26,22,60.180519104003906
70,30,910883,1194647,20,15,28.55842399597168,30.724693298339844,60.180519104003906,0.0,0.0,26,22,61.17938232421875
70,30,910430,1194109,20,15,28.98472023010254,31.41741371154785,61.17938232421875,0.0,0.0,26,22,62.07858657836914
70,30,910680,1193497,20,15,29.390363693237305,31.497095108032227,62.07858657836914,0.0,0.0,26,22,62.89030075073242
70,30,910227,1193045,20,15,29.953248977661133,31.497095108032227,62.89030075073242,0.0,0.0,26,21,63.62084197998047
70,30,909775,1192738,20,15,30.419635772705078,31.497095108032227,63.62084197998047,0.0,0.0,26,20,64.27835083007812
70,30,909323,1192916,20,15,30.38833236694336,31.497095108032227,64.27835083007812,0.0,0.0,26,20,65.40272521972656
70,30,908872,1194568,20,15,29.742725372314453,31.497095108032227,65.40272521972656,0.0,0.0,26,21,66.3134994506836
70,30,910750,1196142,20,15,29.163206100463867,31.497095108032227,66.3134994506836,0.0,0.0,26,21,66.70179748535156
70,30,911732,1196750,20,15,28.816307067871094,32.16813659667969,66.70179748535156,0.0,0.0,26,21,67.05044555664062
70,30,911280,1196414,20,15,28.779510498046875,32.16813659667969,67.05044555664062,0.0,0.0,26,22,67.05101013183594
70,30,910829,1196482,20,15,28.70004653930664,32.16813659667969,67.05101013183594,0.0,0.0,26,22,67.36531066894531
70,30,910378,1197140,20,15,28.444400787353516,30.519134521484375,67.36531066894531,0.0,0.0,26,22,65.4276123046875
70,30,911439,1198038,20,15,28.27418327331543,30.519134521484375,65.4276123046875,0.0,0.0,26,22,63.68318557739258
70,30,912474,1198552,20,15,28.080713272094727,31.750045776367188,63.68318557739258,0.0,0.0,26,22,64.33182525634766
70,30,911967,1198117,20,15,28.179359436035156,31.750045776367188,64.33182525634766,0.0,0.0,26,22,64.91576385498047
70,30,912271,1197757,20,15,28.24869155883789,31.75819969177246,64.91576385498047,0.0,0.0,26,22,65.9159927368164
70,30,911820,1197650,20,15,28.96677589416504,31.75819969177246,65.9159927368164,0.0,0.0,26,21,66.7275161743164
70,30,912124,1197918,20,15,29.678396224975586,31.75819969177246,66.7275161743164,0.0,0.0,26,20,67.66433715820312
70,30,912427,1198693,20,15,29.892852783203125,31.776424407958984,67.66433715820312,0.0,0.0,26,20,68.34700775146484
70,30,913483,1199925,20,15,29.817197799682617,32.23172378540039,68.34700775146484,0.0,0.0,26,20,68.53291320800781
70,30,912976,1199743,20,15,29.84885597229004,32.23172378540039,68.53291320800781,0.0,0.0,26,20,68.69750213623047
70,30,913279,1199521,20,15,29.689661026000977,32.778865814208984,68.69750213623047,0.0,0.0,26,20,68.84695434570312
70,30,912829,1199292,20,15,29.799617767333984,32.778865814208984,68.84695434570312,0.0,0.0,26,20,68.98145294189453
70,30,913131,1199179,20,15,29.763948440551758,33.257259368896484,68.98145294189453,0.0,0.0,26,21,69.1037368774414
70,30,912682,1198856,20,15,29.954830169677734,33.257259368896484,69.1037368774414,0.0,0.0,26,21,69.21463775634766
70,30,912928,1198706,20,15,30.178707122802734,31.481613159179688,69.21463775634766,0.0,0.0,26,21,65.0943832397461
70,30,912480,1199803,20,15,29.792312622070312,31.481613159179688,65.0943832397461,0.0,0.0,26,21,61.75686264038086
70,30,913531,1201230,20,15,29.24424171447754,31.481613159179688,61.75686264038086,0.0,0.0,26,22,61.75686264038086
70,30,914582,1200640,20,15,29.24424171447754,32.703487396240234,61.75686264038086,0.0,0.0,26,22,62.599674224853516
70,30,914077,1200232,20,15,29.263887405395508,32.703487396240234,62.599674224853516,0.0,0.0,26,22,62.60108947753906
70,30,913629,1200133,20,15,29.176759719848633,30.413665771484375,62.60108947753906,0.0,0.0,26,22,60.396209716796875
70,30,913929,1200148,20,15,29.304866790771484,30.413665771484375,60.396209716796875,0.0,0.0,26,22,58.41427993774414
70,30,913482,1200417,20,15,29.40121078491211,30.413665771484375,58.41427993774414,0.0,0.0,26,22,59.59421157836914
70,30,914562,1200453,20,15,29.710634231567383,29.730623245239258,59.59421157836914,0.0,0.0,26,22,61.60945129394531
70,30,914059,1200720,20,15,30.017959594726562,29.730623245239258,61.60945129394531,0.0,0.0,26,22,63.2399787902832
70,30,915105,1201329,20,15,29.744348526000977,29.69765853881836,63.2399787902832,0.0,0.0,26,22,63.241737365722656
70,30,915404,1200821,20,15,29.867002487182617,30.425642013549805,63.241737365722656,0.0,0.0,26,22,63.241737365722656
70,30,914957,1200234,20,15,29.867002487182617,30.425642013549805,63.241737365722656,0.0,0.0,26,22,63.241737365722656
70,30,914454,1199575,20,15,29.867002487182617,31.20168685913086,63.241737365722656,0.0,0.0,26,22,63.93419647216797
70,30,914008,1199242,20,15,29.84032440185547,31.20168685913086,63.93419647216797,0.0,0.0,26,22,64.55895233154297
70,30,913562,1199889,20,15,29.463642120361328,29.231721878051758,64.55895233154297,0.0,0.0,26,22,62.32144546508789
70,30,914606,1200772,20,15,29.144304275512695,29.231721878051758,62.32144546508789,0.0,0.0,26,22,58.49283218383789
70,30,915625,1202033,20,15,28.988862991333008,29.231721878051758,58.49283218383789,0.0,0.0,26,22,58.49562072753906
70,30,915923,1201813,20,15,28.974018096923828,30.700551986694336,58.49562072753906,0.0,0.0,26,22,59.665164947509766
70,30,915477,1201585,20,15,29.24509620666504,30.700551986694336,59.665164947509766,0.0,0.0,26,22,60.7177734375
70,30,915719,1201399,20,15,29.37200927734375,29.104446411132812,60.7177734375,0.0,0.0,26,22,59.34939193725586
70,30,915273,1201079,20,15,29.625900268554688,29.104446411132812,59.34939193725586,0.0,0.0,26,22,57.006492614746094
70,30,915626,1201075,20,15,29.902353286743164,29.104446411132812,57.006492614746094,0.0,0.0,26,22,54.28547668457031
70,30,915126,1202086,20,15,29.622251510620117,27.338851928710938,54.28547668457031,0.0,0.0,26,22,51.13749694824219
70,30,916592,1203754,20,15,29.171131134033203,27.338851928710938,51.13749694824219,0.0,0.0,26,22,49.52561569213867
70,30,917134,1204360,20,15,29.019752502441406,27.468496322631836,49.52561569213867,0.0,0.0,26,22,48.83543014526367
70,30,917430,1204423,20,15,28.836849212646484,28.433338165283203,48.83543014526367,0.0,0.0,26,23,50.966949462890625
70,30,916929,1203774,20,15,29.335975646972656,29.313512802124023,50.966949462890625,0.0,0.0,26,22,52.88901901245117
70,30,916485,1203950,20,15,29.403749465942383,29.29219627380371,52.88901901245117,0.0,0.0,26,22,54.62256622314453
70,30,916781,1204369,20,15,29.4350528717041,29.29219627380371,54.62256622314453,0.0,0.0,26,22,53.107364654541016
70,30,917021,1205095,20,15,29.33523178100586,27.81954002380371,53.107364654541016,0.0,0.0,26,22,54.81671905517578
70,30,917371,1205060,20,15,29.436927795410156,28.695138931274414,54.81671905517578,0.0,0.0,26,22,54.823917388916016
70,30,917666,1204960,20,15,29.487499237060547,30.276731491088867,54.823917388916016,0.0,0.0,26,22,56.35837936401367
70,30,917167,1204555,20,15,29.501726150512695,30.260812759399414,56.35837936401367,0.0,0.0,26,22,56.36143112182617
70,30,916724,1204455,20,15,29.440895080566406,30.260812759399414,56.36143112182617,0.0,0.0,26,22,56.364498138427734
70,30,916281,1204356,20,15,29.403762817382812,28.829042434692383,56.364498138427734,0.0,0.0,26,22,55.513919830322266
70,30,916576,1204369,20,15,29.470266342163086,28.829042434692383,55.513919830322266,0.0,0.0,26,22,54.75184631347656
70,30,916134,1204512,20,15,29.607515335083008,26.940670013427734,54.75184631347656,0.0,0.0,26,22,52.30715560913086
70,30,917141,1205214,20,15,29.507307052612305,26.940670013427734,52.30715560913086,0.0,0.0,26,22,50.33137130737305
70,30,917436,1206407,20,15,29.286039352416992,26.940670013427734,50.33137130737305,0.0,0.0,26,22,49.48255157470703
70,30,918465,1206423,20,15,29.078628540039062,28.012531280517578,49.48255157470703,0.0,0.0,26,22,51.548912048339844
70,30,918023,1206090,20,15,29.07278823852539,28.012531280517578,51.548912048339844,0.0,0.0,26,22,53.41275405883789
70,30,917581,1206726,20,15,28.767004013061523,26.903648376464844,53.41275405883789,0.0,0.0,26,23,52.82604217529297
70,30,918609,1207594,20,15,28.53707504272461,26.903648376464844,52.82604217529297,0.0,0.0,26,23,52.29856491088867
70,30,919612,1208731,20,15,28.24697494506836,28.020601272583008,52.29856491088867,0.0,0.0,26,23,54.08440017700195
70,30,919170,1208376,20,15,28.317907333374023,29.025192260742188,54.08440017700195,0.0,0.0,26,23,55.69204330444336
70,30,919462,1208021,20,15,28.420106887817383,29.051069259643555,55.69204330444336,0.0,0.0,26,23,57.142330169677734
70,30,919021,1207807,20,15,28.84763526916504,29.051069259643555,57.142330169677734,0.0,0.0,26,22,59.61988830566406
70,30,918525,1208139,20,15,28.86357307434082,29.051069259643555,59.61988830566406,0.0,0.0,26,22,60.679664611816406
70,30,918872,1208686,20,15,28.799760818481445,29.051069259643555,60.679664611816406,0.0,0.0,26,22,61.63325119018555
70,30,919840,1208936,20,15,28.90398406982422,29.881427764892578,61.63325119018555,0.0,0.0,26,22,62.489837646484375
70,30,920076,1208544,20,15,29.31490707397461,30.618450164794922,62.489837646484375,0.0,0.0,26,22,60.981197357177734
70,30,920367,1208465,20,15,29.539392471313477,29.1790828704834,60.981197357177734,0.0,0.0,26,22,59.62422561645508
70,30,919926,1209025,20,15,29.332244873046875,29.1790828704834,59.62422561645508,0.0,0.0,26,22,57.297096252441406
70,30,920892,1209281,20,15,29.327219009399414,30.111780166625977,57.297096252441406,0.0,0.0,26,22,58.5847053527832
70,30,921182,1209341,20,15,29.153711318969727,30.157913208007812,58.5847053527832,0.0,0.0,26,22,59.74385070800781
70,30,920742,1208771,20,15,29.764070510864258,30.157913208007812,59.74385070800781,0.0,0.0,26,21,60.790252685546875
70,30,920302,1208942,20,15,29.79053497314453,30.88335609436035,60.790252685546875,0.0,0.0,26,22,61.73452377319336
70,30,920537,1209285,20,15,29.76816749572754,30.88335609436035,61.73452377319336,0.0,0.0,26,22,62.58408737182617
70,30,920826,1209941,20,15,29.482696533203125,30.88335609436035,62.58408737182617,0.0,0.0,26,22,64.03270721435547
70,30,921115,1210254,20,15,29.772695541381836,30.88335609436035,64.03270721435547,0.0,0.0,26,21,64.03270721435547
70,30,921404,1209677,20,15,29.772695541381836,31.51782989501953,64.03270721435547,0.0,0.0,26,21,65.20291137695312
70,30,920910,1209743,20,15,29.557252883911133,32.12718200683594,65.20291137695312,0.0,0.0,26,22,65.70216369628906
70,30,921199,1209173,20,15,30.011138916015625,32.10652160644531,65.70216369628906,0.0,0.0,26,21,63.93079376220703
70,30,920706,1208928,20,15,30.48577117919922,30.489770889282227,63.93079376220703,0.0,0.0,26,20,62.33528137207031
70,30,920267,1208812,20,15,30.545818328857422,30.489770889282227,62.33528137207031,0.0,0.0,26,20,59.60420608520508
70,30,920611,1209829,20,15,30.031618118286133,30.489770889282227,59.60420608520508,0.0,0.0,26,20,57.393646240234375
70,30,922296,1211118,20,15,29.386051177978516,30.473041534423828,57.393646240234375,0.0,0.0,26,21,56.44789123535156
70,30,922584,1210670,20,15,29.44136619567871,30.4550724029541,56.44789123535156,0.0,0.0,26,21,55.59600067138672
70,30,922146,1210102,20,15,29.997718811035156,31.115083694458008,55.59600067138672,0.0,0.0,26,20,57.0570182800293
70,30,921708,1210272,20,15,29.928123474121094,31.115083694458008,57.0570182800293,0.0,0.0,26,21,58.37462615966797
70,30,921995,1210679,20,15,29.947113037109375,31.115083694458008,58.37462615966797,0.0,0.0,26,21,55.770687103271484
70,30,922259,1211454,20,15,29.820594787597656,29.21900749206543,55.770687103271484,0.0,0.0,26,21,57.21550369262695
70,30,922546,1211463,20,15,30.053752899169922,30.066177368164062,57.21550369262695,0.0,0.0,26,21,57.21798324584961
70,30,922778,1211172,20,15,29.961294174194336,30.79023551940918,57.21798324584961,0.0,0.0,26,21,56.01171112060547
70,30,922341,1210844,20,15,29.895910263061523,30.79023551940918,56.01171112060547,0.0,0.0,26,21,56.01450729370117
70,30,921849,1210672,20,15,29.806697845458984,31.489337921142578,56.01450729370117,0.0,0.0,26,21,57.4333610534668
70,30,922136,1210682,20,15,29.941062927246094,31.489337921142578,57.4333610534668,0.0,0.0,26,21,58.71287536621094
70,30,921700,1210936,20,15,30.018232345581055,31.489337921142578,58.71287536621094,0.0,0.0,26,21,59.862823486328125
70,30,922685,1210895,20,15,30.310260772705078,30.626571655273438,59.862823486328125,0.0,0.0,26,21,61.82677459716797
70,30,922249,1211219,20,15,30.637266159057617,30.626571655273438,61.82677459716797,0.0,0.0,26,21,63.41576385498047
70,30,923256,1211802,20,15,30.325843811035156,30.645092010498047,63.41576385498047,0.0,0.0,26,21,63.41576385498047
70,30,923541,1211230,20,15,30.325843811035156,30.672744750976562,63.41576385498047,0.0,0.0,26,21,63.41576385498047
70,30,923105,1210659,20,15,30.325843811035156,30.672744750976562,63.41576385498047,0.0,0.0,26,21,63.41576385498047
70,30,922670,1210088,20,15,30.325843811035156,31.423999786376953,63.41576385498047,0.0,0.0,26,21,64.09268188476562
70,30,922180,1209690,20,15,30.258455276489258,31.423999786376953,64.09268188476562,0.0,0.0,26,21,64.70486450195312
70,30,921746,1211007,20,15,29.700180053710938,29.849897384643555,64.70486450195312,0.0,0.0,26,22,61.33353805541992
70,30,923469,1212702,20,15,29.088136672973633,29.849897384643555,61.33353805541992,0.0,0.0,26,22,59.89883804321289
70,30,924472,1213971,20,15,28.642093658447266,30.60626983642578,59.89883804321289,0.0,0.0,26,22,59.89883804321289
70,30,924037,1213400,20,15,28.642093658447266,31.32905387878418,59.89883804321289,0.0,0.0,26,22,60.92644119262695
70,30,923602,1213073,20,15,28.672407150268555,31.32905387878418,60.92644119262695,0.0,0.0,26,22,61.853641510009766
70,30,923114,1213619,20,15,28.42426872253418,29.828392028808594,61.853641510009766,0.0,0.0,26,22,60.40924072265625
70,30,924169,1214534,20,15,28.26218605041504,29.828392028808594,60.40924072265625,0.0,0.0,26,22,59.11007308959961
70,30,925147,1215642,20,15,28.006500244140625,30.593225479125977,59.11007308959961,0.0,0.0,26,23,60.217315673828125
70,30,924713,1215291,20,15,28.11817169189453,31.38083839416504,60.217315673828125,0.0,0.0,26,23,61.214088439941406
70,30,924995,1214941,20,15,28.23649024963379,31.380855560302734,61.214088439941406,0.0,0.0,26,23,62.11301803588867
70,30,924561,1214505,20,15,28.915143966674805,31.380855560302734,62.11301803588867,0.0,0.0,26,22,63.64891052246094
70,30,924128,1214307,20,15,29.64387321472168,31.380855560302734,63.64891052246094,0.0,0.0,26,20,64.30438232421875
70,30,923695,1214989,20,15,29.267019271850586,31.380855560302734,64.30438232421875,0.0,0.0,26,21,64.8954086303711
70,30,924032,1215987,20,15,29.018552780151367,31.380855560302734,64.8954086303711,0.0,0.0,26,21,65.90404510498047
70,30,925798,1217456,20,15,28.57639503479004,31.97181510925293,65.90404510498047,0.0,0.0,26,21,65.9049301147461
70,30,926771,1217511,20,15,28.505578994750977,33.02468490600586,65.9049301147461,0.0,0.0,26,21,66.3351058959961
70,30,926338,1217184,20,15,28.918285369873047,33.02468490600586,66.3351058959961,0.0,0.0,26,21,66.72144317626953
70,30,925959,1217183,20,15,28.78399085998535,33.02468490600586,66.72144317626953,0.0,0.0,26,21,67.38369750976562
70,30,926239,1217585,20,15,28.970399856567383,31.308109283447266,67.38369750976562,0.0,0.0,26,21,60.70637512207031
70,30,926466,1218629,20,15,29.28609848022461,31.308109283447266,60.70637512207031,0.0,0.0,26,22,61.656463623046875
70,30,926724,1218685,20,15,29.26616096496582,31.94827651977539,61.656463623046875,0.0,0.0,26,22,61.66033172607422
70,30,927004,1218639,20,15,29.25629425048828,32.4927978515625,61.66033172607422,0.0,0.0,26,22,62.51353073120117
70,30,926572,1218361,20,15,29.21109390258789,32.4927978515625,62.51353073120117,0.0,0.0,26,22,63.28120803833008
70,30,926851,1218082,20,15,29.173601150512695,32.93191909790039,63.28120803833008,0.0,0.0,26,22,63.972740173339844
70,30,926366,1217576,20,15,29.810754776000977,32.93191909790039,63.972740173339844,0.0,0.0,26,21,65.1549301147461
70,30,925934,1217378,20,15,30.381725311279297,32.90066146850586,65.1549301147461,0.0,0.0,26,20,66.11394500732422
70,30,926160,1218570,20,15,30.28116798400879,32.90066146850586,66.11394500732422,0.0,0.0,26,20,66.89080047607422
70,30,927150,1220197,20,15,29.529130935668945,32.90066146850586,66.89080047607422,0.0,0.0,26,20,66.89203643798828
70,30,927407,1220366,20,15,29.545211791992188,33.72207260131836,66.89203643798828,0.0,0.0,26,21,66.893310546875
70,30,927685,1220039,20,15,29.604564666748047,33.7016487121582,66.893310546875,0.0,0.0,26,20,67.22322845458984
70,30,927254,1219937,20,15,29.386680603027344,33.771514892578125,67.22322845458984,0.0,0.0,26,21,67.52098846435547
70,30,927533,1219942,20,15,29.372461318969727,34.135650634765625,67.52098846435547,0.0,0.0,26,21,68.02887725830078
70,30,927049,1220117,20,15,29.44020652770996,34.135650634765625,68.02887725830078,0.0,0.0,26,21,68.24523162841797
70,30,928035,1220014,20,15,29.240510940551758,34.40013885498047,68.24523162841797,0.0,0.0,26,22,68.44073486328125
70,30,927605,1219658,20,15,29.733367919921875,34.40013885498047,68.44073486328125,0.0,0.0,26,21,68.77446746826172
70,30,927883,1219543,20,15,30.33436393737793,34.40013885498047,68.77446746826172,0.0,0.0,26,20,68.91761779785156
70,30,927453,1219781,20,15,30.306201934814453,34.40013885498047,68.91761779785156,0.0,0.0,26,20,69.04664611816406
70,30,927677,1219840,20,15,30.399446487426758,34.684627532958984,69.04664611816406,0.0,0.0,26,20,69.16270446777344
70,30,928008,1220032,20,15,30.53129768371582,34.684627532958984,69.16270446777344,0.0,0.0,26,21,69.36083984375
70,30,928209,1220255,20,15,30.645782470703125,34.92837905883789,69.36083984375,0.0,0.0,26,21,69.44581604003906
70,30,928540,1220473,20,15,30.663021087646484,35.42278289794922,69.44581604003906,0.0,0.0,26,21,69.44609832763672
70,30,928057,1220077,20,15,30.628826141357422,35.42278289794922,69.44609832763672,0.0,0.0,26,21,69.52143859863281
70,30,927628,1219975,20,15,30.33400535583496,35.655967712402344,69.52143859863281,0.0,0.0,26,21,69.58924865722656
70,30,927905,1219980,20,15,30.266176223754883,35.655967712402344,69.58924865722656,0.0,0.0,26,21,69.70501708984375
70,30,927423,1220154,20,15,30.232646942138672,35.655967712402344,69.70501708984375,0.0,0.0,26,21,67.47168731689453
70,30,928404,1220052,20,15,30.024879455566406,33.66276168823242,67.47168731689453,0.0,0.0,26,22,65.4615249633789
70,30,927976,1219621,20,15,30.521745681762695,33.66276168823242,65.4615249633789,0.0,0.0,26,21,62.022464752197266
70,30,927548,1219423,20,15,31.07801055908203,33.66276168823242,62.022464752197266,0.0,0.0,26,20,59.23738479614258
70,30,927771,1220602,20,15,30.85852813720703,33.66276168823242,59.23738479614258,0.0,0.0,26,20,58.05253219604492
70,30,928803,1221866,20,15,30.266462326049805,33.66276168823242,58.05253219604492,0.0,0.0,26,20,59.265621185302734
70,30,929025,1221333,20,15,30.313100814819336,34.444183349609375,59.265621185302734,0.0,0.0,26,20,60.35765075683594
70,30,928598,1220871,20,15,30.315919876098633,34.444183349609375,60.35765075683594,0.0,0.0,26,20,59.020111083984375
70,30,928873,1220317,20,15,30.66927719116211,32.52220916748047,59.020111083984375,0.0,0.0,26,20,57.81826400756836
70,30,928446,1219881,20,15,31.251296997070312,32.52220916748047,57.81826400756836,0.0,0.0,26,19,56.739540100097656
70,30,927966,1220226,20,15,31.111265182495117,32.52220916748047,56.739540100097656,0.0,0.0,26,19,54.8868522644043
70,30,927594,1221218,20,15,30.339502334594727,32.52220916748047,54.8868522644043,0.0,0.0,26,20,53.38850402832031
70,30,929972,1223020,20,15,29.48143196105957,32.56834030151367,53.38850402832031,0.0,0.0,26,20,53.38850402832031
70,30,930193,1222389,20,15,29.48143196105957,33.01262283325195,53.38850402832031,0.0,0.0,26,20,55.066986083984375
70,30,929766,1222065,20,15,29.457822799682617,33.01262283325195,55.066986083984375,0.0,0.0,26,21,56.580928802490234
70,30,929340,1222663,20,15,29.10601806640625,33.01262283325195,56.580928802490234,0.0,0.0,26,21,55.73215103149414
70,30,930313,1223482,20,15,28.888004302978516,31.283292770385742,55.73215103149414,0.0,0.0,26,21,55.73516845703125
70,30,930565,1223533,20,15,28.804550170898438,31.865657806396484,55.73516845703125,0.0,0.0,26,21,55.738189697265625
70,30,930784,1222910,20,15,29.22029685974121,32.83530044555664,55.738189697265625,0.0,0.0,26,21,58.48215103149414
70,30,930412,1223136,20,15,29.107391357421875,32.83530044555664,58.48215103149414,0.0,0.0,26,21,60.70970916748047
70,30,930685,1223527,20,15,29.219987869262695,32.83530044555664,60.70970916748047,0.0,0.0,26,21,56.35663604736328
70,30,930904,1224316,20,15,29.341915130615234,30.74095344543457,56.35663604736328,0.0,0.0,26,22,55.18304443359375
70,30,931154,1223985,20,15,29.399444580078125,31.33740997314453,55.18304443359375,0.0,0.0,26,22,56.688411712646484
70,30,930729,1224152,20,15,29.444107055664062,31.33740997314453,56.688411712646484,0.0,0.0,26,22,56.6911506652832
70,30,930948,1223921,20,15,29.372560501098633,31.998374938964844,56.6911506652832,0.0,0.0,26,22,58.04001235961914
70,30,930524,1223646,20,15,29.350933074951172,32.576011657714844,58.04001235961914,0.0,0.0,26,22,59.25429916381836
70,30,930796,1223371,20,15,29.337520599365234,32.60063171386719,59.25429916381836,0.0,0.0,26,22,61.333465576171875
70,30,930371,1223193,20,15,30.036956787109375,32.60063171386719,61.333465576171875,0.0,0.0,26,21,63.019649505615234
70,30,930643,1223371,20,15,30.367698669433594,32.60063171386719,63.019649505615234,0.0,0.0,26,20,64.385498046875
70,30,930915,1224015,20,15,30.239757537841797,32.60063171386719,64.385498046875,0.0,0.0,26,20,64.96920013427734
70,30,931186,1224522,20,15,30.29475975036621,31.464290618896484,64.96920013427734,0.0,0.0,26,20,63.22101593017578
70,30,932130,1224785,20,15,30.45764923095703,32.100711822509766,63.22101593017578,0.0,0.0,26,21,63.91938018798828
70,30,931706,1224835,20,15,30.15325355529785,32.100711822509766,63.91938018798828,0.0,0.0,26,21,64.5465316772461
70,30,931955,1224885,20,15,29.859302520751953,33.141204833984375,64.5465316772461,0.0,0.0,26,21,65.11337280273438
70,30,931531,1224457,20,15,30.469324111938477,33.141204833984375,65.11337280273438,0.0,0.0,26,20,66.08167266845703
70,30,931802,1224261,20,15,30.925512313842773,33.16721725463867,66.08167266845703,0.0,0.0,26,19,66.49646759033203
70,30,931379,1225283,20,15,30.32927894592285,33.16721725463867,66.49646759033203,0.0,0.0,26,20,66.86859893798828
70,30,932341,1225895,20,15,29.88344383239746,33.216434478759766,66.86859893798828,0.0,0.0,26,20,67.20114135742188
70,30,932537,1225277,20,15,30.438505172729492,33.686824798583984,67.20114135742188,0.0,0.0,26,19,67.50080108642578
70,30,932114,1225430,20,15,30.281648635864258,33.686824798583984,67.50080108642578,0.0,0.0,26,20,65.72689056396484
70,30,932383,1225814,20,15,30.15339469909668,31.929895401000977,65.72689056396484,0.0,0.0,26,20,62.23221206665039
70,30,932014,1226241,20,15,30.222492218017578,31.929895401000977,62.23221206665039,0.0,0.0,26,21,63.03016662597656
70,30,932974,1226364,20,15,30.248275756835938,33.02413558959961,63.03016662597656,0.0,0.0,26,21,63.74911117553711
70,30,933190,1226297,20,15,30.39383888244629,33.98120880126953,63.74911117553711,0.0,0.0,26,21,63.750389099121094
70,30,932768,1225976,20,15,30.403736114501953,33.98120880126953,63.750389099121094,0.0,0.0,26,21,64.3949966430664
70,30,932347,1225874,20,15,30.127727508544922,34.32545471191406,64.3949966430664,0.0,0.0,26,21,64.97704315185547
70,30,932563,1225807,20,15,30.023967742919922,34.32545471191406,64.97704315185547,0.0,0.0,26,21,65.50090026855469
70,30,932142,1225931,20,15,29.868146896362305,34.32545471191406,65.50090026855469,0.0,0.0,26,21,66.39407348632812
70,30,932410,1225941,20,15,29.822601318359375,34.28334426879883,66.39407348632812,0.0,0.0,26,22,66.7757568359375
70,30,932678,1225516,20,15,30.428178787231445,34.585941314697266,66.7757568359375,0.0,0.0,26,21,64.36080169677734
70,30,932258,1225223,20,15,30.970718383789062,32.214927673339844,64.36080169677734,0.0,0.0,26,20,62.18731689453125
70,30,931838,1225106,20,15,30.93724250793457,32.214927673339844,62.18731689453125,0.0,0.0,26,20,58.4705696105957
70,30,932106,1226331,20,15,30.238868713378906,32.214927673339844,58.4705696105957,0.0,0.0,26,21,55.457096099853516
70,30,933727,1227275,20,15,29.606950759887695,32.743350982666016,55.457096099853516,0.0,0.0,26,21,56.92819595336914
70,30,933942,1226991,20,15,29.483112335205078,32.7634391784668,56.92819595336914,0.0,0.0,26,21,58.25247573852539
70,30,933522,1226445,20,15,29.926513671875,33.19145202636719,58.25247573852539,0.0,0.0,26,20,59.44701385498047
70,30,933102,1226599,20,15,29.933345794677734,33.19145202636719,59.44701385498047,0.0,0.0,26,21,60.524173736572266
70,30,933316,1226909,20,15,29.919466018676758,31.29973030090332,60.524173736572266,0.0,0.0,26,21,57.87962341308594
70,30,933561,1227635,20,15,29.738611221313477,31.29973030090332,57.87962341308594,0.0,0.0,26,21,57.88484191894531
70,30,933828,1227688,20,15,29.746986389160156,31.98715591430664,57.88484191894531,0.0,0.0,26,21,59.11975860595703
70,30,934073,1227853,20,15,29.85989761352539,32.485015869140625,59.11975860595703,0.0,0.0,26,21,60.226470947265625
70,30,933654,1227751,20,15,29.653114318847656,32.485015869140625,60.226470947265625,0.0,0.0,26,22,61.22272491455078
70,30,933867,1227579,20,15,29.46354103088379,32.49295425415039,61.22272491455078,0.0,0.0,26,22,62.121246337890625
70,30,933449,1227156,20,15,30.144933700561523,32.49295425415039,62.121246337890625,0.0,0.0,26,21,63.656375885009766
70,30,933031,1226961,20,15,30.55207633972168,32.49295425415039,63.656375885009766,0.0,0.0,26,20,61.47163772583008
70,30,933297,1227564,20,15,30.12409782409668,30.266429901123047,61.47163772583008,0.0,0.0,26,20,57.735652923583984
70,30,933541,1228775,20,15,30.020322799682617,30.266429901123047,57.735652923583984,0.0,0.0,26,20,57.738372802734375
70,30,934490,1228779,20,15,29.93291473388672,31.620397567749023,57.738372802734375,0.0,0.0,26,20,58.98227310180664
70,30,934072,1228327,20,15,30.062728881835938,31.620397567749023,58.98227310180664,0.0,0.0,26,20,60.10203552246094
70,30,934337,1227875,20,15,30.191837310791016,31.619016647338867,60.10203552246094,0.0,0.0,26,20,61.11155319213867
70,30,933919,1227453,20,15,30.82594871520996,31.619016647338867,61.11155319213867,0.0,0.0,26,20,62.83662033081055
70,30,933502,1227258,20,15,31.189485549926758,31.619016647338867,62.83662033081055,0.0,0.0,26,19,64.23518371582031
70,30,933085,1228729,20,15,30.333311080932617,31.619016647338867,64.23518371582031,0.0,0.0,26,20,65.36804962158203
70,30,935394,1230435,20,15,29.468795776367188,32.27149963378906,65.36804962158203,0.0,0.0,26,20,65.36804962158203
70,30,935658,1229886,20,15,29.468795776367188,32.25754928588867,65.36804962158203,0.0,0.0,26,20,65.36804962158203
70,30,935189,1229270,20,15,29.468795776367188,32.828678131103516,65.36804962158203,0.0,0.0,26,20,65.85149383544922
70,30,934772,1228952,20,15,29.39215850830078,32.828678131103516,65.85149383544922,0.0,0.0,26,21,66.28822326660156
70,30,934356,1229530,20,15,29.06479835510254,32.80754470825195,66.28822326660156,0.0,0.0,26,21,67.0338134765625
70,30,935300,1230323,20,15,28.720935821533203,32.80754470825195,67.0338134765625,0.0,0.0,26,21,67.637939453125
70,30,936221,1231365,20,15,28.326488494873047,32.77529525756836,67.637939453125,0.0,0.0,26,22,67.637939453125
70,30,935805,1230818,20,15,28.326488494873047,33.30348587036133,67.637939453125,0.0,0.0,26,22,67.6376953125
70,30,935337,1230432,20,15,28.41387367248535,33.30348587036133,67.6376953125,0.0,0.0,26,22,67.893798828125
70,30,934921,1231008,20,15,28.16875648498535,31.381439208984375,67.893798828125,0.0,0.0,26,22,66.4456787109375
70,30,935966,1231935,20,15,28.023305892944336,31.381439208984375,66.4456787109375,0.0,0.0,26,22,65.10408782958984
70,30,936885,1232975,20,15,27.717872619628906,31.542490005493164,65.10408782958984,0.0,0.0,26,22,65.46244812011719
70,30,936418,1232567,20,15,27.836597442626953,32.126461029052734,65.46244812011719,0.0,0.0,26,22,65.78509521484375
70,30,936680,1232228,20,15,27.952482223510742,32.53717803955078,65.78509521484375,0.0,0.0,26,22,66.48861694335938
70,30,936264,1232117,20,15,28.425151824951172,32.53717803955078,66.48861694335938,0.0,0.0,26,22,67.19487762451172
70,30,936526,1232342,20,15,28.839122772216797,32.53717803955078,67.19487762451172,0.0,0.0,26,21,67.7669906616211
70,30,936788,1232920,20,15,29.059661865234375,32.53717803955078,67.7669906616211,0.0,0.0,26,21,68.35517883300781
70,30,937049,1233907,20,15,29.090986251831055,32.905982971191406,68.35517883300781,0.0,0.0,26,21,68.56855010986328
70,30,937258,1233831,20,15,28.96673011779785,33.03448486328125,68.56855010986328,0.0,0.0,26,21,68.73204040527344
70,30,936844,1233720,20,15,29.178909301757812,33.15331268310547,68.73204040527344,0.0,0.0,26,21,68.8142318725586
70,30,937105,1233403,20,15,29.192707061767578,33.51499938964844,68.8142318725586,0.0,0.0,26,21,68.95374298095703
70,30,936690,1233175,20,15,29.460458755493164,33.51499938964844,68.95374298095703,0.0,0.0,26,21,69.01273345947266
70,30,936951,1232838,20,15,29.472763061523438,33.68218994140625,69.01273345947266,0.0,0.0,26,21,69.1800537109375
70,30,936486,1233210,20,15,29.312213897705078,33.68218994140625,69.1800537109375,0.0,0.0,26,21,69.32160949707031
70,30,936746,1233438,20,15,29.47515869140625,32.097591400146484,69.32160949707031,0.0,0.0,26,22,66.47688293457031
70,30,937007,1234003,20,15,29.31067657470703,32.097591400146484,66.47688293457031,0.0,0.0,26,22,66.53248596191406
70,30,937246,1233892,20,15,29.50859260559082,32.55192947387695,66.53248596191406,0.0,0.0,26,22,66.55636596679688
70,30,937454,1233508,20,15,29.58030891418457,32.73673629760742,66.55636596679688,0.0,0.0,26,22,66.90016174316406
70,30,937041,1233405,20,15,29.471410751342773,32.73673629760742,66.90016174316406,0.0,0.0,26,22,67.20886993408203
70,30,936628,1233301,20,15,29.358489990234375,32.93578338623047,67.20886993408203,0.0,0.0,26,22,67.52738189697266
70,30,936837,1233453,20,15,29.574115753173828,32.93578338623047,67.52738189697266,0.0,0.0,26,22,66.09504699707031
70,30,937096,1233460,20,15,29.566049575805664,31.702926635742188,66.09504699707031,0.0,0.0,26,22,64.5985107421875
70,30,937356,1233042,20,15,29.984830856323242,31.908206939697266,64.5985107421875,0.0,0.0,26,22,63.251625061035156
70,30,936944,1232753,20,15,30.23203468322754,31.908206939697266,63.251625061035156,0.0,0.0,26,21,62.0394287109375
70,30,936532,1232893,20,15,30.03801727294922,31.908206939697266,62.0394287109375,0.0,0.0,26,21,59.96656799316406
70,30,936791,1234078,20,15,29.68266487121582,31.908206939697266,59.96656799316406,0.0,0.0,26,21,59.08286666870117
70,30,938443,1234692,20,15,29.289030075073242,32.750911712646484,59.08286666870117,0.0,0.0,26,21,60.18402862548828
70,30,938031,1234246,20,15,29.329002380371094,32.750911712646484,60.18402862548828,0.0,0.0,26,21,61.175376892089844
70,30,938238,1233732,20,15,29.407283782958984,32.83574295043945,61.175376892089844,0.0,0.0,26,21,62.07829666137695
70,30,937827,1233783,20,15,29.52764320373535,33.21269607543945,62.07829666137695,0.0,0.0,26,21,62.088314056396484
70,30,938085,1233570,20,15,29.53223419189453,33.50865173339844,62.088314056396484,0.0,0.0,26,21,62.900333404541016
70,30,937622,1233297,20,15,29.934097290039062,33.687538146972656,62.900333404541016,0.0,0.0,26,20,63.63209533691406
70,30,937932,1233364,20,15,29.94669532775879,33.90269470214844,63.63209533691406,0.0,0.0,26,21,64.87541198730469
70,30,937470,1233522,20,15,29.947309494018555,32.396060943603516,64.87541198730469,0.0,0.0,26,21,62.6995964050293
70,30,938396,1234143,20,15,29.843826293945312,32.396060943603516,62.6995964050293,0.0,0.0,26,21,60.17904281616211
70,30,938632,1235209,20,15,29.65679359436035,32.396060943603516,60.17904281616211,0.0,0.0,26,22,59.50300216674805
70,30,939557,1235433,20,15,29.440765380859375,32.776695251464844,59.50300216674805,0.0,0.0,26,22,59.50300216674805
70,30,939146,1234894,20,15,29.440765380859375,32.776695251464844,59.50300216674805,0.0,0.0,26,22,59.50300216674805
70,30,938736,1234354,20,15,29.440765380859375,33.19624328613281,59.50300216674805,0.0,0.0,26,22,60.56812286376953
70,30,938327,1234041,20,15,29.417572021484375,33.19624328613281,60.56812286376953,0.0,0.0,26,22,60.574432373046875
70,30,937866,1234018,20,15,29.236726760864258,33.19624328613281,60.574432373046875,0.0,0.0,26,22,61.54435348510742
70,30,937457,1235226,20,15,28.71755599975586,31.834213256835938,61.54435348510742,0.0,0.0,26,22,59.982460021972656
70,30,939045,1236785,20,15,28.224205017089844,31.834213256835938,59.982460021972656,0.0,0.0,26,23,59.31660079956055
70,30,939946,1237368,20,15,27.98954200744629,32.65379333496094,59.31660079956055,0.0,0.0,26,23,60.40205383300781
70,30,940202,1237054,20,15,28.018117904663086,33.01166915893555,60.40205383300781,0.0,0.0,26,23,60.40699768066406
70,30,939792,1236951,20,15,27.982345581054688,33.01166915893555,60.40699768066406,0.0,0.0,26,23,60.41027069091797
70,30,939383,1236847,20,15,27.952096939086914,31.519834518432617,60.41027069091797,0.0,0.0,26,23,59.5349235534668
70,30,939639,1236845,20,15,28.135801315307617,31.519834518432617,59.5349235534668,0.0,0.0,26,23,58.75080108642578
70,30,939843,1236892,20,15,28.459491729736328,31.030330657958984,58.75080108642578,0.0,0.0,26,23,60.92628479003906
70,30,940078,1236959,20,15,28.96345329284668,31.030330657958984,60.92628479003906,0.0,0.0,26,22,61.85908889770508
70,30,939720,1237196,20,15,29.48320960998535,31.030330657958984,61.85908889770508,0.0,0.0,26,22,63.441864013671875
70,30,940638,1237396,20,15,29.433469772338867,31.13452911376953,63.441864013671875,0.0,0.0,26,22,63.4447021484375
70,30,940842,1236862,20,15,29.714946746826172,31.70073699951172,63.4447021484375,0.0,0.0,26,22,64.1185302734375
70,30,940434,1236904,20,15,29.56684684753418,32.16499710083008,64.1185302734375,0.0,0.0,26,22,64.72557830810547
70,30,940688,1236947,20,15,29.43661880493164,32.31157684326172,64.72557830810547,0.0,0.0,26,22,65.27486419677734
70,30,940280,1236459,20,15,30.154766082763672,32.31157684326172,65.27486419677734,0.0,0.0,26,22,66.21190643310547
70,30,940483,1236132,20,15,30.601665496826172,32.31157684326172,66.21190643310547,0.0,0.0,26,21,66.9731674194336
70,30,940076,1236202,20,15,30.775606155395508,32.31157684326172,66.9731674194336,0.0,0.0,26,21,67.5898208618164
70,30,940279,1237018,20,15,30.39022445678711,32.31157684326172,67.5898208618164,0.0,0.0,26,21,67.85269927978516
70,30,941245,1237705,20,15,29.941041946411133,32.773136138916016,67.85269927978516,0.0,0.0,26,21,68.08810424804688
70,30,941477,1237176,20,15,30.202075958251953,32.773136138916016,68.08810424804688,0.0,0.0,26,21,68.30059051513672
70,30,941070,1237319,20,15,29.998327255249023,33.30366134643555,68.30059051513672,0.0,0.0,26,21,68.49234771728516
70,30,941324,1237682,20,15,29.942319869995117,33.30366134643555,68.49234771728516,0.0,0.0,26,21,68.81928253173828
70,30,941576,1238380,20,15,29.71477508544922,33.30366134643555,68.81928253173828,0.0,0.0,26,22,68.82015991210938
70,30,941829,1238427,20,15,29.581336975097656,33.65562438964844,68.82015991210938,0.0,0.0,26,22,68.9601821899414
70,30,942031,1238514,20,15,29.583820343017578,34.03559112548828,68.9601821899414,0.0,0.0,26,22,67.24330139160156
70,30,941625,1238410,20,15,29.433534622192383,34.14402389526367,67.24330139160156,0.0,0.0,26,22,65.69708251953125
70,30,941219,1238307,20,15,29.304059982299805,34.14402389526367,65.69708251953125,0.0,0.0,26,22,64.14999389648438
70,30,941471,1237780,20,15,29.625102996826172,32.35517120361328,64.14999389648438,0.0,0.0,26,22,62.75883483886719
70,30,941065,1237364,20,15,30.111886978149414,32.35517120361328,62.75883483886719,0.0,0.0,26,21,61.50679016113281
70,30,940660,1237171,20,15,30.171772003173828,31.17555046081543,61.50679016113281,0.0,0.0,26,21,60.18242263793945
70,30,940913,1238336,20,15,29.55558967590332,31.17555046081543,60.18242263793945,0.0,0.0,26,21,59.10969161987305
70,30,942479,1239555,20,15,29.10358428955078,31.271116256713867,59.10969161987305,0.0,0.0,26,22,58.648902893066406
70,30,942730,1239138,20,15,29.157976150512695,31.22345542907715,58.648902893066406,0.0,0.0,26,22,58.23359680175781
70,30,942325,1238612,20,15,29.463003158569336,31.22345542907715,58.23359680175781,0.0,0.0,26,21,57.86320114135742
70,30,941869,1238687,20,15,29.36736297607422,31.90799903869629,57.86320114135742,0.0,0.0,26,21,59.10061264038086
70,30,942121,1239043,20,15,29.442398071289062,31.90799903869629,59.10061264038086,0.0,0.0,26,22,61.209991455078125
70,30,942351,1239732,20,15,29.363866806030273,31.90799903869629,61.209991455078125,0.0,0.0,26,22,61.21279525756836
70,30,943257,1239521,20,15,29.297876358032227,31.164875030517578,61.21279525756836,0.0,0.0,26,22,61.21279525756836
70,30,942853,1238990,20,15,29.297876358032227,31.164875030517578,61.21279525756836,0.0,0.0,26,22,61.21279525756836
70,30,942448,1238459,20,15,29.297876358032227,31.787479400634766,61.21279525756836,0.0,0.0,26,22,62.11054229736328
70,30,942044,1238149,20,15,29.288928985595703,31.787479400634766,62.11054229736328,0.0,0.0,26,22,62.92172622680664
70,30,941591,1238697,20,15,28.943761825561523,31.787479400634766,62.92172622680664,0.0,0.0,26,22,62.09196090698242
70,30,941841,1239840,20,15,28.497722625732422,30.64657211303711,62.09196090698242,0.0,0.0,26,22,60.66814041137695
70,30,943378,1241369,20,15,28.053226470947266,30.64657211303711,60.66814041137695,0.0,0.0,26,22,60.671451568603516
70,30,943577,1241342,20,15,27.961103439331055,31.946178436279297,60.671451568603516,0.0,0.0,26,22,61.62359619140625
70,30,943275,1240992,20,15,28.196834564208984,31.946178436279297,61.62359619140625,0.0,0.0,26,23,62.48079299926758
70,30,943453,1240444,20,15,28.40894317626953,32.433929443359375,62.48079299926758,0.0,0.0,26,23,63.25276184082031
70,30,943101,1240102,20,15,28.924095153808594,32.433929443359375,63.25276184082031,0.0,0.0,26,22,63.94856262207031
70,30,942647,1239844,20,15,29.647127151489258,32.433929443359375,63.94856262207031,0.0,0.0,26,21,65.13646697998047
70,30,942295,1241311,20,15,29.15857696533203,32.87777328491211,65.13646697998047,0.0,0.0,26,21,66.07192993164062
70,30,943798,1243085,20,15,28.52854347229004,32.87777328491211,66.07192993164062,0.0,0.0,26,21,66.48231506347656
70,30,944728,1243719,20,15,28.236310958862305,33.301109313964844,66.48231506347656,0.0,0.0,26,22,66.8515625
70,30,944976,1243195,20,15,28.55213737487793,33.667869567871094,66.8515625,0.0,0.0,26,21,67.18399810791016
70,30,944623,1242945,20,15,28.561859130859375,33.667869567871094,67.18399810791016,0.0,0.0,26,21,67.18445587158203
70,30,944221,1242841,20,15,28.475568771362305,33.979496002197266,67.18445587158203,0.0,0.0,26,21,67.4843978881836
70,30,944469,1242836,20,15,28.555458068847656,33.959571838378906,67.4843978881836,0.0,0.0,26,22,67.75491333007812
70,30,944017,1242986,20,15,28.83403205871582,33.959571838378906,67.75491333007812,0.0,0.0,26,22,66.49260711669922
70,30,944944,1243001,20,15,29.312803268432617,32.68083572387695,66.49260711669922,0.0,0.0,26,22,64.3331069946289
70,30,944543,1243173,20,15,29.60887908935547,32.68083572387695,64.3331069946289,0.0,0.0,26,22,62.586082458496094
70,30,944790,1243790,20,15,29.68520164489746,32.68083572387695,62.586082458496094,0.0,0.0,26,22,62.586082458496094
70,30,945686,1243262,20,15,29.68520164489746,32.70323944091797,62.586082458496094,0.0,0.0,26,22,62.586082458496094
70,30,945285,1242734,20,15,29.68520164489746,32.70323944091797,62.586082458496094,0.0,0.0,26,22,62.586082458496094
70,30,944833,1242140,20,15,29.68520164489746,33.14670181274414,62.586082458496094,0.0,0.0,26,22,63.34323501586914
70,30,944432,1241832,20,15,29.658615112304688,33.14670181274414,63.34323501586914,0.0,0.0,26,22,64.03166961669922
70,30,944032,1243004,20,15,29.03769874572754,32.06174850463867,64.03166961669922,0.0,0.0,26,22,63.12042236328125
70,30,945027,1244226,20,15,28.54853057861328,32.06174850463867,63.12042236328125,0.0,0.0,26,22,61.55854415893555
70,30,945900,1245779,20,15,28.09783935546875,32.06174850463867,61.55854415893555,0.0,0.0,26,23,62.41884231567383
70,30,946096,1245233,20,15,28.345436096191406,33.1567497253418,62.41884231567383,0.0,0.0,26,23,63.193336486816406
70,30,945696,1244754,20,15,28.648584365844727,33.1567497253418,63.193336486816406,0.0,0.0,26,23,63.89059829711914
70,30,945942,1244233,20,15,28.89771842956543,33.19528579711914,63.89059829711914,0.0,0.0,26,22,65.08478546142578
70,30,945541,1244270,20,15,29.156957626342773,33.19528579711914,65.08478546142578,0.0,0.0,26,21,65.59711456298828
70,30,945737,1245132,20,15,29.06636619567871,33.19528579711914,65.59711456298828,0.0,0.0,26,22,66.46849060058594
70,30,945983,1245931,20,15,28.912120819091797,33.19528579711914,66.46849060058594,0.0,0.0,26,22,66.46849060058594
70,30,946874,1245405,20,15,28.912120819091797,33.616249084472656,66.46849060058594,0.0,0.0,26,22,66.46849060058594
70,30,946424,1244813,20,15,28.912120819091797,34.0617790222168,66.46849060058594,0.0,0.0,26,22,66.83814239501953
70,30,946024,1244505,20,15,28.864749908447266,34.0617790222168,66.83814239501953,0.0,0.0,26,22,67.17205047607422
70,30,945625,1245107,20,15,28.54874038696289,34.0617790222168,67.17205047607422,0.0,0.0,26,22,65.58522033691406
70,30,945870,1246231,20,15,28.176647186279297,32.455650329589844,65.58522033691406,0.0,0.0,26,22,62.86986541748047
70,30,947383,1247734,20,15,27.753318786621094,32.455650329589844,62.86986541748047,0.0,0.0,26,22,62.87215042114258
70,30,947627,1247771,20,15,27.688642501831055,33.37041473388672,62.87215042114258,0.0,0.0,26,23,63.601898193359375
70,30,947228,1247293,20,15,27.990142822265625,33.37041473388672,63.601898193359375,0.0,0.0,26,23,64.25886535644531
70,30,947472,1246815,20,15,28.338912963867188,33.40867233276367,64.25886535644531,0.0,0.0,26,23,64.85140228271484
70,30,947073,1246410,20,15,28.788297653198242,33.40867233276367,64.85140228271484,0.0,0.0,26,22,65.86376953125
70,30,946625,1246153,20,15,29.180734634399414,33.40867233276367,65.86376953125,0.0,0.0,26,21,66.6846923828125
70,30,946277,1247597,20,15,28.692516326904297,33.4422607421875,66.6846923828125,0.0,0.0,26,22,67.34974670410156
70,30,947805,1249407,20,15,28.36435890197754,33.4422607421875,67.34974670410156,0.0,0.0,26,22,67.633056640625
70,30,948670,1249963,20,15,28.096946716308594,33.51558303833008,67.633056640625,0.0,0.0,26,22,67.633056640625
70,30,948271,1249438,20,15,28.096946716308594,33.8952522277832,67.633056640625,0.0,0.0,26,22,67.8875732421875
70,30,947823,1249065,20,15,28.11775016784668,33.8952522277832,67.8875732421875,0.0,0.0,26,22,68.11709594726562
70,30,947425,1249601,20,15,27.891845703125,32.61716079711914,68.11709594726562,0.0,0.0,26,22,66.83438873291016
70,30,948309,1250340,20,15,27.86667251586914,32.61716079711914,66.83438873291016,0.0,0.0,26,22,65.6806869506836
70,30,949172,1251314,20,15,27.625268936157227,33.059024810791016,65.6806869506836,0.0,0.0,26,22,66.13004302978516
70,30,948774,1250986,20,15,27.682958602905273,33.471885681152344,66.13004302978516,0.0,0.0,26,22,66.53458404541016
70,30,949016,1250658,20,15,27.682636260986328,33.443153381347656,66.53458404541016,0.0,0.0,26,22,66.90035247802734
70,30,948569,1250188,20,15,28.348669052124023,33.443153381347656,66.90035247802734,0.0,0.0,26,22,67.5245590209961
70,30,948172,1249996,20,15,28.929004669189453,33.443153381347656,67.5245590209961,0.0,0.0,26,21,68.03144836425781
70,30,948414,1251369,20,15,28.443187713623047,33.443153381347656,68.03144836425781,0.0,0.0,26,22,68.44204711914062
70,30,949295,1252999,20,15,28.00934600830078,33.443153381347656,68.44204711914062,0.0,0.0,26,22,68.44204711914062
70,30,949537,1252475,20,15,28.00934600830078,33.461570739746094,68.44204711914062,0.0,0.0,26,22,68.61630249023438
70,30,949140,1252042,20,15,28.12981414794922,33.892513275146484,68.61630249023438,0.0,0.0,26,22,68.91374206542969
70,30,949332,1251550,20,15,28.569059371948242,33.95481872558594,68.91374206542969,0.0,0.0,26,21,68.91407012939453
70,30,948935,1251585,20,15,28.522302627563477,31.75486183166504,68.91407012939453,0.0,0.0,26,21,66.64088439941406
70,30,949176,1251620,20,15,28.448593139648438,32.12983703613281,66.64088439941406,0.0,0.0,26,21,64.72212219238281
70,30,948780,1251216,20,15,29.090330123901367,32.12983703613281,64.72212219238281,0.0,0.0,26,21,61.336524963378906
70,30,949022,1251025,20,15,29.818675994873047,32.486385345458984,61.336524963378906,0.0,0.0,26,20,60.04182815551758
70,30,948626,1251953,20,15,29.322153091430664,32.486385345458984,60.04182815551758,0.0,0.0,26,20,58.85972213745117
70,30,950090,1252955,20,15,28.83624267578125,32.95687484741211,58.85972213745117,0.0,0.0,26,20,59.992523193359375
70,30,950330,1252648,20,15,29.158538818359375,32.95687484741211,59.992523193359375,0.0,0.0,26,20,61.873497009277344
70,30,949935,1252881,20,15,29.200483322143555,32.95687484741211,61.873497009277344,0.0,0.0,26,20,57.758705139160156
70,30,950175,1253441,20,15,29.4717960357666,31.209686279296875,57.758705139160156,0.0,0.0,26,21,56.62162780761719
70,30,950415,1253395,20,15,29.319316864013672,31.39956283569336,56.62162780761719,0.0,0.0,26,21,55.59761428833008
70,30,950654,1252880,20,15,29.92431640625,32.036861419677734,55.59761428833008,0.0,0.0,26,20,57.056060791015625
70,30,950259,1253011,20,15,29.942594528198242,32.036861419677734,57.056060791015625,0.0,0.0,26,20,58.406558990478516
70,30,950548,1253415,20,15,29.913503646850586,32.036861419677734,58.406558990478516,0.0,0.0,26,21,57.32556915283203
70,30,950768,1253979,20,15,29.56960678100586,30.449892044067383,57.32556915283203,0.0,0.0,26,21,57.6821174621582
70,30,950958,1253898,20,15,29.91173553466797,30.91078758239746,57.6821174621582,0.0,0.0,26,21,57.73143005371094
70,30,951197,1253792,20,15,29.902631759643555,31.476476669311523,57.73143005371094,0.0,0.0,26,21,56.457462310791016
70,30,950802,1253486,20,15,29.83333969116211,31.476476669311523,56.457462310791016,0.0,0.0,26,21,56.47907638549805
70,30,950408,1253381,20,15,29.732276916503906,31.476476669311523,56.47907638549805,0.0,0.0,26,21,57.850955963134766
70,30,950598,1253307,20,15,29.765695571899414,32.069969177246094,57.850955963134766,0.0,0.0,26,21,59.10200119018555
70,30,950204,1253512,20,15,29.810102462768555,32.069969177246094,59.10200119018555,0.0,0.0,26,22,59.13056564331055
70,30,950443,1253355,20,15,29.973339080810547,30.707740783691406,59.13056564331055,0.0,0.0,26,22,61.2334098815918
70,30,950661,1253407,20,15,30.2977294921875,30.707740783691406,61.2334098815918,0.0,0.0,26,21,63.662925720214844
70,30,950851,1254153,20,15,30.070125579833984,30.707740783691406,63.662925720214844,0.0,0.0,26,21,63.66896057128906
70,30,951138,1253766,20,15,30.2528018951416,30.866498947143555,63.66896057128906,0.0,0.0,26,21,63.66896057128906
70,30,951376,1253247,20,15,30.2528018951416,31.427980422973633,63.66896057128906,0.0,0.0,26,21,64.897216796875
70,30,950934,1253768,20,15,29.81265640258789,31.853662490844727,64.897216796875,0.0,0.0,26,22,65.42066192626953
70,30,951172,1253256,20,15,30.330198287963867,32.04753875732422,65.42066192626953,0.0,0.0,26,21,65.89775085449219
70,30,950779,1252851,20,15,30.956884384155273,32.04753875732422,65.89775085449219,0.0,0.0,26,20,66.32713317871094
70,30,951017,1252660,20,15,31.018108367919922,32.04753875732422,66.32713317871094,0.0,0.0,26,20,67.06140899658203
70,30,950625,1253559,20,15,30.6965274810791,32.04753875732422,67.06140899658203,0.0,0.0,26,20,67.37797546386719
70,30,952171,1254679,20,15,30.041933059692383,32.478858947753906,67.37797546386719,0.0,0.0,26,20,67.38121032714844
70,30,952358,1254103,20,15,30.409757614135742,32.478858947753906,67.38121032714844,0.0,0.0,26,19,67.66224670410156
70,30,951966,1254233,20,15,30.201642990112305,32.78456115722656,67.66224670410156,0.0,0.0,26,20,68.14086151123047
70,30,952203,1254568,20,15,30.118526458740234,32.88499069213867,68.14086151123047,0.0,0.0,26,20,68.34394836425781
70,30,952391,1254537,20,15,29.896608352661133,32.97483444213867,68.34394836425781,0.0,0.0,26,21,68.52677154541016
70,30,952676,1254634,20,15,29.668960571289062,33.096275329589844,68.52677154541016,0.0,0.0,26,21,68.69133758544922
70,30,952235,1254060,20,15,30.298254013061523,33.096275329589844,68.69133758544922,0.0,0.0,26,20,68.84160614013672
70,30,951844,1254189,20,15,30.29566764831543,33.56329345703125,68.84160614013672,0.0,0.0,26,20,68.97869873046875
70,30,952080,1254524,20,15,30.251314163208008,33.56329345703125,68.97869873046875,0.0,0.0,26,21,69.20956420898438
70,30,952296,1255177,20,15,30.06155776977539,33.56329345703125,69.20956420898438,0.0,0.0,26,21,69.2109603881836
70,30,953111,1254905,20,15,29.98887825012207,32.23446273803711,69.2109603881836,0.0,0.0,26,21,69.2109603881836
70,30,952719,1254390,20,15,29.98887825012207,32.23446273803711,69.2109603881836,0.0,0.0,26,21,69.2109603881836
70,30,952328,1253875,20,15,29.98887825012207,32.86859893798828,69.2109603881836,0.0,0.0,26,21,69.30809783935547
70,30,951938,1253573,20,15,29.934762954711914,32.86859893798828,69.30809783935547,0.0,0.0,26,21,69.3969497680664
70,30,951548,1254153,20,15,29.498153686523438,32.86859893798828,69.3969497680664,0.0,0.0,26,21,69.4774398803711
70,30,951784,1255241,20,15,28.991313934326172,33.335758209228516,69.4774398803711,0.0,0.0,26,22,69.61289978027344
70,30,953250,1256698,20,15,28.42827796936035,33.335758209228516,69.61289978027344,0.0,0.0,26,22,69.6697998046875
70,30,954110,1256730,20,15,28.211986541748047,33.94328689575195,69.6697998046875,0.0,0.0,26,22,69.6703872680664
70,30,953720,1256427,20,15,28.284086227416992,33.94328689575195,69.6703872680664,0.0,0.0,26,22,69.72218322753906
70,30,953281,1256258,20,15,28.21674919128418,33.94328689575195,69.72218322753906,0.0,0.0,26,22,68.08914184570312
70,30,953516,1256248,20,15,28.369586944580078,32.23350143432617,68.08914184570312,0.0,0.0,26,22,66.65808868408203
70,30,953126,1256449,20,15,28.733747482299805,32.23350143432617,66.65808868408203,0.0,0.0,26,22,66.72451782226562
70,30,953360,1256293,20,15,29.10087013244629,31.206768035888672,66.72451782226562,0.0,0.0,26,23,67.3833999633789
70,30,953575,1256343,20,15,29.548452377319336,31.206768035888672,67.3833999633789,0.0,0.0,26,22,67.93579864501953
70,30,953809,1256812,20,15,29.704421997070312,31.206768035888672,67.93579864501953,0.0,0.0,26,22,68.1618423461914
70,30,954043,1256694,20,15,29.816024780273438,31.544340133666992,68.1618423461914,0.0,0.0,26,22,68.1618423461914
70,30,954277,1256182,20,15,29.816024780273438,31.879972457885742,68.1618423461914,0.0,0.0,26,22,68.1618423461914
70,30,953839,1255606,20,15,29.816024780273438,32.43133544921875,68.1618423461914,0.0,0.0,26,22,68.3504638671875
70,30,953450,1255305,20,15,29.873424530029297,32.43133544921875,68.3504638671875,0.0,0.0,26,22,68.54936981201172
70,30,953062,1256425,20,15,29.266796112060547,31.002958297729492,68.54936981201172,0.0,0.0,26,22,67.1640625
70,30,953966,1257530,20,15,28.71273422241211,31.002958297729492,67.1640625,0.0,0.0,26,22,65.90605163574219
70,30,954753,1257904,20,15,28.473854064941406,31.42629051208496,65.90605163574219,0.0,0.0,26,23,65.91557312011719
70,30,954985,1257400,20,15,29.047517776489258,32.015380859375,65.91557312011719,0.0,0.0,26,22,66.71295928955078
70,30,954597,1257524,20,15,29.007080078125,32.015380859375,66.71295928955078,0.0,0.0,26,22,67.37503051757812
70,30,954781,1257794,20,15,29.332134246826172,30.72421646118164,67.37503051757812,0.0,0.0,26,22,64.07254791259766
70,30,955062,1258608,20,15,29.464235305786133,30.72421646118164,64.07254791259766,0.0,0.0,26,22,63.17931365966797
70,30,955275,1258300,20,15,29.54664421081543,31.187652587890625,63.17931365966797,0.0,0.0,26,22,63.893131256103516
70,30,954839,1258724,20,15,29.357667922973633,31.187652587890625,63.893131256103516,0.0,0.0,26,22,63.893131256103516
70,30,955071,1258213,20,15,29.357667922973633,31.581323623657227,63.893131256103516,0.0,0.0,26,22,64.51860809326172
70,30,954683,1257954,20,15,29.339557647705078,31.916778564453125,64.51860809326172,0.0,0.0,26,22,65.08145904541016
70,30,954916,1257696,20,15,29.325401306152344,32.112220764160156,65.08145904541016,0.0,0.0,26,22,66.04739379882812
70,30,954529,1257524,20,15,29.82661247253418,32.112220764160156,66.04739379882812,0.0,0.0,26,21,66.83269500732422
70,30,954760,1257668,20,15,30.125524520874023,32.112220764160156,66.83269500732422,0.0,0.0,26,21,67.46880340576172
70,30,954992,1258228,20,15,29.967815399169922,32.112220764160156,67.46880340576172,0.0,0.0,26,21,67.743408203125
70,30,955224,1258665,20,15,29.99219512939453,31.132211685180664,67.743408203125,0.0,0.0,26,21,66.48255920410156
70,30,956054,1258884,20,15,30.122888565063477,31.599578857421875,66.48255920410156,0.0,0.0,26,21,66.85079193115234
70,30,955667,1258915,20,15,29.89238739013672,31.599578857421875,66.85079193115234,0.0,0.0,26,21,67.18231201171875
70,30,955898,1258946,20,15,29.685453414916992,32.45743179321289,67.18231201171875,0.0,0.0,26,21,67.48345947265625
70,30,955463,1258488,20,15,30.092782974243164,32.45743179321289,67.48345947265625,0.0,0.0,26,21,67.99625396728516
70,30,955694,1258300,20,15,30.340429306030273,32.45743179321289,67.99625396728516,0.0,0.0,26,20,68.21797180175781
70,30,955308,1259196,20,15,29.79726791381836,32.45743179321289,68.21797180175781,0.0,0.0,26,20,68.41719818115234
70,30,956772,1260227,20,15,29.195838928222656,32.773014068603516,68.41719818115234,0.0,0.0,26,21,68.41900634765625
70,30,957002,1259724,20,15,29.760072708129883,33.35044860839844,68.41900634765625,0.0,0.0,26,20,68.75386810302734
70,30,956616,1259847,20,15,29.606529235839844,33.35044860839844,68.75386810302734,0.0,0.0,26,20,67.02769470214844
70,30,956230,1260102,20,15,29.644662857055664,31.55240821838379,67.02769470214844,0.0,0.0,26,20,62.46623229980469
70,30,956441,1260642,20,15,29.84056854248047,31.55240821838379,62.46623229980469,0.0,0.0,26,21,61.23640060424805
70,30,957238,1260076,20,15,30.220829010009766,31.74755859375,61.23640060424805,0.0,0.0,26,20,62.133052825927734
70,30,956804,1260137,20,15,30.08307456970215,32.375240325927734,62.133052825927734,0.0,0.0,26,21,62.94005584716797
70,30,956467,1260432,20,15,29.829647064208984,32.375240325927734,62.94005584716797,0.0,0.0,26,21,62.945980072021484
70,30,956697,1260556,20,15,29.795862197875977,31.02109146118164,62.945980072021484,0.0,0.0,26,21,61.131805419921875
70,30,957521,1260957,20,15,29.726533889770508,31.5334529876709,61.131805419921875,0.0,0.0,26,21,62.041378021240234
70,30,957136,1260945,20,15,29.915781021118164,31.5334529876709,62.041378021240234,0.0,0.0,26,21,61.473106384277344
70,30,957317,1260583,20,15,29.846223831176758,32.18793869018555,61.473106384277344,0.0,0.0,26,21,61.473106384277344
70,30,956932,1260076,20,15,29.846223831176758,32.18793869018555,61.473106384277344,0.0,0.0,26,21,61.47561264038086
70,30,956548,1259972,20,15,29.71917724609375,32.69660186767578,61.47561264038086,0.0,0.0,26,21,62.34990692138672
70,30,956729,1260298,20,15,29.602249145507812,32.69660186767578,62.34990692138672,0.0,0.0,26,22,63.13654708862305
70,30,956345,1260394,20,15,29.766504287719727,31.283409118652344,63.13654708862305,0.0,0.0,26,22,63.84193801879883
70,30,957215,1260102,20,15,30.217205047607422,31.781105041503906,63.84193801879883,0.0,0.0,26,22,65.04964447021484
70,30,956880,1260420,20,15,30.560468673706055,31.781105041503906,65.04964447021484,0.0,0.0,26,22,66.02643585205078
70,30,957720,1260895,20,15,30.34763526916504,31.865442276000977,66.02643585205078,0.0,0.0,26,22,66.02643585205078
70,30,957900,1260327,20,15,30.34763526916504,31.90562629699707,66.02643585205078,0.0,0.0,26,22,66.02643585205078
70,30,957517,1259822,20,15,30.34763526916504,32.378379821777344,66.02643585205078,0.0,0.0,26,22,66.44245147705078
70,30,957133,1259525,20,15,30.281156539916992,32.484859466552734,66.44245147705078,0.0,0.0,26,22,66.44274139404297
70,30,956702,1259492,20,15,30.02066421508789,32.484859466552734,66.44274139404297,0.0,0.0,26,22,66.81774139404297
70,30,956320,1260590,20,15,29.405101776123047,31.298799514770508,66.81774139404297,0.0,0.0,26,22,64.61162567138672
70,30,957865,1261602,20,15,28.93245506286621,31.298799514770508,64.61162567138672,0.0,0.0,26,22,63.67261505126953
70,30,958683,1262660,20,15,28.463245391845703,31.850038528442383,63.67261505126953,0.0,0.0,26,23,63.67261505126953
70,30,958348,1262219,20,15,28.463245391845703,32.3586311340332,63.67261505126953,0.0,0.0,26,23,64.32233428955078
70,30,957965,1261921,20,15,28.4630184173584,32.3586311340332,64.32233428955078,0.0,0.0,26,23,64.90876770019531
70,30,957583,1262426,20,15,28.193954467773438,31.084218978881836,64.90876770019531,0.0,0.0,26,23,63.85276412963867
70,30,958372,1263061,20,15,28.078264236450195,31.72018051147461,63.85276412963867,0.0,0.0,26,23,64.48764038085938
70,30,959188,1263982,20,15,27.860172271728516,32.228084564208984,64.48764038085938,0.0,0.0,26,23,65.05696868896484
70,30,958806,1263665,20,15,27.904754638671875,32.66444778442383,65.05696868896484,0.0,0.0,26,23,65.56950378417969
70,30,958985,1263285,20,15,27.986173629760742,32.685264587402344,65.56950378417969,0.0,0.0,26,23,66.03191375732422
70,30,958603,1262895,20,15,28.659616470336914,32.685264587402344,66.03191375732422,0.0,0.0,26,22,66.82182312011719
70,30,958221,1262708,20,15,29.265350341796875,32.685264587402344,66.82182312011719,0.0,0.0,26,21,67.46248626708984
70,30,958447,1264008,20,15,28.737462997436523,32.685264587402344,67.46248626708984,0.0,0.0,26,22,67.98210906982422
70,30,959281,1265554,20,15,28.2216854095459,32.83400344848633,67.98210906982422,0.0,0.0,26,22,67.98210906982422
70,30,959554,1265113,20,15,28.2216854095459,33.24446105957031,67.98210906982422,0.0,0.0,26,22,68.20214080810547
70,30,959780,1264717,20,15,28.309200286865234,33.684932708740234,68.20214080810547,0.0,0.0,26,22,68.57862091064453
70,30,959351,1264357,20,15,28.642589569091797,33.684932708740234,68.57862091064453,0.0,0.0,26,22,68.74232482910156
70,30,959017,1264638,20,15,28.85736656188965,33.684932708740234,68.74232482910156,0.0,0.0,26,22,64.98722839355469
70,30,959195,1265101,20,15,28.97765350341797,32.440650939941406,64.98722839355469,0.0,0.0,26,22,63.0687370300293
70,30,960008,1265533,20,15,29.05862808227539,32.887840270996094,63.0687370300293,0.0,0.0,26,22,63.7824592590332
70,30,959627,1265667,20,15,29.010211944580078,32.887840270996094,63.7824592590332,0.0,0.0,26,22,64.42265319824219
70,30,959852,1265695,20,15,28.866817474365234,33.35050964355469,64.42265319824219,0.0,0.0,26,22,64.42481231689453
70,30,959424,1265175,20,15,29.214916229248047,33.817989349365234,64.42481231689453,0.0,0.0,26,22,64.4265365600586
70,30,959649,1264718,20,15,29.561824798583984,34.160579681396484,64.4265365600586,0.0,0.0,26,22,65.00482940673828
70,30,959269,1264752,20,15,29.899545669555664,34.160579681396484,65.00482940673828,0.0,0.0,26,21,65.52256774902344
70,30,959493,1264780,20,15,29.755468368530273,34.547035217285156,65.52256774902344,0.0,0.0,26,21,65.98949432373047
70,30,959066,1264261,20,15,30.49073028564453,34.547035217285156,65.98949432373047,0.0,0.0,26,21,66.78728485107422
70,30,959338,1264075,20,15,30.999792098999023,34.58733367919922,66.78728485107422,0.0,0.0,26,20,67.43416595458984
70,30,958959,1264128,20,15,31.132007598876953,34.58733367919922,67.43416595458984,0.0,0.0,26,20,67.95814514160156
70,30,959136,1264861,20,15,30.648555755615234,34.58733367919922,67.95814514160156,0.0,0.0,26,21,68.1821517944336
70,30,959945,1265378,20,15,30.192596435546875,34.92500686645508,68.1821517944336,0.0,0.0,26,21,68.18182373046875
70,30,960169,1264917,20,15,30.595460891723633,35.13283920288086,68.18182373046875,0.0,0.0,26,21,68.18182373046875
70,30,959742,1264355,20,15,30.595460891723633,35.35942840576172,68.18182373046875,0.0,0.0,26,21,68.38309478759766
70,30,959364,1264060,20,15,30.596357345581055,35.35942840576172,68.38309478759766,0.0,0.0,26,21,68.56534576416016
70,30,958985,1264558,20,15,30.13634490966797,35.35942840576172,68.56534576416016,0.0,0.0,26,21,67.16659545898438
70,30,959811,1265246,20,15,29.69047737121582,33.853172302246094,67.16659545898438,0.0,0.0,26,21,65.90839385986328
70,30,960016,1266156,20,15,29.15475845336914,33.853172302246094,65.90839385986328,0.0,0.0,26,22,66.33673858642578
70,30,960192,1265780,20,15,29.18241310119629,34.5529670715332,66.33673858642578,0.0,0.0,26,22,66.72236633300781
70,30,959814,1265466,20,15,29.191606521606445,34.5529670715332,66.72236633300781,0.0,0.0,26,22,67.06875610351562
70,30,960018,1264974,20,15,29.519197463989258,34.78831100463867,67.06875610351562,0.0,0.0,26,21,67.38026428222656
70,30,959688,1264918,20,15,29.521982192993164,34.78831100463867,67.38026428222656,0.0,0.0,26,21,67.91295623779297
70,30,959911,1265105,20,15,29.728368759155273,34.78831100463867,67.91295623779297,0.0,0.0,26,21,68.52861022949219
70,30,960134,1265696,20,15,29.77903938293457,34.75741195678711,68.52861022949219,0.0,0.0,26,21,68.97832489013672
70,30,960910,1266590,20,15,29.507726669311523,34.99271774291992,68.97832489013672,0.0,0.0,26,21,69.09996795654297
70,30,960532,1266479,20,15,29.619903564453125,35.19497299194336,69.09996795654297,0.0,0.0,26,21,69.20940399169922
70,30,960755,1266275,20,15,29.500459671020508,35.2745475769043,69.20940399169922,0.0,0.0,26,21,69.30883026123047
70,30,960330,1266004,20,15,29.687192916870117,35.2745475769043,69.30883026123047,0.0,0.0,26,21,69.39833068847656
70,30,960553,1265888,20,15,29.714405059814453,35.444820404052734,69.39833068847656,0.0,0.0,26,21,69.47874450683594
70,30,960176,1265604,20,15,30.023778915405273,35.444820404052734,69.47874450683594,0.0,0.0,26,21,69.55177307128906
70,30,960398,1265517,20,15,30.206165313720703,34.01755142211914,69.55177307128906,0.0,0.0,26,21,66.80855560302734
70,30,960022,1266366,20,15,29.936992645263672,34.01755142211914,66.80855560302734,0.0,0.0,26,22,64.58656311035156
70,30,961441,1267479,20,15,29.496376037597656,34.02112579345703,64.58656311035156,0.0,0.0,26,22,64.58656311035156
70,30,961662,1266982,20,15,29.496376037597656,34.46046447753906,64.58656311035156,0.0,0.0,26,22,65.14672088623047
70,30,961286,1266689,20,15,29.516782760620117,34.46046447753906,65.14672088623047,0.0,0.0,26,22,65.14768981933594
70,30,960862,1266522,20,15,29.37190818786621,33.117958068847656,65.14768981933594,0.0,0.0,26,22,64.12176513671875
70,30,961131,1266570,20,15,29.40468978881836,33.117958068847656,64.12176513671875,0.0,0.0,26,22,63.200016021728516
70,30,960755,1266759,20,15,29.50006103515625,33.117958068847656,63.200016021728516,0.0,0.0,26,22,63.20330047607422
70,30,961070,1266729,20,15,29.65135383605957,31.964988708496094,63.20330047607422,0.0,0.0,26,22,61.621219635009766
70,30,961273,1266773,20,15,30.037635803222656,31.964988708496094,61.621219635009766,0.0,0.0,26,22,60.34224319458008
70,30,961494,1267218,20,15,30.092592239379883,31.964988708496094,60.34224319458008,0.0,0.0,26,22,59.79343795776367
70,30,962311,1267039,20,15,29.97123146057129,31.932891845703125,59.79343795776367,0.0,0.0,26,22,59.79343795776367
70,30,961935,1266544,20,15,29.97123146057129,31.932891845703125,59.79343795776367,0.0,0.0,26,22,59.79343795776367
70,30,961513,1265988,20,15,29.97123146057129,32.54241943359375,59.79343795776367,0.0,0.0,26,22,60.83176040649414
70,30,961138,1265696,20,15,29.96367835998535,32.54241943359375,60.83176040649414,0.0,0.0,26,22,61.77200698852539
70,30,960763,1266764,20,15,29.31928825378418,31.26245880126953,61.77200698852539,0.0,0.0,26,22,60.180423736572266
70,30,962174,1268145,20,15,28.69032096862793,31.26245880126953,60.180423736572266,0.0,0.0,26,23,59.505069732666016
70,30,962970,1269174,20,15,28.294315338134766,31.857013702392578,59.505069732666016,0.0,0.0,26,23,60.57093048095703
70,30,962595,1268724,20,15,28.548044204711914,32.4798469543457,60.57093048095703,0.0,0.0,26,23,61.53046417236328
70,30,962768,1268212,20,15,28.791719436645508,32.50572967529297,61.53046417236328,0.0,0.0,26,23,62.3957633972168
70,30,962394,1267829,20,15,29.268354415893555,32.50572967529297,62.3957633972168,0.0,0.0,26,22,63.17319869995117
70,30,962066,1267399,20,15,29.527320861816406,32.50572967529297,63.17319869995117,0.0,0.0,26,21,63.87543487548828
70,30,961645,1267671,20,15,29.56049346923828,32.50572967529297,63.87543487548828,0.0,0.0,26,21,64.48622131347656
70,30,961272,1268935,20,15,29.04758644104004,32.49510192871094,64.48622131347656,0.0,0.0,26,22,65.56832885742188
70,30,962678,1270600,20,15,28.569761276245117,32.49510192871094,65.56832885742188,0.0,0.0,26,22,66.02713775634766
70,30,963471,1270588,20,15,28.409048080444336,33.02848815917969,66.02713775634766,0.0,0.0,26,22,66.440673828125
70,30,963097,1270295,20,15,28.3929500579834,33.02848815917969,66.440673828125,0.0,0.0,26,22,66.81358337402344
70,30,962677,1270721,20,15,28.17006492614746,33.02848815917969,66.81358337402344,0.0,0.0,26,22,65.29175567626953
70,30,962942,1271288,20,15,27.977336883544922,31.510713577270508,65.29175567626953,0.0,0.0,26,22,63.923011779785156
70,30,963688,1271901,20,15,27.89072036743164,31.510713577270508,63.923011779785156,0.0,0.0,26,22,63.923980712890625
70,30,963906,1271795,20,15,27.864065170288086,32.636688232421875,63.923980712890625,0.0,0.0,26,22,64.54767608642578
70,30,963533,1271406,20,15,28.022001266479492,32.636688232421875,64.54767608642578,0.0,0.0,26,22,65.10916137695312
70,30,963160,1271018,20,15,28.141382217407227,32.636688232421875,65.10916137695312,0.0,0.0,26,22,65.61521911621094
70,30,963378,1270694,20,15,28.578916549682617,32.636688232421875,65.61521911621094,0.0,0.0,26,22,66.48013305664062
70,30,962959,1270514,20,15,28.839353561401367,32.636688232421875,66.48013305664062,0.0,0.0,26,22,67.18119812011719
70,30,963177,1271186,20,15,28.992700576782227,31.402664184570312,67.18119812011719,0.0,0.0,26,22,64.72943878173828
70,30,963985,1272175,20,15,28.685976028442383,32.08369445800781,64.72943878173828,0.0,0.0,26,22,64.72943878173828
70,30,964184,1271683,20,15,28.685976028442383,32.621604919433594,64.72943878173828,0.0,0.0,26,22,64.72943878173828
70,30,963812,1271192,20,15,28.685976028442383,33.01893997192383,64.72943878173828,0.0,0.0,26,22,65.27275085449219
70,30,963393,1270839,20,15,28.698150634765625,33.01893997192383,65.27275085449219,0.0,0.0,26,22,65.76287841796875
70,30,963021,1271324,20,15,28.44740867614746,33.003360748291016,65.76287841796875,0.0,0.0,26,22,66.20494842529297
70,30,963828,1271995,20,15,28.379497528076172,33.003360748291016,66.20494842529297,0.0,0.0,26,22,66.60273742675781
70,30,964616,1272883,20,15,28.099760055541992,33.87283706665039,66.60273742675781,0.0,0.0,26,23,66.958984375
70,30,964244,1272573,20,15,28.13970947265625,33.95383834838867,66.958984375,0.0,0.0,26,23,67.27970123291016
70,30,964461,1272263,20,15,28.160358428955078,34.005191802978516,67.27970123291016,0.0,0.0,26,23,67.56964111328125
70,30,964043,1271821,20,15,28.750070571899414,34.005191802978516,67.56964111328125,0.0,0.0,26,22,68.06446075439453
70,30,963718,1271697,20,15,29.24344825744629,34.005191802978516,68.06446075439453,0.0,0.0,26,21,68.46627044677734
70,30,963935,1272952,20,15,28.726024627685547,34.005191802978516,68.46627044677734,0.0,0.0,26,22,68.79191589355469
70,30,964739,1274443,20,15,28.18500328063965,34.04428482055664,68.79191589355469,0.0,0.0,26,22,68.79191589355469
70,30,964955,1273953,20,15,28.18500328063965,34.45134735107422,68.79191589355469,0.0,0.0,26,22,68.79264068603516
70,30,964584,1273547,20,15,28.53727912902832,34.82608413696289,68.79264068603516,0.0,0.0,26,22,68.79399871826172
70,30,964754,1273085,20,15,29.47648811340332,35.13114929199219,68.79399871826172,0.0,0.0,26,21,68.93241882324219
70,30,964383,1273109,20,15,29.31842613220215,33.73567199707031,68.93241882324219,0.0,0.0,26,21,67.48599243164062
70,30,964599,1273133,20,15,29.192279815673828,33.727134704589844,67.48599243164062,0.0,0.0,26,21,65.01152038574219
70,30,964183,1272692,20,15,30.03685760498047,33.727134704589844,65.01152038574219,0.0,0.0,26,20,63.95676803588867
70,30,964399,1272507,20,15,30.11911392211914,33.727134704589844,63.95676803588867,0.0,0.0,26,20,63.009132385253906
70,30,964075,1273414,20,15,29.53226661682129,33.727134704589844,63.009132385253906,0.0,0.0,26,20,62.15503692626953
70,30,964830,1273852,20,15,29.20077133178711,34.1745719909668,62.15503692626953,0.0,0.0,26,21,62.95402526855469
70,30,965046,1273407,20,15,29.401018142700195,34.130191802978516,62.95402526855469,0.0,0.0,26,21,63.67503356933594
70,30,964676,1273436,20,15,29.537189483642578,34.130191802978516,63.67503356933594,0.0,0.0,26,20,63.6767578125
70,30,964845,1273174,20,15,29.46933937072754,32.998085021972656,63.6767578125,0.0,0.0,26,20,64.32720184326172
70,30,964476,1272796,20,15,30.18997573852539,32.998085021972656,64.32720184326172,0.0,0.0,26,20,64.91400146484375
70,30,964107,1272612,20,15,30.730100631713867,31.624889373779297,64.91400146484375,0.0,0.0,26,19,62.701019287109375
70,30,964368,1273690,20,15,30.559926986694336,31.624889373779297,62.701019287109375,0.0,0.0,26,19,60.141075134277344
70,30,965705,1275040,20,15,29.937440872192383,31.624889373779297,60.141075134277344,0.0,0.0,26,20,61.14189529418945
70,30,965920,1275063,20,15,29.767398834228516,32.73374557495117,61.14189529418945,0.0,0.0,26,20,62.044105529785156
70,30,965597,1274834,20,15,29.774063110351562,32.73374557495117,62.044105529785156,0.0,0.0,26,20,62.04689407348633
70,30,965182,1274668,20,15,29.607759475708008,33.22890853881836,62.04689407348633,0.0,0.0,26,20,62.859493255615234
70,30,965396,1274652,20,15,29.575603485107422,33.22890853881836,62.859493255615234,0.0,0.0,26,21,63.59185028076172
70,30,964982,1274772,20,15,29.627065658569336,32.037445068359375,63.59185028076172,0.0,0.0,26,21,63.59294128417969
70,30,965761,1274667,20,15,29.45932388305664,33.06507873535156,63.59294128417969,0.0,0.0,26,21,64.2514877319336
70,30,965438,1274350,20,15,29.99666976928711,33.06507873535156,64.2514877319336,0.0,0.0,26,20,64.84513092041016
70,30,965070,1274166,20,15,30.522676467895508,33.06507873535156,64.84513092041016,0.0,0.0,26,19,65.8584976196289
70,30,965238,1275118,20,15,30.377084732055664,33.06507873535156,65.8584976196289,0.0,0.0,26,19,66.6787109375
70,30,966662,1276145,20,15,29.76836395263672,33.12969207763672,66.6787109375,0.0,0.0,26,20,66.68115997314453
70,30,966294,1275742,20,15,29.89626693725586,33.5573616027832,66.68115997314453,0.0,0.0,26,20,66.68346405029297
70,30,965926,1275339,20,15,30.003520965576172,33.5573616027832,66.68346405029297,0.0,0.0,26,20,66.68397521972656
70,30,966139,1274859,20,15,30.47089195251465,32.37898635864258,66.68397521972656,0.0,0.0,26,19,65.31167602539062
70,30,965772,1274478,20,15,31.043493270874023,32.37898635864258,65.31167602539062,0.0,0.0,26,18,64.07659912109375
70,30,965405,1274293,20,15,31.10769271850586,32.37898635864258,64.07659912109375,0.0,0.0,26,19,61.06212615966797
70,30,964992,1275990,20,15,30.187170028686523,32.37898635864258,61.06212615966797,0.0,0.0,26,20,60.253929138183594
70,30,966947,1276640,20,15,29.66088104248047,32.9176139831543,60.253929138183594,0.0,0.0,26,20,60.253929138183594
70,30,967160,1276155,20,15,29.66088104248047,33.837528228759766,60.253929138183594,0.0,0.0,26,20,61.24393081665039
70,30,966793,1275867,20,15,29.737333297729492,33.837528228759766,61.24393081665039,0.0,0.0,26,20,62.13749313354492
70,30,966426,1276341,20,15,29.359460830688477,32.56665802001953,62.13749313354492,0.0,0.0,26,21,61.41444778442383
70,30,967218,1276999,20,15,29.002849578857422,32.56665802001953,61.41444778442383,0.0,0.0,26,21,61.416893005371094
70,30,967991,1277021,20,15,28.794626235961914,33.525264739990234,61.416893005371094,0.0,0.0,26,21,61.41933059692383
70,30,967578,1276484,20,15,29.39111328125,33.992393493652344,61.41933059692383,0.0,0.0,26,21,63.07999038696289
70,30,967211,1276593,20,15,29.434486389160156,33.992393493652344,63.07999038696289,0.0,0.0,26,21,64.42910766601562
70,30,967423,1276896,20,15,29.768896102905273,32.25672912597656,64.42910766601562,0.0,0.0,26,21,60.56694793701172
70,30,967635,1277588,20,15,29.770292282104492,32.25672912597656,60.56694793701172,0.0,0.0,26,21,59.5284423828125
70,30,967783,1277563,20,15,29.617008209228516,32.77497863769531,59.5284423828125,0.0,0.0,26,21,60.5960578918457
70,30,967463,1277741,20,15,29.468843460083008,32.77497863769531,60.5960578918457,0.0,0.0,26,21,60.5960578918457
70,30,967674,1277258,20,15,29.468843460083008,33.27436447143555,60.5960578918457,0.0,0.0,26,21,62.412818908691406
70,30,967263,1277184,20,15,29.47429847717285,33.73883056640625,62.412818908691406,0.0,0.0,26,21,63.18701171875
70,30,967474,1276707,20,15,29.850902557373047,33.74847412109375,63.18701171875,0.0,0.0,26,21,63.8858642578125
70,30,967109,1276327,20,15,30.17410659790039,33.74847412109375,63.8858642578125,0.0,0.0,26,20,64.5165023803711
70,30,966698,1276587,20,15,30.039430618286133,33.74065399169922,64.5165023803711,0.0,0.0,26,20,65.59036254882812
70,30,966955,1277146,20,15,29.946025848388672,33.74065399169922,65.59036254882812,0.0,0.0,26,20,66.46266174316406
70,30,967743,1278537,20,15,29.416399002075195,34.206336975097656,66.46266174316406,0.0,0.0,26,21,66.4648666381836
70,30,968466,1278693,20,15,29.223546981811523,34.62190246582031,66.4648666381836,0.0,0.0,26,21,66.4648666381836
70,30,968101,1278211,20,15,29.223546981811523,34.62190246582031,66.4648666381836,0.0,0.0,26,21,66.83589172363281
70,30,967736,1278106,20,15,29.111467361450195,34.59002685546875,66.83589172363281,0.0,0.0,26,21,67.17147827148438
70,30,967946,1278089,20,15,29.3070011138916,34.90007019042969,67.17147827148438,0.0,0.0,26,21,67.7431869506836
70,30,967582,1278266,20,15,29.47885513305664,33.461734771728516,67.7431869506836,0.0,0.0,26,22,66.42156982421875
70,30,968367,1278161,20,15,29.344942092895508,33.380470275878906,66.42156982421875,0.0,0.0,26,22,64.16162109375
70,30,967957,1277727,20,15,30.260087966918945,33.380470275878906,64.16162109375,0.0,0.0,26,20,63.19880676269531
70,30,967593,1277544,20,15,30.34183692932129,33.380470275878906,63.19880676269531,0.0,0.0,26,20,61.55241012573242
70,30,967804,1278546,20,15,29.775663375854492,33.380470275878906,61.55241012573242,0.0,0.0,26,21,60.218841552734375
70,30,969207,1279911,20,15,29.074888229370117,33.407196044921875,60.218841552734375,0.0,0.0,26,21,59.64737319946289
70,30,969417,1279511,20,15,29.201162338256836,33.81219482421875,59.64737319946289,0.0,0.0,26,21,60.6986083984375
70,30,969053,1279036,20,15,29.481428146362305,33.81219482421875,60.6986083984375,0.0,0.0,26,21,61.645973205566406
70,30,968643,1279085,20,15,29.386133193969727,34.12400817871094,61.645973205566406,0.0,0.0,26,21,62.50010681152344
70,30,968853,1279381,20,15,29.434606552124023,34.12400817871094,62.50010681152344,0.0,0.0,26,21,60.93766784667969
70,30,969062,1279972,20,15,29.334192276000977,32.72466278076172,60.93766784667969,0.0,0.0,26,22,60.94172668457031
70,30,969844,1280054,20,15,29.286081314086914,33.64045333862305,60.94172668457031,0.0,0.0,26,22,61.86393737792969
70,30,969435,1279795,20,15,29.1899471282959,33.590023040771484,61.86393737792969,0.0,0.0,26,22,62.69413757324219
70,30,969072,1279596,20,15,29.11191749572754,33.590023040771484,62.69413757324219,0.0,0.0,26,22,63.441986083984375
70,30,969326,1279182,20,15,29.588829040527344,33.93061447143555,63.441986083984375,0.0,0.0,26,21,63.443145751953125
70,30,968963,1278984,20,15,29.57701873779297,34.281742095947266,63.443145751953125,0.0,0.0,26,21,64.11561584472656
70,30,969172,1278966,20,15,29.566486358642578,34.281742095947266,64.11561584472656,0.0,0.0,26,22,64.11671447753906
70,30,969127,1279280,20,15,29.47822380065918,34.281742095947266,64.11671447753906,0.0,0.0,26,22,64.72183227539062
70,30,968991,1279381,20,15,29.708032608032227,34.281742095947266,64.72183227539062,0.0,0.0,26,22,63.354373931884766
70,30,969290,1279730,20,15,29.462753295898438,32.51002883911133,63.354373931884766,0.0,0.0,26,22,62.123661041259766
70,30,969572,1279659,20,15,29.607316970825195,32.51002883911133,62.123661041259766,0.0,0.0,26,22,60.02149200439453
70,30,969871,1280676,20,15,29.475154876708984,32.51002883911133,60.02149200439453,0.0,0.0,26,22,60.02149200439453
70,30,969780,1280556,20,15,29.475154876708984,32.51002883911133,60.02149200439453,0.0,0.0,26,22,59.11377716064453
70,30,971222,1281952,20,15,29.121923446655273,32.98358154296875,59.11377716064453,0.0,0.0,26,22,59.11377716064453
70,30,972045,1281533,20,15,29.121923446655273,33.81623077392578,59.11377716064453,0.0,0.0,26,22,60.2164306640625
70,30,971955,1281787,20,15,28.995529174804688,33.81623077392578,60.2164306640625,0.0,0.0,26,22,60.2164306640625
70,30,971728,1281487,20,15,28.995529174804688,33.81623077392578,60.2164306640625,0.0,0.0,26,22,61.211204528808594
70,30,972026,1281589,20,15,29.161632537841797,34.25445556640625,61.211204528808594,0.0,0.0,26,22,61.211204528808594
70,30,971890,1281409,20,15,29.161632537841797,34.25445556640625,61.211204528808594,0.0,0.0,26,22,62.91017150878906
70,30,971754,1281883,20,15,29.290903091430664,34.25445556640625,62.91017150878906,0.0,0.0,26,23,63.63544464111328
70,30,972006,1282186,20,15,29.079870223999023,34.25445556640625,63.63544464111328,0.0,0.0,26,23,61.60070037841797
70,30,972720,1283012,20,15,29.04730796813965,32.466060638427734,61.60070037841797,0.0,0.0,26,23,59.422325134277344
70,30,972448,1283300,20,15,29.13753890991211,32.466060638427734,59.422325134277344,0.0,0.0,26,23,57.65962600708008
70,30,973775,1284199,20,15,28.809215545654297,32.466060638427734,57.65962600708008,0.0,0.0,26,23,58.90729522705078
70,30,974505,1283742,20,15,28.97871208190918,33.03485870361328,58.90729522705078,0.0,0.0,26,23,60.03048324584961
70,30,974051,1283149,20,15,29.296611785888672,33.03485870361328,60.03048324584961,0.0,0.0,26,22,61.043888092041016
70,30,973689,1283255,20,15,29.216461181640625,33.03485870361328,61.043888092041016,0.0,0.0,26,22,61.9580192565918
70,30,973895,1283548,20,15,29.351219177246094,33.518768310546875,61.9580192565918,0.0,0.0,26,22,63.51676940917969
70,30,974055,1284069,20,15,29.28690528869629,32.30762481689453,63.51676940917969,0.0,0.0,26,22,63.52136993408203
70,30,974765,1284034,20,15,29.840665817260742,32.910030364990234,63.52136993408203,0.0,0.0,26,21,64.18388366699219
70,30,974358,1283993,20,15,29.644540786743164,32.910030364990234,64.18388366699219,0.0,0.0,26,22,64.78428649902344
70,30,973950,1284225,20,15,29.533843994140625,32.910030364990234,64.78428649902344,0.0,0.0,26,22,65.80403137207031
70,30,974678,1284271,20,15,29.572351455688477,32.922401428222656,65.80403137207031,0.0,0.0,26,22,66.23917388916016
70,30,974838,1284194,20,15,29.424196243286133,33.34779739379883,66.23917388916016,0.0,0.0,26,22,66.63090515136719
70,30,974431,1283664,20,15,29.786766052246094,33.34779739379883,66.63090515136719,0.0,0.0,26,21,66.98297882080078
70,30,974024,1283729,20,15,29.548709869384766,33.74126052856445,66.98297882080078,0.0,0.0,26,21,67.30010223388672
70,30,974184,1283961,20,15,29.483261108398438,33.74126052856445,67.30010223388672,0.0,0.0,26,22,67.84194946289062
70,30,974344,1284482,20,15,29.472822189331055,33.75959014892578,67.84194946289062,0.0,0.0,26,22,67.84262084960938
70,30,974548,1284502,20,15,29.34221649169922,34.095237731933594,67.84262084960938,0.0,0.0,26,22,68.0740966796875
70,30,974708,1284554,20,15,29.21201515197754,34.70570373535156,68.0740966796875,0.0,0.0,26,21,68.28235626220703
70,30,974347,1284401,20,15,29.12078094482422,34.70570373535156,68.28235626220703,0.0,0.0,26,22,68.4698257446289
70,30,974552,1284248,20,15,29.05044937133789,34.669063568115234,68.4698257446289,0.0,0.0,26,22,68.63863372802734
70,30,974191,1283999,20,15,29.495594024658203,34.89542007446289,68.63863372802734,0.0,0.0,26,21,68.9267578125
70,30,974396,1283944,20,15,29.717052459716797,34.89542007446289,68.9267578125,0.0,0.0,26,21,68.92731475830078
70,30,974080,1283922,20,15,29.61068344116211,34.89542007446289,68.92731475830078,0.0,0.0,26,21,69.05038452148438
70,30,973765,1283818,20,15,29.699962615966797,34.89542007446289,69.05038452148438,0.0,0.0,26,21,69.26085662841797
70,30,974534,1284326,20,15,29.620948791503906,34.89542007446289,69.26085662841797,0.0,0.0,26,21,69.43169403076172
70,30,974828,1285331,20,15,29.417827606201172,35.108070373535156,69.43169403076172,0.0,0.0,26,21,69.50494384765625
70,30,975623,1285766,20,15,29.114809036254883,35.100425720214844,69.50494384765625,0.0,0.0,26,22,69.57083892822266
70,30,975826,1285296,20,15,29.447908401489258,35.100425720214844,69.57083892822266,0.0,0.0,26,21,69.62974548339844
70,30,975511,1285479,20,15,29.268495559692383,35.33228302001953,69.62974548339844,0.0,0.0,26,21,69.6827621459961
70,30,975151,1285682,20,15,29.031599044799805,35.33228302001953,69.6827621459961,0.0,0.0,26,21,69.73095703125
70,30,975400,1286101,20,15,29.04909896850586,35.33228302001953,69.73095703125,0.0,0.0,26,22,69.75865936279297
70,30,976121,1286142,20,15,29.415943145751953,35.41643142700195,69.75865936279297,0.0,0.0,26,21,69.75886535644531
70,30,976369,1286048,20,15,29.314716339111328,35.626373291015625,69.75886535644531,0.0,0.0,26,21,69.75907897949219
70,30,976617,1285931,20,15,29.23702049255371,35.97286605834961,69.75907897949219,0.0,0.0,26,21,69.7978286743164
70,30,976257,1285739,20,15,29.675073623657227,35.97286605834961,69.7978286743164,0.0,0.0,26,21,69.83271789550781
70,30,976505,1285778,20,15,29.777952194213867,35.97286605834961,69.83271789550781,0.0,0.0,26,21,69.8922348022461
70,30,976146,1285949,20,15,29.78331184387207,35.97286605834961,69.8922348022461,0.0,0.0,26,21,69.94060516357422
70,30,976910,1286451,20,15,29.666093826293945,35.97286605834961,69.94060516357422,0.0,0.0,26,21,69.96124267578125
70,30,976640,1286902,20,15,29.361286163330078,35.97286605834961,69.96124267578125,0.0,0.0,26,22,70.0114974975586
70,30,977404,1287831,20,15,29.195037841796875,35.97286605834961,70.0114974975586,0.0,0.0,26,22,70.0114974975586
70,30,978257,1287477,20,15,29.195037841796875,36.33835983276367,70.0114974975586,0.0,0.0,26,22,70.0114974975586
70,30,977898,1287004,20,15,29.195037841796875,36.33835983276367,70.0114974975586,0.0,0.0,26,22,70.0114974975586
70,30,977583,1286590,20,15,29.195037841796875,36.50592803955078,70.0114974975586,0.0,0.0,26,22,70.0257568359375
70,30,977269,1286367,20,15,29.204692840576172,36.50592803955078,70.0257568359375,0.0,0.0,26,22,70.03931427001953
70,30,976955,1286881,20,15,28.892330169677734,34.15976333618164,70.03931427001953,0.0,0.0,26,22,67.55047607421875
70,30,977247,1287471,20,15,28.605335235595703,34.15976333618164,67.55047607421875,0.0,0.0,26,22,67.54722595214844
70,30,977493,1287708,20,15,28.492984771728516,34.15976333618164,67.54722595214844,0.0,0.0,26,22,63.29035949707031
70,30,978237,1288410,20,15,28.53006935119629,34.44253158569336,63.29035949707031,0.0,0.0,26,22,63.29906463623047
70,30,978438,1288212,20,15,28.534229278564453,34.62752914428711,63.29906463623047,0.0,0.0,26,22,63.3070182800293
70,30,978639,1287746,20,15,28.948015213012695,34.87192153930664,63.3070182800293,0.0,0.0,26,22,63.98284149169922
70,30,978326,1287608,20,15,28.895936965942383,35.117000579833984,63.98284149169922,0.0,0.0,26,22,64.59915161132812
70,30,978616,1287705,20,15,28.926111221313477,35.117000579833984,64.59915161132812,0.0,0.0,26,22,65.1596450805664
70,30,978258,1287874,20,15,29.031686782836914,35.117000579833984,65.1596450805664,0.0,0.0,26,22,62.88894271850586
70,30,979062,1289135,20,15,28.491418838500977,33.51582717895508,62.88894271850586,0.0,0.0,26,22,61.92091369628906
70,30,978793,1289420,20,15,28.381929397583008,33.51582717895508,61.92091369628906,0.0,0.0,26,23,61.04969787597656
70,30,980138,1289914,20,15,28.146696090698242,33.657470703125,61.04969787597656,0.0,0.0,26,23,61.373695373535156
70,30,979780,1289522,20,15,28.452083587646484,33.724117279052734,61.373695373535156,0.0,0.0,26,22,61.665489196777344
70,30,979980,1289130,20,15,28.779829025268555,34.02375030517578,61.665489196777344,0.0,0.0,26,22,62.51137924194336
70,30,979577,1288704,20,15,29.39759635925293,31.761133193969727,62.51137924194336,0.0,0.0,26,21,58.23800277709961
70,30,979219,1288522,20,15,30.068687438964844,31.761133193969727,58.23800277709961,0.0,0.0,26,20,55.24892044067383
70,30,978862,1289703,20,15,29.49959945678711,31.761133193969727,55.24892044067383,0.0,0.0,26,21,53.83646774291992
70,30,980671,1291016,20,15,28.830915451049805,30.209033966064453,53.83646774291992,0.0,0.0,26,21,53.83646774291992
70,30,980870,1290546,20,15,28.830915451049805,30.41337013244629,53.83646774291992,0.0,0.0,26,21,53.83646774291992
70,30,980468,1290016,20,15,28.830915451049805,31.074098587036133,53.83646774291992,0.0,0.0,26,21,55.153831481933594
70,30,980111,1289735,20,15,28.804527282714844,31.074098587036133,55.153831481933594,0.0,0.0,26,21,56.65140151977539
70,30,979754,1290185,20,15,28.515779495239258,29.27032470703125,56.65140151977539,0.0,0.0,26,22,56.65140151977539
70,30,979620,1290009,20,15,28.515779495239258,29.27032470703125,56.65140151977539,0.0,0.0,26,22,55.88930892944336
70,30,980509,1290812,20,15,28.319753646850586,29.27032470703125,55.88930892944336,0.0,0.0,26,22,54.95075988769531
70,30,980286,1291490,20,15,28.099140167236328,29.27032470703125,54.95075988769531,0.0,0.0,26,22,55.156341552734375
70,30,981174,1291513,20,15,28.093027114868164,29.423803329467773,55.156341552734375,0.0,0.0,26,22,56.654754638671875
70,30,981462,1291264,20,15,28.699495315551758,30.135299682617188,56.654754638671875,0.0,0.0,26,21,56.654754638671875
70,30,981239,1290970,20,15,28.699495315551758,30.135299682617188,56.654754638671875,0.0,0.0,26,21,58.153282165527344
70,30,981016,1290965,20,15,29.341556549072266,30.135299682617188,58.153282165527344,0.0,0.0,26,21,58.153282165527344
70,30,980927,1290848,20,15,29.341556549072266,30.135299682617188,58.153282165527344,0.0,0.0,26,21,60.43091583251953
70,30,981215,1291927,20,15,28.903047561645508,30.135299682617188,60.43091583251953,0.0,0.0,26,21,61.40192794799805
70,30,980947,1292423,20,15,28.654680252075195,30.135299682617188,61.40192794799805,0.0,0.0,26,21,62.177459716796875
70,30,981458,1292815,20,15,28.532602310180664,30.135299682617188,62.177459716796875,0.0,0.0,26,21,62.97383499145508
70,30,982478,1293204,20,15,28.46514320373535,30.135299682617188,62.97383499145508,0.0,0.0,26,21,62.97383499145508
70,30,982345,1293028,20,15,28.46514320373535,30.135299682617188,62.97383499145508,0.0,0.0,26,21,64.2560806274414
70,30,983276,1294213,20,15,28.076231002807617,30.29713249206543,64.2560806274414,0.0,0.0,26,22,64.76493835449219
70,30,984028,1293748,20,15,28.749650955200195,31.14815330505371,64.76493835449219,0.0,0.0,26,21,65.7152099609375
70,30,983626,1294371,20,15,28.523178100585938,31.14815330505371,65.7152099609375,0.0,0.0,26,21,63.94639205932617
70,30,983806,1295023,20,15,28.32756996154785,29.516693115234375,63.94639205932617,0.0,0.0,26,22,62.34287643432617
70,30,984557,1295324,20,15,28.538013458251953,30.20133399963379,62.34287643432617,0.0,0.0,26,22,62.34287643432617
70,30,984781,1294913,20,15,28.538013458251953,30.788616180419922,62.34287643432617,0.0,0.0,26,22,62.34287643432617
70,30,984424,1294444,20,15,28.538013458251953,31.56688690185547,62.34287643432617,0.0,0.0,26,22,63.075321197509766
70,30,984022,1294103,20,15,28.584020614624023,31.56688690185547,63.075321197509766,0.0,0.0,26,22,63.82535934448242
70,30,983621,1294975,20,15,28.24274444580078,29.320520401000977,63.82535934448242,0.0,0.0,26,22,59.372283935546875
70,30,984862,1295986,20,15,27.90932273864746,29.320520401000977,59.372283935546875,0.0,0.0,26,22,59.4046630859375
70,30,985014,1295820,20,15,27.880552291870117,30.888517379760742,59.4046630859375,0.0,0.0,26,22,61.39067459106445
70,30,984613,1295632,20,15,28.07845687866211,30.888517379760742,61.39067459106445,0.0,0.0,26,22,62.266685485839844
70,30,984764,1295381,20,15,28.710302352905273,30.9963436126709,62.266685485839844,0.0,0.0,26,21,64.35862731933594
70,30,984364,1295477,20,15,29.305627822875977,30.9963436126709,64.35862731933594,0.0,0.0,26,20,64.91448974609375
70,30,985067,1295158,20,15,29.22062873840332,31.07086181640625,64.91448974609375,0.0,0.0,26,21,65.43560791015625
70,30,984667,1294998,20,15,29.656848907470703,31.782487869262695,65.43560791015625,0.0,0.0,26,20,65.45636749267578
70,30,984863,1294978,20,15,29.58049774169922,32.30112075805664,65.45636749267578,0.0,0.0,26,20,65.92511749267578
70,30,984463,1294527,20,15,30.186412811279297,32.8663215637207,65.92511749267578,0.0,0.0,26,20,66.34700012207031
70,30,984614,1294175,20,15,30.47899055480957,32.916778564453125,66.34700012207031,0.0,0.0,26,19,66.7265625
70,30,984259,1294371,20,15,30.168521881103516,32.916778564453125,66.7265625,0.0,0.0,26,20,67.05467987060547
70,30,984455,1294385,20,15,29.898353576660156,33.33296203613281,67.05467987060547,0.0,0.0,26,20,67.06817626953125
70,30,984144,1294018,20,15,30.146032333374023,33.33296203613281,67.06817626953125,0.0,0.0,26,20,67.08039093017578
70,30,983790,1293592,20,15,30.365114212036133,33.67063522338867,67.08039093017578,0.0,0.0,26,20,67.37458038330078
70,30,984030,1293282,20,15,30.408456802368164,33.67063522338867,67.37458038330078,0.0,0.0,26,20,67.66024017333984
70,30,983675,1293138,20,15,30.609359741210938,31.37619972229004,67.66024017333984,0.0,0.0,26,20,62.87960433959961
70,30,983366,1293816,20,15,30.40083122253418,31.37619972229004,62.87960433959961,0.0,0.0,26,21,58.995155334472656
70,30,984111,1294805,20,15,30.203895568847656,31.37619972229004,58.995155334472656,0.0,0.0,26,21,55.85874938964844
70,30,985404,1295742,20,15,29.88899803161621,31.982088088989258,55.85874938964844,0.0,0.0,26,21,55.85874938964844
70,30,985050,1295276,20,15,29.88899803161621,31.982088088989258,55.85874938964844,0.0,0.0,26,21,55.85874938964844
70,30,984740,1294869,20,15,29.88899803161621,31.982088088989258,55.85874938964844,0.0,0.0,26,21,55.85874938964844
70,30,984386,1294403,20,15,29.88899803161621,32.47685623168945,55.85874938964844,0.0,0.0,26,21,55.86526870727539
70,30,984033,1294124,20,15,29.836650848388672,32.47685623168945,55.86526870727539,0.0,0.0,26,21,58.56256866455078
70,30,983724,1295687,20,15,29.390972137451172,32.47685623168945,58.56256866455078,0.0,0.0,26,22,59.721614837646484
70,30,984555,1296707,20,15,28.838022232055664,32.47685623168945,59.721614837646484,0.0,0.0,26,22,62.522621154785156
70,30,985829,1298708,20,15,28.15956687927246,32.47685623168945,62.522621154785156,0.0,0.0,26,22,63.276710510253906
70,30,986570,1298247,20,15,28.819503784179688,32.92113494873047,63.276710510253906,0.0,0.0,26,21,63.28069305419922
70,30,986261,1298019,20,15,28.88911247253418,32.92113494873047,63.28069305419922,0.0,0.0,26,21,63.96632385253906
70,30,985951,1298262,20,15,29.084335327148438,32.92113494873047,63.96632385253906,0.0,0.0,26,21,65.13495635986328
70,30,986101,1298670,20,15,29.55280876159668,32.92113494873047,65.13495635986328,0.0,0.0,26,22,65.63595581054688
70,30,986339,1299098,20,15,29.66297721862793,32.92113494873047,65.63595581054688,0.0,0.0,26,22,66.08220672607422
70,30,986560,1299171,20,15,29.4987735748291,32.922584533691406,66.08220672607422,0.0,0.0,26,22,66.84326934814453
70,30,986251,1299165,20,15,29.42913818359375,32.922584533691406,66.84326934814453,0.0,0.0,26,22,66.84326934814453
70,30,986444,1298700,20,15,29.42913818359375,32.9540901184082,66.84326934814453,0.0,0.0,26,22,66.84431457519531
70,30,986091,1298457,20,15,29.39218521118164,32.977928161621094,66.84431457519531,0.0,0.0,26,22,67.16962432861328
70,30,986329,1298362,20,15,29.568603515625,32.977928161621094,67.16962432861328,0.0,0.0,26,22,67.46309661865234
70,30,985976,1298394,20,15,29.75423240661621,32.977928161621094,67.46309661865234,0.0,0.0,26,22,67.9636459350586
70,30,986170,1299164,20,15,29.368465423583984,32.977928161621094,67.9636459350586,0.0,0.0,26,22,68.3691177368164
70,30,987454,1299989,20,15,29.049907684326172,32.96408462524414,68.3691177368164,0.0,0.0,26,22,68.54158020019531
70,30,987691,1299660,20,15,29.262784957885742,33.04897689819336,68.54158020019531,0.0,0.0,26,22,66.88407897949219
70,30,987338,1299380,20,15,29.79850196838379,33.04897689819336,66.88407897949219,0.0,0.0,26,21,65.392333984375
70,30,986986,1299572,20,15,29.67176055908203,33.04897689819336,65.392333984375,0.0,0.0,26,22,63.18504333496094
70,30,986677,1299643,20,15,29.379976272583008,31.323299407958984,63.18504333496094,0.0,0.0,26,22,59.75421905517578
70,30,986870,1300011,20,15,29.295127868652344,31.323299407958984,59.75421905517578,0.0,0.0,26,22,58.73527145385742
70,30,987634,1300235,20,15,29.348413467407227,31.323299407958984,58.73527145385742,0.0,0.0,26,22,57.28558349609375
70,30,987826,1300247,20,15,29.149127960205078,31.278823852539062,57.28558349609375,0.0,0.0,26,22,55.98033142089844
70,30,988018,1300225,20,15,28.956666946411133,31.916635513305664,55.98033142089844,0.0,0.0,26,22,57.393394470214844
70,30,987666,1299836,20,15,29.549633026123047,32.54384994506836,57.393394470214844,0.0,0.0,26,21,59.60187530517578
70,30,987902,1299692,20,15,30.114765167236328,32.54384994506836,59.60187530517578,0.0,0.0,26,21,60.641292572021484
70,30,987595,1299820,20,15,30.02910804748535,32.54384994506836,60.641292572021484,0.0,0.0,26,21,58.92793655395508
70,30,987831,1300641,20,15,29.58722686767578,30.43699073791504,58.92793655395508,0.0,0.0,26,21,55.555763244628906
70,30,988566,1301593,20,15,29.194021224975586,30.43699073791504,55.555763244628906,0.0,0.0,26,22,52.84300231933594
70,30,989344,1302073,20,15,28.95096206665039,30.447721481323242,52.84300231933594,0.0,0.0,26,22,52.84300231933594
70,30,989535,1301610,20,15,28.95096206665039,31.152099609375,52.84300231933594,0.0,0.0,26,22,54.44488525390625
70,30,989227,1301389,20,15,29.02500343322754,31.152099609375,54.44488525390625,0.0,0.0,26,22,54.5677490234375
70,30,988876,1301282,20,15,28.985719680786133,29.521472930908203,54.5677490234375,0.0,0.0,26,22,53.791934967041016
70,30,989111,1301315,20,15,29.091463088989258,29.521472930908203,53.791934967041016,0.0,0.0,26,22,53.184181213378906
70,30,988848,1301589,20,15,29.230838775634766,29.521472930908203,53.184181213378906,0.0,0.0,26,22,53.2658805847168
70,30,988584,1301509,20,15,29.22041893005371,27.665807723999023,53.2658805847168,0.0,0.0,26,22,51.212371826171875
70,30,989300,1301991,20,15,29.165735244750977,27.665807723999023,51.212371826171875,0.0,0.0,26,22,49.48698425292969
70,30,989535,1302627,20,15,29.138378143310547,27.665807723999023,49.48698425292969,0.0,0.0,26,22,48.78298568725586
70,30,990267,1302869,20,15,28.926958084106445,28.561567306518555,48.78298568725586,0.0,0.0,26,22,48.878387451171875
70,30,990545,1302706,20,15,29.395509719848633,28.561567306518555,48.878387451171875,0.0,0.0,26,22,52.86958694458008
70,30,990194,1302887,20,15,29.448244094848633,28.561567306518555,52.86958694458008,0.0,0.0,26,22,53.0973014831543
70,30,990455,1303191,20,15,29.204954147338867,27.792306900024414,53.0973014831543,0.0,0.0,26,22,53.486717224121094
70,30,990645,1303699,20,15,29.188764572143555,27.792306900024414,53.486717224121094,0.0,0.0,26,22,53.65275573730469
70,30,990861,1303781,20,15,29.03458023071289,27.792306900024414,53.65275573730469,0.0,0.0,26,22,54.758941650390625
70,30,991591,1303585,20,15,28.988954544067383,26.568023681640625,54.758941650390625,0.0,0.0,26,22,54.758941650390625
70,30,991241,1303124,20,15,28.988954544067383,26.568023681640625,54.758941650390625,0.0,0.0,26,22,54.758941650390625
70,30,990934,1302720,20,15,28.988954544067383,27.570228576660156,54.758941650390625,0.0,0.0,26,22,55.29469680786133
70,30,990584,1302443,20,15,29.024497985839844,27.570228576660156,55.29469680786133,0.0,0.0,26,22,56.77217483520508
70,30,990234,1302926,20,15,28.700565338134766,27.570228576660156,56.77217483520508,0.0,0.0,26,22,58.51428985595703
70,30,989927,1303989,20,15,28.59145164489746,27.570228576660156,58.51428985595703,0.0,0.0,26,22,61.36656188964844
70,30,991779,1305508,20,15,28.263193130493164,27.570228576660156,61.36656188964844,0.0,0.0,26,22,62.495361328125
70,30,992621,1306600,20,15,27.922409057617188,28.345016479492188,62.495361328125,0.0,0.0,26,23,63.02516174316406
70,30,992271,1306179,20,15,28.337322235107422,29.289691925048828,63.02516174316406,0.0,0.0,26,22,63.73223876953125
70,30,992460,1305853,20,15,28.84541893005371,29.289691925048828,63.73223876953125,0.0,0.0,26,22,64.36860656738281
70,30,992110,1305631,20,15,29.156400680541992,29.289691925048828,64.36860656738281,0.0,0.0,26,22,65.28907775878906
70,30,991760,1305752,20,15,29.509363174438477,29.289691925048828,65.28907775878906,0.0,0.0,26,22,66.05154418945312
70,30,991454,1305942,20,15,29.68065071105957,29.289691925048828,66.05154418945312,0.0,0.0,26,22,66.820068359375
70,30,992224,1306926,20,15,29.383747100830078,29.572265625,66.820068359375,0.0,0.0,26,22,67.33280181884766
70,30,993038,1307521,20,15,29.330556869506836,29.811227798461914,67.33280181884766,0.0,0.0,26,22,67.33280181884766
70,30,993209,1307061,20,15,29.330556869506836,30.369657516479492,67.33280181884766,0.0,0.0,26,22,67.33280181884766
70,30,992903,1306658,20,15,29.330556869506836,30.96185874938965,67.33280181884766,0.0,0.0,26,22,67.49877166748047
70,30,992554,1306380,20,15,29.280364990234375,30.96185874938965,67.49877166748047,0.0,0.0,26,22,67.85728454589844
70,30,992292,1307445,20,15,28.894004821777344,30.96185874938965,67.85728454589844,0.0,0.0,26,22,68.08147430419922
70,30,992524,1307948,20,15,28.61456298828125,31.45134162902832,68.08147430419922,0.0,0.0,26,22,68.39262390136719
70,30,993248,1308744,20,15,28.195165634155273,31.45134162902832,68.39262390136719,0.0,0.0,26,23,68.56329345703125
70,30,994043,1309304,20,15,27.93674087524414,31.461292266845703,68.56329345703125,0.0,0.0,26,23,68.56329345703125
70,30,994231,1308844,20,15,27.93674087524414,31.831235885620117,68.56329345703125,0.0,0.0,26,23,68.62828826904297
70,30,993881,1308566,20,15,28.03338050842285,31.831235885620117,68.62828826904297,0.0,0.0,26,23,68.71688079833984
70,30,993532,1308457,20,15,27.946643829345703,30.7974796295166,68.71688079833984,0.0,0.0,26,23,67.3158187866211
70,30,993720,1308430,20,15,28.08586883544922,30.7974796295166,67.3158187866211,0.0,0.0,26,23,66.11979675292969
70,30,993371,1308585,20,15,28.3822078704834,30.7974796295166,66.11979675292969,0.0,0.0,26,23,63.28385925292969
70,30,994077,1309060,20,15,28.491470336914062,29.125988006591797,63.28385925292969,0.0,0.0,26,23,61.02669906616211
70,30,994351,1310006,20,15,28.600494384765625,29.125988006591797,61.02669906616211,0.0,0.0,26,23,60.04386520385742
70,30,995117,1310301,20,15,28.456592559814453,29.49485969543457,60.04386520385742,0.0,0.0,26,23,58.29955291748047
70,30,995303,1310022,20,15,28.930896759033203,29.823627471923828,58.29955291748047,0.0,0.0,26,22,57.5892333984375
70,30,994954,1310111,20,15,28.847009658813477,29.823627471923828,57.5892333984375,0.0,0.0,26,23,57.306217193603516
70,30,995167,1310440,20,15,28.89920425415039,28.574872970581055,57.306217193603516,0.0,0.0,26,22,57.37514114379883
70,30,994819,1310506,20,15,28.954389572143555,28.574872970581055,57.37514114379883,0.0,0.0,26,22,56.81031036376953
70,30,995523,1310961,20,15,28.745620727539062,28.574872970581055,56.81031036376953,0.0,0.0,26,22,56.828582763671875
70,30,995796,1310967,20,15,28.677953720092773,29.983762741088867,56.828582763671875,0.0,0.0,26,22,58.15665817260742
70,30,995982,1310945,20,15,28.68212127685547,29.983762741088867,58.15665817260742,0.0,0.0,26,23,59.36550521850586
70,30,995633,1311098,20,15,28.78750228881836,29.983762741088867,59.36550521850586,0.0,0.0,26,23,60.42768859863281
70,30,995863,1310959,20,15,28.72209930419922,30.2928466796875,60.42768859863281,0.0,0.0,26,23,62.256649017333984
70,30,996092,1311028,20,15,28.957468032836914,30.798458099365234,62.256649017333984,0.0,0.0,26,23,64.37615966796875
70,30,996277,1311310,20,15,29.365516662597656,31.422378540039062,64.37615966796875,0.0,0.0,26,23,65.45712280273438
70,30,996462,1311320,20,15,29.475643157958984,31.629962921142578,65.45712280273438,0.0,0.0,26,22,65.46614837646484
70,30,996691,1311223,20,15,29.33576774597168,31.97555160522461,65.46614837646484,0.0,0.0,26,22,65.46614837646484
70,30,996343,1310766,20,15,29.33576774597168,32.13690185546875,65.46614837646484,0.0,0.0,26,22,65.47400665283203
70,30,996170,1310717,20,15,29.35433578491211,32.13690185546875,65.47400665283203,0.0,0.0,26,22,65.93123626708984
70,30,995866,1310783,20,15,29.201519012451172,32.13690185546875,65.93123626708984,0.0,0.0,26,22,65.93830871582031
70,30,995518,1311207,20,15,29.031604766845703,30.14425277709961,65.93830871582031,0.0,0.0,26,23,64.16204071044922
70,30,996323,1311448,20,15,28.767000198364258,30.14425277709961,64.16204071044922,0.0,0.0,26,23,62.51129150390625
70,30,997066,1312369,20,15,28.365877151489258,30.14425277709961,62.51129150390625,0.0,0.0,26,23,60.43894958496094
70,30,997251,1312173,20,15,28.355453491210938,30.766727447509766,60.43894958496094,0.0,0.0,26,23,58.57320785522461
70,30,997479,1312034,20,15,28.298046112060547,31.038103103637695,58.57320785522461,0.0,0.0,26,23,57.164703369140625
70,30,997132,1311843,20,15,28.87590217590332,31.741710662841797,57.164703369140625,0.0,0.0,26,22,58.46148681640625
70,30,997316,1311815,20,15,29.02562713623047,31.741710662841797,58.46148681640625,0.0,0.0,26,22,59.827144622802734
70,30,996969,1311967,20,15,29.179964065551758,31.741710662841797,59.827144622802734,0.0,0.0,26,22,58.88209533691406
70,30,997684,1312433,20,15,29.19205093383789,30.296775817871094,58.88209533691406,0.0,0.0,26,22,57.78839111328125
70,30,997468,1312495,20,15,29.114778518676758,30.296775817871094,57.78839111328125,0.0,0.0,26,22,57.230064392089844
70,30,997695,1313026,20,15,29.139617919921875,30.296775817871094,57.230064392089844,0.0,0.0,26,22,56.9920539855957
70,30,998410,1313286,20,15,28.900527954101562,30.715993881225586,56.9920539855957,0.0,0.0,26,23,57.95102310180664
70,30,998593,1313011,20,15,29.19989776611328,31.059513092041016,57.95102310180664,0.0,0.0,26,23,59.89719009399414
70,30,998333,1313224,20,15,29.419069290161133,31.059513092041016,59.89719009399414,0.0,0.0,26,23,61.267601013183594
70,30,998500,1313590,20,15,29.25959014892578,31.395339965820312,61.267601013183594,0.0,0.0,26,23,62.95431900024414
70,30,998727,1314282,20,15,29.029569625854492,31.395339965820312,62.95431900024414,0.0,0.0,26,23,63.43193435668945
70,30,999483,1314004,20,15,29.105499267578125,32.096553802490234,63.43193435668945,0.0,0.0,26,23,64.10147857666016
70,30,999136,1313734,20,15,29.469074249267578,32.096553802490234,64.10147857666016,0.0,0.0,26,23,65.05243682861328
70,30,999319,1313832,20,15,29.675275802612305,32.30112075805664,65.05243682861328,0.0,0.0,26,23,66.01678466796875
70,30,999502,1314109,20,15,29.735698699951172,32.30112075805664,66.01678466796875,0.0,0.0,26,23,66.86237335205078
70,30,999772,1314467,20,15,29.884153366088867,32.30112075805664,66.86237335205078,0.0,0.0,26,22,67.04769134521484
70,30,999954,1314132,20,15,29.932661056518555,32.54364776611328,67.04769134521484,0.0,0.0,26,22,67.35758972167969
70,30,999651,1314026,20,15,29.941755294799805,32.54364776611328,67.35758972167969,0.0,0.0,26,22,67.63650512695312
70,30,999834,1313966,20,15,29.81207847595215,32.82525634765625,67.63650512695312,0.0,0.0,26,22,67.88719940185547
70,30,999531,1314123,20,15,29.652681350708008,33.09804153442383,67.88719940185547,0.0,0.0,26,22,67.99153900146484
70,30,999713,1314130,20,15,29.44457244873047,33.417083740234375,67.99153900146484,0.0,0.0,26,22,68.08563232421875
70,30,999966,1313890,20,15,29.621337890625,33.57686233520508,68.08563232421875,0.0,0.0,26,22,68.29224395751953
70,30,999620,1313904,20,15,29.98760986328125,33.734375,68.29224395751953,0.0,0.0,26,22,68.47818756103516
70,30,999802,1314090,20,15,29.78733253479004,33.734375,68.47818756103516,0.0,0.0,26,22,68.64555358886719
70,30,999984,1314376,20,15,29.45053482055664,33.734375,68.64555358886719,0.0,0.0,26,22,68.76296997070312
70,30,1000166,1314458,20,15,29.371673583984375,33.843292236328125,68.76296997070312,0.0,0.0,26,22,68.9019546508789
70,30,1000391,1314577,20,15,29.310306549072266,34.054439544677734,68.9019546508789,0.0,0.0,26,22,69.0539779663086
70,30,1000616,1314322,20,15,29.595199584960938,34.41215133666992,69.0539779663086,0.0,0.0,26,22,69.14038848876953
70,30,1000798,1314342,20,15,29.557498931884766,34.52544403076172,69.14038848876953,0.0,0.0,26,22,69.27484130859375
70,30,1001022,1314493,20,15,29.58943748474121,34.6827507019043,69.27484130859375,0.0,0.0,26,22,69.3323745727539
70,30,1000677,1314434,20,15,29.40468406677246,34.848697662353516,69.3323745727539,0.0,0.0,26,22,69.38416290283203
70,30,1000376,1314296,20,15,29.299083709716797,34.848697662353516,69.38416290283203,0.0,0.0,26,22,69.43080139160156
70,30,1000557,1313848,20,15,29.600614547729492,35.06199645996094,69.43080139160156,0.0,0.0,26,21,69.50279235839844
70,30,1000212,1313489,20,15,30.12144660949707,35.114627838134766,69.50279235839844,0.0,0.0,26,20,69.56758880615234
70,30,999868,1313309,20,15,30.153945922851562,35.114627838134766,69.56758880615234,0.0,0.0,26,21,69.661376953125
70,30,1000092,1314266,20,15,29.512683868408203,32.993587493896484,69.661376953125,0.0,0.0,26,21,63.3624267578125
70,30,1001325,1315522,20,15,29.082279205322266,32.993587493896484,63.3624267578125,0.0,0.0,26,21,60.13651657104492
70,30,1002100,1316528,20,15,28.63006591796875,33.08980941772461,60.13651657104492,0.0,0.0,26,22,60.13651657104492
70,30,1001756,1316075,20,15,28.63006591796875,33.43715286254883,60.13651657104492,0.0,0.0,26,22,61.11579132080078
70,30,1001454,1315857,20,15,28.773550033569336,33.43715286254883,61.11579132080078,0.0,0.0,26,22,62.020694732666016
70,30,1001153,1316329,20,15,28.535999298095703,33.43715286254883,62.020694732666016,0.0,0.0,26,22,62.020694732666016
70,30,1000895,1315990,20,15,28.535999298095703,33.419307708740234,62.020694732666016,0.0,0.0,26,22,63.54913330078125
70,30,1001600,1316572,20,15,28.43934440612793,33.419307708740234,63.54913330078125,0.0,0.0,26,22,64.80616760253906
70,30,1002332,1317478,20,15,28.26848602294922,33.419307708740234,64.80616760253906,0.0,0.0,26,22,65.32678985595703
70,30,1003019,1317283,20,15,28.279943466186523,31.963171005249023,65.32678985595703,0.0,0.0,26,22,65.32678985595703
70,30,1002632,1316774,20,15,28.279943466186523,31.963171005249023,65.32678985595703,0.0,0.0,26,22,65.32678985595703
70,30,1002288,1316323,20,15,28.279943466186523,32.17053985595703,65.32678985595703,0.0,0.0,26,22,65.3421859741211
70,30,1001902,1315992,20,15,28.285608291625977,32.17053985595703,65.3421859741211,0.0,0.0,26,22,66.2463150024414
70,30,1001558,1316914,20,15,27.90232276916504,31.14951515197754,66.2463150024414,0.0,0.0,26,22,64.08641052246094
70,30,1002785,1318112,20,15,27.545900344848633,31.14951515197754,64.08641052246094,0.0,0.0,26,23,63.442901611328125
70,30,1003428,1318943,20,15,27.339204788208008,31.53965187072754,63.442901611328125,0.0,0.0,26,23,63.86539840698242
70,30,1003084,1318530,20,15,27.605714797973633,31.890058517456055,63.86539840698242,0.0,0.0,26,23,64.24576568603516
70,30,1003221,1318061,20,15,27.92582130432129,32.20746612548828,64.24576568603516,0.0,0.0,26,23,65.1453857421875
70,30,1002835,1318011,20,15,28.212759017944336,32.20746612548828,65.1453857421875,0.0,0.0,26,22,65.89659118652344
70,30,1003014,1318203,20,15,28.355850219726562,32.393577575683594,65.89659118652344,0.0,0.0,26,22,66.12144470214844
70,30,1003150,1317891,20,15,28.30095863342285,31.05238151550293,66.12144470214844,0.0,0.0,26,22,64.84735107421875
70,30,1002765,1317482,20,15,28.8346004486084,31.05238151550293,64.84735107421875,0.0,0.0,26,21,62.50402069091797
70,30,1002422,1317302,20,15,29.26390266418457,31.05238151550293,62.50402069091797,0.0,0.0,26,21,61.8797607421875
70,30,1002558,1317700,20,15,29.201313018798828,30.089832305908203,61.8797607421875,0.0,0.0,26,21,60.53120040893555
70,30,1002695,1318359,20,15,29.014820098876953,30.089832305908203,60.53120040893555,0.0,0.0,26,21,60.640106201171875
70,30,1002831,1318108,20,15,28.964614868164062,30.696317672729492,60.640106201171875,0.0,0.0,26,21,60.73833084106445
70,30,1003010,1317854,20,15,29.065168380737305,31.19180679321289,60.73833084106445,0.0,0.0,26,21,60.82694625854492
70,30,1002668,1317410,20,15,29.615562438964844,31.812427520751953,60.82694625854492,0.0,0.0,26,20,61.761634826660156
70,30,1002283,1317439,20,15,29.643301010131836,31.812427520751953,61.761634826660156,0.0,0.0,26,20,63.29482650756836
70,30,1002445,1317695,20,15,29.637861251831055,31.812427520751953,63.29482650756836,0.0,0.0,26,21,64.60189056396484
70,30,1002581,1318162,20,15,29.535425186157227,31.812427520751953,64.60189056396484,0.0,0.0,26,21,65.56044006347656
70,30,1002717,1318534,20,15,29.23110580444336,32.177085876464844,65.56044006347656,0.0,0.0,26,21,65.96939086914062
70,30,1002896,1318090,20,15,29.49984359741211,32.88473129272461,65.96939086914062,0.0,0.0,26,21,66.4343032836914
70,30,1002512,1317815,20,15,30.079845428466797,32.88473129272461,66.4343032836914,0.0,0.0,26,20,66.4756851196289
70,30,1002674,1317467,20,15,30.14543342590332,31.793411254882812,66.4756851196289,0.0,0.0,26,20,64.29497528076172
70,30,1002290,1317318,20,15,30.247798919677734,31.793411254882812,64.29497528076172,0.0,0.0,26,21,63.41403579711914
70,30,1001950,1317508,20,15,30.241390228271484,31.793411254882812,63.41403579711914,0.0,0.0,26,21,61.849666595458984
70,30,1002128,1318397,20,15,29.828184127807617,31.894668579101562,61.849666595458984,0.0,0.0,26,21,61.18297576904297
70,30,1003301,1318735,20,15,29.4315185546875,32.29744338989258,61.18297576904297,0.0,0.0,26,21,61.20475769042969
70,30,1002961,1318361,20,15,29.602256774902344,32.650386810302734,61.20475769042969,0.0,0.0,26,21,61.22456741333008
70,30,1003096,1317931,20,15,29.751211166381836,32.99899673461914,61.22456741333008,0.0,0.0,26,21,62.11882781982422
70,30,1002756,1317942,20,15,30.18796730041504,33.26306915283203,62.11882781982422,0.0,0.0,26,20,62.907470703125
70,30,1002891,1317892,20,15,30.08037567138672,33.47523498535156,62.907470703125,0.0,0.0,26,21,63.63404083251953
70,30,1002551,1317483,20,15,30.793739318847656,33.47523498535156,63.63404083251953,0.0,0.0,26,20,64.28795623779297
70,30,1002686,1317112,20,15,31.02637481689453,33.753421783447266,64.28795623779297,0.0,0.0,26,20,63.1911735534668
70,30,1002389,1317344,20,15,30.709693908691406,33.753421783447266,63.1911735534668,0.0,0.0,26,20,63.20378494262695
70,30,1002566,1317350,20,15,30.417808532714844,34.45476150512695,63.20378494262695,0.0,0.0,26,20,63.88925552368164
70,30,1002227,1316942,20,15,30.600921630859375,34.45476150512695,63.88925552368164,0.0,0.0,26,20,64.51696014404297
70,30,1002320,1316514,20,15,30.821243286132812,34.45476150512695,64.51696014404297,0.0,0.0,26,20,65.58171844482422
70,30,1002023,1316427,20,15,30.886554718017578,34.45476150512695,65.58171844482422,0.0,0.0,26,21,66.45282745361328
70,30,1001684,1317002,20,15,30.57698631286621,34.45476150512695,66.45282745361328,0.0,0.0,26,21,67.45366668701172
70,30,1002336,1317864,20,15,30.099056243896484,34.6063117980957,67.45366668701172,0.0,0.0,26,21,67.96440887451172
70,30,1003029,1318321,20,15,29.84351348876953,34.7224006652832,67.96440887451172,0.0,0.0,26,21,67.96964263916016
70,30,1003190,1317967,20,15,29.993852615356445,34.912757873535156,67.96964263916016,0.0,0.0,26,21,68.1845474243164
70,30,1002809,1317640,20,15,29.930255889892578,35.15269470214844,68.1845474243164,0.0,0.0,26,21,68.18926239013672
70,30,1002428,1317591,20,15,29.73485565185547,35.15269470214844,68.18926239013672,0.0,0.0,26,21,68.38729095458984
70,30,1002090,1317999,20,15,29.382169723510742,33.736080169677734,68.38729095458984,0.0,0.0,26,22,66.99825286865234
70,30,1002824,1318175,20,15,29.287813186645508,33.736080169677734,66.99825286865234,0.0,0.0,26,22,65.75216674804688
70,30,1003457,1318880,20,15,28.852888107299805,34.35200119018555,65.75216674804688,0.0,0.0,26,22,66.1899642944336
70,30,1003119,1318593,20,15,28.889802932739258,34.35200119018555,66.1899642944336,0.0,0.0,26,22,66.58406066894531
70,30,1003253,1318251,20,15,28.899065017700195,34.420433044433594,66.58406066894531,0.0,0.0,26,22,67.26118469238281
70,30,1002915,1318138,20,15,29.31890296936035,34.420433044433594,67.26118469238281,0.0,0.0,26,22,67.81243133544922
70,30,1003092,1318280,20,15,29.801036834716797,34.420433044433594,67.81243133544922,0.0,0.0,26,21,68.44754028320312
70,30,1003268,1318768,20,15,29.815433502197266,34.420433044433594,68.44754028320312,0.0,0.0,26,21,68.91093444824219
70,30,1003959,1319569,20,15,29.601316452026367,34.658206939697266,68.91093444824219,0.0,0.0,26,21,68.91234588623047
70,30,1003621,1319461,20,15,29.515533447265625,34.658206939697266,68.91234588623047,0.0,0.0,26,21,68.91431427001953
70,30,1003755,1319298,20,15,29.444950103759766,35.096534729003906,68.91431427001953,0.0,0.0,26,21,69.04048156738281
70,30,1003417,1319006,20,15,30.051555633544922,35.096534729003906,69.04048156738281,0.0,0.0,26,20,69.15328979492188
70,30,1003551,1318744,20,15,30.473798751831055,35.330345153808594,69.15328979492188,0.0,0.0,26,19,69.25291442871094
70,30,1003214,1318917,20,15,30.236684799194336,35.330345153808594,69.25291442871094,0.0,0.0,26,20,69.34258270263672
70,30,1003432,1319230,20,15,29.943479537963867,35.330345153808594,69.34258270263672,0.0,0.0,26,20,69.4966812133789
70,30,1003608,1319654,20,15,29.735776901245117,35.39747619628906,69.4966812133789,0.0,0.0,26,20,69.4966812133789
70,30,1003741,1319156,20,15,29.735776901245117,35.61194610595703,69.4966812133789,0.0,0.0,26,20,69.4966812133789
70,30,1003362,1318658,20,15,29.735776901245117,35.74447250366211,69.4966812133789,0.0,0.0,26,20,69.56304931640625
70,30,1003026,1318389,20,15,29.73566436767578,35.74447250366211,69.56304931640625,0.0,0.0,26,21,69.62286376953125
70,30,1002690,1319290,20,15,29.132099151611328,34.24318313598633,69.62286376953125,0.0,0.0,26,21,66.89246368408203
70,30,1003847,1320405,20,15,28.558666229248047,34.24318313598633,66.89246368408203,0.0,0.0,26,22,65.72970581054688
70,30,1004518,1321272,20,15,28.15199089050293,34.48830032348633,65.72970581054688,0.0,0.0,26,22,66.1722183227539
70,30,1004181,1320868,20,15,28.463340759277344,34.724327087402344,66.1722183227539,0.0,0.0,26,22,66.57056427001953
70,30,1004314,1320408,20,15,28.676027297973633,34.72998046875,66.57056427001953,0.0,0.0,26,22,66.93061828613281
70,30,1003978,1320061,20,15,29.244829177856445,34.72998046875,66.93061828613281,0.0,0.0,26,21,67.54513549804688
70,30,1003600,1319829,20,15,29.69672966003418,34.72998046875,67.54513549804688,0.0,0.0,26,21,68.04409790039062
70,30,1003265,1320900,20,15,29.09124183654785,34.72998046875,68.04409790039062,0.0,0.0,26,21,68.44828033447266
70,30,1004461,1322148,20,15,28.525117874145508,34.72998046875,68.44828033447266,0.0,0.0,26,22,68.62130737304688
70,30,1005088,1322678,20,15,28.37157440185547,34.77562713623047,68.62130737304688,0.0,0.0,26,22,68.62130737304688
70,30,1004710,1322181,20,15,28.37157440185547,35.104393005371094,68.62130737304688,0.0,0.0,26,22,68.77571868896484
70,30,1004374,1321912,20,15,28.37944984436035,35.104393005371094,68.77571868896484,0.0,0.0,26,22,68.91499328613281
70,30,1004039,1322314,20,15,28.139039993286133,33.6510124206543,68.91499328613281,0.0,0.0,26,22,67.51126098632812
70,30,1004723,1322878,20,15,28.06747817993164,33.6510124206543,67.51126098632812,0.0,0.0,26,22,66.24852752685547
70,30,1005391,1323629,20,15,27.82921028137207,34.032596588134766,66.24852752685547,0.0,0.0,26,22,66.63983154296875
70,30,1005014,1323288,20,15,27.893234252929688,34.48466491699219,66.63983154296875,0.0,0.0,26,22,66.99207305908203
70,30,1005172,1323004,20,15,27.956357955932617,34.75629425048828,66.99207305908203,0.0,0.0,26,22,67.30992889404297
70,30,1004837,1322657,20,15,28.49955940246582,34.75629425048828,67.30992889404297,0.0,0.0,26,22,67.8527603149414
70,30,1004460,1322425,20,15,29.101518630981445,34.75629425048828,67.8527603149414,0.0,0.0,26,21,68.29319763183594
70,30,1004634,1323494,20,15,28.604040145874023,34.75629425048828,68.29319763183594,0.0,0.0,26,21,68.65068054199219
70,30,1005317,1324767,20,15,28.116943359375,34.80933380126953,68.65068054199219,0.0,0.0,26,22,68.65147399902344
70,30,1005448,1324343,20,15,28.44194793701172,35.0243034362793,68.65147399902344,0.0,0.0,26,22,68.65221405029297
70,30,1005114,1323975,20,15,28.696895599365234,35.28710174560547,68.65221405029297,0.0,0.0,26,21,68.80443572998047
70,30,1005246,1323928,20,15,29.132001876831055,35.49582290649414,68.80443572998047,0.0,0.0,26,21,68.93965148925781
70,30,1004911,1323932,20,15,28.996337890625,35.755096435546875,68.93965148925781,0.0,0.0,26,21,69.06136322021484
70,30,1005085,1323497,20,15,29.357454299926758,35.70482635498047,69.06136322021484,0.0,0.0,26,20,69.17031860351562
70,30,1004751,1323095,20,15,30.159236907958984,35.70482635498047,69.17031860351562,0.0,0.0,26,20,69.35662841796875
70,30,1004883,1323022,20,15,30.44289207458496,35.70482635498047,69.35662841796875,0.0,0.0,26,19,69.4356918334961
70,30,1004549,1323275,20,15,30.260738372802734,35.70482635498047,69.4356918334961,0.0,0.0,26,20,69.57303619384766
70,30,1004722,1323923,20,15,29.899553298950195,34.03377914428711,69.57303619384766,0.0,0.0,26,21,67.94100952148438
70,30,1005345,1323840,20,15,29.689529418945312,34.0333251953125,67.94100952148438,0.0,0.0,26,21,67.94100952148438
70,30,1005011,1323401,20,15,29.689529418945312,34.340049743652344,67.94100952148438,0.0,0.0,26,21,68.16262817382812
70,30,1004636,1323078,20,15,29.639711380004883,34.340049743652344,68.16262817382812,0.0,0.0,26,21,68.16239929199219
70,30,1004303,1323082,20,15,29.452802658081055,34.340049743652344,68.16239929199219,0.0,0.0,26,21,66.68431091308594
70,30,1004435,1324327,20,15,28.801143646240234,32.65449905395508,66.68431091308594,0.0,0.0,26,21,65.1754150390625
70,30,1005156,1325126,20,15,28.392276763916016,32.65449905395508,65.1754150390625,0.0,0.0,26,22,63.81710433959961
70,30,1005818,1325540,20,15,28.139188766479492,33.531333923339844,63.81710433959961,0.0,0.0,26,22,64.45072174072266
70,30,1005444,1325135,20,15,28.289018630981445,33.531333923339844,64.45072174072266,0.0,0.0,26,22,65.02110290527344
70,30,1005616,1324786,20,15,28.401077270507812,33.544464111328125,65.02110290527344,0.0,0.0,26,22,65.53619384765625
70,30,1005242,1324387,20,15,29.025943756103516,33.544464111328125,65.53619384765625,0.0,0.0,26,21,66.41567993164062
70,30,1004909,1324211,20,15,29.43059539794922,33.544464111328125,66.41567993164062,0.0,0.0,26,21,67.1294174194336
70,30,1004536,1325213,20,15,28.86346435546875,33.544464111328125,67.1294174194336,0.0,0.0,26,21,67.70755767822266
70,30,1006222,1326445,20,15,28.247934341430664,33.87627029418945,67.70755767822266,0.0,0.0,26,22,67.70755767822266
70,30,1006394,1326006,20,15,28.247934341430664,34.2056999206543,67.70755767822266,0.0,0.0,26,22,67.95341491699219
70,30,1006020,1325685,20,15,28.273622512817383,34.16742706298828,67.95341491699219,0.0,0.0,26,22,67.95349884033203
70,30,1005688,1325688,20,15,28.18599510192871,34.16742706298828,67.95349884033203,0.0,0.0,26,22,68.17486572265625
70,30,1005356,1326084,20,15,27.98683738708496,32.8441162109375,68.17486572265625,0.0,0.0,26,22,66.86557006835938
70,30,1006032,1326639,20,15,27.984270095825195,32.8441162109375,66.86557006835938,0.0,0.0,26,22,65.68709564208984
70,30,1006650,1326885,20,15,27.838850021362305,33.81573486328125,65.68709564208984,0.0,0.0,26,22,66.13433074951172
70,30,1006318,1326602,20,15,27.887670516967773,33.81573486328125,66.13433074951172,0.0,0.0,26,22,66.53694152832031
70,30,1006490,1326320,20,15,27.91629981994629,33.87766647338867,66.53694152832031,0.0,0.0,26,22,67.22662353515625
70,30,1006117,1326152,20,15,28.4270076751709,33.87766647338867,67.22662353515625,0.0,0.0,26,22,68.02410888671875
70,30,1006247,1326235,20,15,29.081684112548828,33.87766647338867,68.02410888671875,0.0,0.0,26,21,68.6056900024414
70,30,1006418,1326709,20,15,29.331029891967773,33.926334381103516,68.6056900024414,0.0,0.0,26,20,68.90351104736328
70,30,1007092,1327488,20,15,28.966636657714844,34.33815002441406,68.90351104736328,0.0,0.0,26,21,69.02992248535156
70,30,1006761,1327375,20,15,29.203216552734375,34.71726608276367,69.02992248535156,0.0,0.0,26,21,69.1434326171875
70,30,1006891,1327130,20,15,29.079299926757812,34.68255615234375,69.1434326171875,0.0,0.0,26,21,69.24650573730469
70,30,1006560,1326935,20,15,29.33999252319336,34.68255615234375,69.24650573730469,0.0,0.0,26,21,69.33927917480469
70,30,1006689,1326763,20,15,29.33774757385254,34.97224426269531,69.33927917480469,0.0,0.0,26,21,69.42262268066406
70,30,1006359,1326732,20,15,29.339134216308594,34.97224426269531,69.42262268066406,0.0,0.0,26,21,69.49826049804688
70,30,1006530,1326871,20,15,29.507051467895508,33.42464828491211,69.49826049804688,0.0,0.0,26,22,66.4287109375
70,30,1006700,1327261,20,15,29.42868995666504,33.42464828491211,66.4287109375,0.0,0.0,26,22,66.43096160888672
70,30,1006814,1327175,20,15,29.591453552246094,33.88478088378906,66.43096160888672,0.0,0.0,26,22,66.43205261230469
70,30,1006985,1326985,20,15,29.505979537963867,34.6189079284668,66.43205261230469,0.0,0.0,26,22,66.43311309814453
70,30,1006613,1326665,20,15,29.55949592590332,34.6189079284668,66.43311309814453,0.0,0.0,26,22,66.8060073852539
70,30,1006283,1326558,20,15,29.412370681762695,34.986026763916016,66.8060073852539,0.0,0.0,26,22,67.1431655883789
70,30,1006413,1326472,20,15,29.50433921813965,34.986026763916016,67.1431655883789,0.0,0.0,26,22,67.718994140625
70,30,1006083,1326611,20,15,29.54370880126953,33.38146209716797,67.718994140625,0.0,0.0,26,22,66.27157592773438
70,30,1006754,1326544,20,15,29.749528884887695,33.36863708496094,66.27157592773438,0.0,0.0,26,22,63.79646301269531
70,30,1006424,1326650,20,15,30.222660064697266,33.36863708496094,63.79646301269531,0.0,0.0,26,22,60.93503189086914
70,30,1007094,1327018,20,15,30.480731964111328,33.387447357177734,60.93503189086914,0.0,0.0,26,22,60.93503189086914
70,30,1007223,1326530,20,15,30.480731964111328,33.853431701660156,60.93503189086914,0.0,0.0,26,22,60.93503189086914
70,30,1006853,1326042,20,15,30.480731964111328,34.237648010253906,60.93503189086914,0.0,0.0,26,22,61.857383728027344
70,30,1006523,1325777,20,15,30.455310821533203,34.237648010253906,61.857383728027344,0.0,0.0,26,22,62.688880920410156
70,30,1006194,1326653,20,15,29.712322235107422,34.237648010253906,62.688880920410156,0.0,0.0,26,22,61.253963470458984
70,30,1006863,1327465,20,15,29.2002010345459,32.912532806396484,61.253963470458984,0.0,0.0,26,23,60.64251708984375
70,30,1007516,1327794,20,15,28.96088981628418,32.90346908569336,60.64251708984375,0.0,0.0,26,23,60.64251708984375
70,30,1007686,1327361,20,15,28.96088981628418,33.31494140625,60.64251708984375,0.0,0.0,26,23,60.64398956298828
70,30,1007316,1327042,20,15,28.930631637573242,33.31494140625,60.64398956298828,0.0,0.0,26,23,61.595767974853516
70,30,1006946,1327379,20,15,28.630767822265625,31.049440383911133,61.595767974853516,0.0,0.0,26,23,60.86054992675781
70,30,1007614,1327928,20,15,28.418636322021484,31.049440383911133,60.86054992675781,0.0,0.0,26,23,60.05333709716797
70,30,1008281,1328650,20,15,28.178504943847656,31.27100944519043,60.05333709716797,0.0,0.0,26,23,60.05333709716797
70,30,1007911,1328162,20,15,28.178504943847656,31.799348831176758,60.05333709716797,0.0,0.0,26,23,60.50352478027344
70,30,1007583,1327898,20,15,28.287899017333984,31.799348831176758,60.50352478027344,0.0,0.0,26,23,61.4704475402832
70,30,1007214,1328234,20,15,28.098590850830078,29.8643798828125,61.4704475402832,0.0,0.0,26,23,60.55314254760742
70,30,1007880,1328782,20,15,28.01483726501465,29.8643798828125,60.55314254760742,0.0,0.0,26,23,59.6418342590332
70,30,1008531,1329513,20,15,27.77507209777832,30.301122665405273,59.6418342590332,0.0,0.0,26,23,60.36236572265625
70,30,1008161,1329179,20,15,27.89434814453125,31.051136016845703,60.36236572265625,0.0,0.0,26,23,61.01102066040039
70,30,1008330,1328899,20,15,27.97893714904785,31.43721580505371,61.01102066040039,0.0,0.0,26,23,62.45298385620117
70,30,1007961,1328732,20,15,28.77788734436035,31.43721580505371,62.45298385620117,0.0,0.0,26,22,63.92020797729492
70,30,1008130,1328865,20,15,29.300140380859375,31.43721580505371,63.92020797729492,0.0,0.0,26,21,65.41912841796875
70,30,1008299,1329333,20,15,29.64186668395996,31.779300689697266,65.41912841796875,0.0,0.0,26,20,66.54933166503906
70,30,1008508,1330157,20,15,29.572595596313477,31.779300689697266,66.54933166503906,0.0,0.0,26,20,66.91116333007812
70,30,1008636,1329990,20,15,29.657381057739258,32.142364501953125,66.91116333007812,0.0,0.0,26,20,67.09415435791016
70,30,1008804,1329801,20,15,29.485063552856445,32.72694778442383,67.09415435791016,0.0,0.0,26,21,67.40213012695312
70,30,1008436,1329554,20,15,29.647775650024414,32.72694778442383,67.40213012695312,0.0,0.0,26,21,67.67930603027344
70,30,1008149,1329491,20,15,29.61680030822754,32.72694778442383,67.67930603027344,0.0,0.0,26,21,67.92857360839844
70,30,1008277,1329182,20,15,29.90816879272461,32.96456527709961,67.92857360839844,0.0,0.0,26,21,68.15290832519531
70,30,1007950,1329008,20,15,29.99571990966797,32.96456527709961,68.15290832519531,0.0,0.0,26,21,65.93876647949219
70,30,1008118,1329186,20,15,29.94797706604004,30.847759246826172,65.93876647949219,0.0,0.0,26,21,61.99176788330078
70,30,1007792,1329867,20,15,29.661014556884766,30.847759246826172,61.99176788330078,0.0,0.0,26,22,62.110618591308594
70,30,1008908,1329789,20,15,29.899534225463867,31.931894302368164,62.110618591308594,0.0,0.0,26,21,62.86469268798828
70,30,1008581,1329521,20,15,29.897994995117188,31.931894302368164,62.86469268798828,0.0,0.0,26,21,64.204833984375
70,30,1008255,1329677,20,15,29.84325408935547,31.931894302368164,64.204833984375,0.0,0.0,26,21,65.24974822998047
70,30,1008382,1329748,20,15,29.638818740844727,32.16653060913086,65.24974822998047,0.0,0.0,26,22,65.69654083251953
70,30,1008550,1329323,20,15,30.17224884033203,32.48580551147461,65.69654083251953,0.0,0.0,26,21,63.66865921020508
70,30,1008183,1329112,20,15,30.525850296020508,30.602439880371094,63.66865921020508,0.0,0.0,26,20,61.802425384521484
70,30,1007857,1329184,20,15,30.448925018310547,30.602439880371094,61.802425384521484,0.0,0.0,26,20,58.61112976074219
70,30,1008025,1330029,20,15,29.87148094177246,28.883092880249023,58.61112976074219,0.0,0.0,26,20,56.35948944091797
70,30,1009179,1330831,20,15,29.228702545166016,29.05730628967285,56.35948944091797,0.0,0.0,26,21,55.38685607910156
70,30,1009305,1330418,20,15,29.411306381225586,29.202207565307617,55.38685607910156,0.0,0.0,26,21,54.51103591918945
70,30,1008979,1329993,20,15,30.008033752441406,29.365989685058594,54.51103591918945,0.0,0.0,26,20,53.747581481933594
70,30,1008613,1330016,20,15,30.07461929321289,29.365989685058594,53.747581481933594,0.0,0.0,26,20,53.08143997192383
70,30,1008780,1330255,20,15,30.06200408935547,27.91636848449707,53.08143997192383,0.0,0.0,26,21,52.083824157714844
70,30,1008947,1330743,20,15,29.954383850097656,27.91636848449707,52.083824157714844,0.0,0.0,26,21,52.09990310668945
70,30,1009099,1330744,20,15,29.847623825073242,28.766897201538086,52.09990310668945,0.0,0.0,26,21,52.114620208740234
70,30,1009225,1330503,20,15,29.834609985351562,30.228078842163086,52.114620208740234,0.0,0.0,26,21,52.128135681152344
70,30,1008900,1330079,20,15,30.234085083007812,30.228078842163086,52.128135681152344,0.0,0.0,26,20,53.93205642700195
70,30,1008535,1330103,20,15,30.099132537841797,30.791589736938477,53.93205642700195,0.0,0.0,26,21,57.0075569152832
70,30,1008702,1330340,20,15,29.944704055786133,30.791589736938477,57.0075569152832,0.0,0.0,26,21,59.508602142333984
70,30,1008868,1330828,20,15,29.764095306396484,31.367570877075195,59.508602142333984,0.0,0.0,26,21,61.520172119140625
70,30,1008994,1331174,20,15,29.36615753173828,31.47625732421875,61.520172119140625,0.0,0.0,26,22,62.3779411315918
70,30,1009161,1330751,20,15,29.847139358520508,31.5816707611084,62.3779411315918,0.0,0.0,26,21,62.385623931884766
70,30,1008796,1330699,20,15,29.694808959960938,32.068458557128906,62.385623931884766,0.0,0.0,26,21,63.16293716430664
70,30,1008472,1330775,20,15,29.825855255126953,32.068458557128906,63.16293716430664,0.0,0.0,26,21,63.8685302734375
70,30,1008638,1331012,20,15,29.782665252685547,29.951679229736328,63.8685302734375,0.0,0.0,26,21,59.65959930419922
70,30,1008790,1331310,20,15,29.816587448120117,29.951679229736328,59.65959930419922,0.0,0.0,26,21,60.715545654296875
70,30,1009406,1331224,20,15,30.054855346679688,31.251171112060547,60.715545654296875,0.0,0.0,26,21,59.25931167602539
70,30,1009082,1330963,20,15,29.96454429626465,31.251171112060547,59.25931167602539,0.0,0.0,26,21,59.26386642456055
70,30,1008717,1330803,20,15,29.872554779052734,31.251171112060547,59.26386642456055,0.0,0.0,26,21,59.26828384399414
70,30,1008394,1330696,20,15,29.793231964111328,31.984254837036133,59.26828384399414,0.0,0.0,26,21,60.359336853027344
70,30,1008560,1330665,20,15,29.777626037597656,31.984254837036133,60.359336853027344,0.0,0.0,26,22,61.344627380371094
70,30,1008686,1330665,20,15,29.82825469970703,30.402191162109375,61.344627380371094,0.0,0.0,26,22,63.021697998046875
70,30,1008837,1330685,20,15,30.210927963256836,30.402191162109375,63.021697998046875,0.0,0.0,26,21,64.38416290283203
70,30,1008962,1331012,20,15,30.471092224121094,30.402191162109375,64.38416290283203,0.0,0.0,26,22,64.96154022216797
70,30,1009128,1330896,20,15,30.397552490234375,30.49110221862793,64.96154022216797,0.0,0.0,26,21,64.96154022216797
70,30,1009294,1330470,20,15,30.397552490234375,31.087604522705078,64.96154022216797,0.0,0.0,26,21,64.96154022216797
70,30,1008931,1329991,20,15,30.397552490234375,31.699024200439453,64.96154022216797,0.0,0.0,26,21,65.48051452636719
70,30,1008608,1329731,20,15,30.36359977722168,31.699024200439453,65.48051452636719,0.0,0.0,26,22,65.94823455810547
70,30,1008245,1330533,20,15,29.72019386291504,30.178348541259766,65.94823455810547,0.0,0.0,26,22,62.397132873535156
70,30,1009387,1331646,20,15,29.04462432861328,30.178348541259766,62.397132873535156,0.0,0.0,26,22,62.399085998535156
70,30,1010025,1331647,20,15,28.922046661376953,31.49395179748535,62.399085998535156,0.0,0.0,26,22,62.399085998535156
70,30,1009702,1331222,20,15,28.922046661376953,32.13448715209961,62.399085998535156,0.0,0.0,26,22,63.17512130737305
70,30,1009340,1330909,20,15,28.934165954589844,32.13448715209961,63.17512130737305,0.0,0.0,26,22,63.87531661987305
70,30,1008977,1331237,20,15,28.66265106201172,30.27490234375,63.87531661987305,0.0,0.0,26,22,61.991825103759766
70,30,1009630,1331773,20,15,28.424365997314453,30.27490234375,61.991825103759766,0.0,0.0,26,22,60.297061920166016
70,30,1010267,1332488,20,15,28.14661407470703,30.9221134185791,60.297061920166016,0.0,0.0,26,23,61.2824592590332
70,30,1009904,1332159,20,15,28.244190216064453,31.494586944580078,61.2824592590332,0.0,0.0,26,23,62.16944885253906
70,30,1010069,1331884,20,15,28.317440032958984,31.53008270263672,62.16944885253906,0.0,0.0,26,22,62.969444274902344
70,30,1009707,1331497,20,15,29.172887802124023,31.53008270263672,62.969444274902344,0.0,0.0,26,22,64.33616638183594
70,30,1009385,1331325,20,15,29.837018966674805,31.53008270263672,64.33616638183594,0.0,0.0,26,20,65.44450378417969
70,30,1009550,1332344,20,15,29.276100158691406,31.53008270263672,65.44450378417969,0.0,0.0,26,21,66.34229278564453
70,30,1010647,1333506,20,15,28.63785171508789,32.06072235107422,66.34229278564453,0.0,0.0,26,21,66.3431396484375
70,30,1010325,1333150,20,15,28.856889724731445,32.06072235107422,66.3431396484375,0.0,0.0,26,21,66.34346008300781
70,30,1010490,1332795,20,15,29.026262283325195,32.997093200683594,66.34346008300781,0.0,0.0,26,21,66.7270736694336
70,30,1010128,1332748,20,15,29.080686569213867,32.997093200683594,66.7270736694336,0.0,0.0,26,21,67.07169342041016
70,30,1010292,1332749,20,15,28.87535858154297,33.386138916015625,67.07169342041016,0.0,0.0,26,21,67.38137817382812
70,30,1009931,1332308,20,15,29.778745651245117,33.386138916015625,67.38137817382812,0.0,0.0,26,20,67.66009521484375
70,30,1010096,1332008,20,15,30.347726821899414,33.694087982177734,67.66009521484375,0.0,0.0,26,20,65.50005340576172
70,30,1009775,1332168,20,15,30.152114868164062,33.70279312133789,65.50005340576172,0.0,0.0,26,20,63.5567741394043
70,30,1009899,1332433,20,15,30.010744094848633,33.70279312133789,63.5567741394043,0.0,0.0,26,20,61.97614288330078
70,30,1010048,1332915,20,15,29.706581115722656,31.901241302490234,61.97614288330078,0.0,0.0,26,21,61.97614288330078
70,30,1010212,1332492,20,15,29.706581115722656,32.4731330871582,61.97614288330078,0.0,0.0,26,21,63.53217315673828
70,30,1009851,1332650,20,15,29.35377311706543,33.00503921508789,63.53217315673828,0.0,0.0,26,21,64.1957015991211
70,30,1010015,1332232,20,15,29.853702545166016,33.05884552001953,64.1957015991211,0.0,0.0,26,20,64.79478454589844
70,30,1009655,1332025,20,15,30.314437866210938,33.05884552001953,64.79478454589844,0.0,0.0,26,19,65.33306121826172
70,30,1009335,1332094,20,15,30.22834587097168,33.05884552001953,65.33306121826172,0.0,0.0,26,19,66.2535400390625
70,30,1009499,1332918,20,15,30.09119987487793,33.05884552001953,66.2535400390625,0.0,0.0,26,20,66.64596557617188
70,30,1010630,1333280,20,15,29.660682678222656,33.9529914855957,66.64596557617188,0.0,0.0,26,20,66.99872589111328
70,30,1010310,1332927,20,15,29.714866638183594,33.9529914855957,66.99872589111328,0.0,0.0,26,20,67.31625366210938
70,30,1010434,1332521,20,15,29.826622009277344,31.49918556213379,67.31625366210938,0.0,0.0,26,20,64.62551879882812
70,30,1010074,1332136,20,15,30.375091552734375,31.49918556213379,64.62551879882812,0.0,0.0,26,19,60.023014068603516
70,30,1009755,1331966,20,15,30.940828323364258,31.49918556213379,60.023014068603516,0.0,0.0,26,19,56.29548645019531
70,30,1009396,1332934,20,15,30.067502975463867,31.49918556213379,56.29548645019531,0.0,0.0,26,20,53.27613830566406
70,30,1011008,1334140,20,15,29.2943058013916,31.461210250854492,53.27613830566406,0.0,0.0,26,20,53.27613830566406
70,30,1011171,1333718,20,15,29.2943058013916,32.152103424072266,53.27613830566406,0.0,0.0,26,20,54.963069915771484
70,30,1010852,1333460,20,15,29.254793167114258,32.152103424072266,54.963069915771484,0.0,0.0,26,20,56.4834098815918
70,30,1010492,1333784,20,15,28.949623107910156,32.152103424072266,56.4834098815918,0.0,0.0,26,21,55.56169509887695
70,30,1011138,1334314,20,15,28.741168975830078,30.578811645507812,55.56169509887695,0.0,0.0,26,21,55.563934326171875
70,30,1011285,1334314,20,15,28.6737117767334,31.289615631103516,55.563934326171875,0.0,0.0,26,21,55.56614303588867
70,30,1011448,1333898,20,15,29.04578399658203,32.528533935546875,55.56614303588867,0.0,0.0,26,20,58.33889389038086
70,30,1011129,1333970,20,15,28.943614959716797,32.528533935546875,58.33889389038086,0.0,0.0,26,21,60.58845901489258
70,30,1011292,1334205,20,15,29.1439266204834,32.528533935546875,60.58845901489258,0.0,0.0,26,21,57.62776565551758
70,30,1011454,1334684,20,15,29.021709442138672,30.62140655517578,57.62776565551758,0.0,0.0,26,21,55.22452163696289
70,30,1011561,1334447,20,15,29.368412017822266,31.318655014038086,55.22452163696289,0.0,0.0,26,22,56.72294998168945
70,30,1011243,1334527,20,15,29.37659454345703,31.318655014038086,56.72294998168945,0.0,0.0,26,22,56.72520446777344
70,30,1011405,1334381,20,15,29.285720825195312,31.918224334716797,56.72520446777344,0.0,0.0,26,22,58.06977462768555
70,30,1011087,1334157,20,15,29.264698028564453,32.453941345214844,58.06977462768555,0.0,0.0,26,22,59.27943420410156
70,30,1011209,1333880,20,15,29.235591888427734,32.49681091308594,59.27943420410156,0.0,0.0,26,22,60.36946105957031
70,30,1010891,1333550,20,15,29.82830238342285,32.49681091308594,60.36946105957031,0.0,0.0,26,21,62.23247146606445
70,30,1010534,1333327,20,15,30.35785675048828,32.49681091308594,62.23247146606445,0.0,0.0,26,20,63.74250793457031
70,30,1010696,1334144,20,15,30.171682357788086,32.49681091308594,63.74250793457031,0.0,0.0,26,20,64.96629333496094
70,30,1011338,1335284,20,15,29.567626953125,32.95079040527344,64.96629333496094,0.0,0.0,26,20,64.96678161621094
70,30,1011965,1335284,20,15,29.461442947387695,33.392940521240234,64.96678161621094,0.0,0.0,26,20,64.96711730957031
70,30,1011607,1334975,20,15,29.50855827331543,33.392940521240234,64.96711730957031,0.0,0.0,26,20,65.48745727539062
70,30,1011290,1334869,20,15,29.309743881225586,33.392940521240234,65.48745727539062,0.0,0.0,26,21,66.37811279296875
70,30,1011412,1335098,20,15,29.113351821899414,33.71674728393555,66.37811279296875,0.0,0.0,26,21,67.10005187988281
70,30,1011095,1335228,20,15,29.197002410888672,34.00042724609375,67.10005187988281,0.0,0.0,26,22,67.40779876708984
70,30,1011735,1334814,20,15,29.709468841552734,34.02722930908203,67.40779876708984,0.0,0.0,26,21,67.685791015625
70,30,1011418,1334536,20,15,30.34865951538086,34.02722930908203,67.685791015625,0.0,0.0,26,20,67.93682861328125
70,30,1011540,1334680,20,15,30.227890014648438,34.02722930908203,67.93682861328125,0.0,0.0,26,20,68.16262817382812
70,30,1011223,1334804,20,15,30.210390090942383,34.02722930908203,68.16262817382812,0.0,0.0,26,20,68.54714965820312
70,30,1011823,1334882,20,15,30.466283798217773,34.412845611572266,68.54714965820312,0.0,0.0,26,21,68.71075439453125
70,30,1011970,1335096,20,15,30.45073699951172,34.62799072265625,68.71075439453125,0.0,0.0,26,21,68.9898681640625
70,30,1012131,1335181,20,15,30.7522029876709,35.119232177734375,68.9898681640625,0.0,0.0,26,21,68.98988342285156
70,30,1011775,1334873,20,15,30.783092498779297,35.119232177734375,68.98988342285156,0.0,0.0,26,21,69.10746765136719
70,30,1011419,1334716,20,15,30.491844177246094,35.41934585571289,69.10746765136719,0.0,0.0,26,21,69.21498107910156
70,30,1011580,1334684,20,15,30.39632225036621,35.466064453125,69.21498107910156,0.0,0.0,26,21,69.39871215820312
70,30,1011264,1334813,20,15,30.373085021972656,35.466064453125,69.39871215820312,0.0,0.0,26,21,66.49848937988281
70,30,1011847,1334656,20,15,30.162052154541016,33.28648376464844,66.49848937988281,0.0,0.0,26,22,66.86754608154297
70,30,1011531,1334328,20,15,30.74555206298828,33.28648376464844,66.86754608154297,0.0,0.0,26,21,67.49803924560547
70,30,1011215,1334159,20,15,31.164093017578125,33.320072174072266,67.49803924560547,0.0,0.0,26,20,67.76712036132812
70,30,1011416,1334598,20,15,30.648666381835938,33.320072174072266,67.76712036132812,0.0,0.0,26,20,68.22769165039062
70,30,1012014,1335743,20,15,30.241270065307617,33.320072174072266,68.22769165039062,0.0,0.0,26,20,68.22769165039062
70,30,1012175,1335326,20,15,30.241270065307617,34.10605239868164,68.22769165039062,0.0,0.0,26,20,68.59687805175781
70,30,1011819,1334993,20,15,30.46953010559082,34.10605239868164,68.59687805175781,0.0,0.0,26,20,68.7533950805664
70,30,1011980,1334581,20,15,30.95269203186035,34.4824104309082,68.7533950805664,0.0,0.0,26,20,68.7534408569336
70,30,1011665,1334581,20,15,30.849803924560547,34.4824104309082,68.7534408569336,0.0,0.0,26,20,68.75357818603516
70,30,1011786,1334352,20,15,31.2174129486084,34.726688385009766,68.75357818603516,0.0,0.0,26,19,69.02316284179688
70,30,1011431,1334147,20,15,31.337888717651367,34.726688385009766,69.02316284179688,0.0,0.0,26,19,69.13812255859375
70,30,1011116,1334215,20,15,31.040590286254883,34.726688385009766,69.13812255859375,0.0,0.0,26,19,66.81636810302734
70,30,1011277,1335023,20,15,30.582401275634766,32.593563079833984,66.81636810302734,0.0,0.0,26,20,60.90082550048828
70,30,1012388,1336153,20,15,29.908945083618164,32.593563079833984,60.90082550048828,0.0,0.0,26,20,60.90082550048828
70,30,1012548,1335737,20,15,29.908945083618164,33.093318939208984,60.90082550048828,0.0,0.0,26,20,61.826778411865234
70,30,1012194,1335430,20,15,29.869470596313477,33.093318939208984,61.826778411865234,0.0,0.0,26,20,61.82771301269531
70,30,1011879,1335430,20,15,29.714435577392578,33.093318939208984,61.82771301269531,0.0,0.0,26,20,62.66143798828125
70,30,1011564,1335800,20,15,29.368825912475586,30.907108306884766,62.66143798828125,0.0,0.0,26,21,60.64680862426758
70,30,1012199,1336321,20,15,29.08078384399414,30.907108306884766,60.64680862426758,0.0,0.0,26,21,58.83325958251953
70,30,1012779,1336549,20,15,28.805627822875977,32.129791259765625,58.83325958251953,0.0,0.0,26,21,59.96649932861328
70,30,1012464,1336280,20,15,28.901805877685547,32.129791259765625,59.96649932861328,0.0,0.0,26,21,60.98655700683594
70,30,1012585,1335959,20,15,29.00242042541504,32.13050842285156,60.98655700683594,0.0,0.0,26,21,62.732421875
70,30,1012271,1335848,20,15,29.780086517333984,32.13050842285156,62.732421875,0.0,0.0,26,21,64.14778137207031
70,30,1012430,1335974,20,15,30.20023536682129,32.13050842285156,64.14778137207031,0.0,0.0,26,20,65.29344940185547
70,30,1012551,1336139,20,15,30.26717185974121,32.68989181518555,65.29344940185547,0.0,0.0,26,19,65.7829818725586
70,30,1012710,1336304,20,15,29.924131393432617,32.673248291015625,65.7829818725586,0.0,0.0,26,20,66.22236633300781
70,30,1012357,1335999,20,15,29.797008514404297,33.06132507324219,66.22236633300781,0.0,0.0,26,20,66.22246551513672
70,30,1012004,1335843,20,15,29.746097564697266,33.06132507324219,66.22246551513672,0.0,0.0,26,20,66.61823272705078
70,30,1012164,1335816,20,15,29.69913673400879,33.06132507324219,66.61823272705078,0.0,0.0,26,20,66.97454833984375
70,30,1011850,1335943,20,15,29.665876388549805,33.06132507324219,66.97454833984375,0.0,0.0,26,21,66.97486877441406
70,30,1012482,1335870,20,15,29.76085090637207,33.8952522277832,66.97486877441406,0.0,0.0,26,21,67.29408264160156
70,30,1012130,1335572,20,15,30.03720474243164,31.565832138061523,67.29408264160156,0.0,0.0,26,21,64.73567962646484
70,30,1012289,1335482,20,15,30.297452926635742,31.565832138061523,64.73567962646484,0.0,0.0,26,21,60.35993194580078
70,30,1011937,1335951,20,15,30.114044189453125,32.154685974121094,60.35993194580078,0.0,0.0,26,21,61.342464447021484
70,30,1012593,1336476,20,15,29.74555778503418,32.64231872558594,61.342464447021484,0.0,0.0,26,22,61.34369659423828
70,30,1012712,1336016,20,15,30.043365478515625,32.64231872558594,61.34369659423828,0.0,0.0,26,21,62.227294921875
70,30,1012400,1336087,20,15,29.860754013061523,32.64231872558594,62.227294921875,0.0,0.0,26,21,63.73735046386719
70,30,1012558,1336314,20,15,29.79266357421875,32.64231872558594,63.73735046386719,0.0,0.0,26,22,64.38076782226562
70,30,1012678,1336262,20,15,29.58045196533203,33.151519775390625,64.38076782226562,0.0,0.0,26,22,64.95957946777344
70,30,1012798,1336210,20,15,29.375478744506836,33.13031768798828,64.95957946777344,0.0,0.0,26,22,65.48058319091797
70,30,1012485,1335802,20,15,29.96727180480957,33.13031768798828,65.48058319091797,0.0,0.0,26,21,65.95148468017578
70,30,1012173,1335890,20,15,29.723434448242188,33.585166931152344,65.95148468017578,0.0,0.0,26,21,66.37623596191406
70,30,1012332,1336116,20,15,29.538631439208984,33.585166931152344,66.37623596191406,0.0,0.0,26,21,67.1008071899414
70,30,1012452,1336531,20,15,29.49421501159668,33.585166931152344,67.1008071899414,0.0,0.0,26,22,67.10221862792969
70,30,1012610,1336531,20,15,29.37689781188965,33.97206497192383,67.10221862792969,0.0,0.0,26,22,67.4111099243164
70,30,1012768,1336609,20,15,29.45917320251465,34.279823303222656,67.4111099243164,0.0,0.0,26,21,67.68622589111328
70,30,1012418,1336414,20,15,29.294340133666992,34.67267990112305,67.68622589111328,0.0,0.0,26,21,67.93386840820312
70,30,1012576,1336271,20,15,29.16378402709961,34.637664794921875,67.93386840820312,0.0,0.0,26,21,65.33987426757812
70,30,1012226,1335895,20,15,29.88117027282715,32.32038116455078,65.33987426757812,0.0,0.0,26,21,60.9026985168457
70,30,1011914,1335728,20,15,30.517147064208984,32.32038116455078,60.9026985168457,0.0,0.0,26,20,59.01303482055664
70,30,1012073,1336339,20,15,30.02116584777832,32.32038116455078,59.01303482055664,0.0,0.0,26,20,54.39848709106445
70,30,1012661,1337517,20,15,29.2349853515625,32.32038116455078,54.39848709106445,0.0,0.0,26,21,53.155208587646484
70,30,1012819,1337141,20,15,29.507722854614258,32.30126190185547,53.155208587646484,0.0,0.0,26,21,54.85503387451172
70,30,1012977,1336735,20,15,29.83929443359375,32.748565673828125,54.85503387451172,0.0,0.0,26,20,56.38644790649414
70,30,1012627,1336754,20,15,29.70513343811035,32.748565673828125,56.38644790649414,0.0,0.0,26,20,57.765716552734375
70,30,1012317,1336924,20,15,29.731081008911133,30.590261459350586,57.765716552734375,0.0,0.0,26,21,53.62743377685547
70,30,1012890,1337516,20,15,29.59341049194336,30.590261459350586,53.62743377685547,0.0,0.0,26,21,53.62915802001953
70,30,1013033,1337373,20,15,29.51483917236328,31.815813064575195,53.62915802001953,0.0,0.0,26,21,55.282371520996094
70,30,1012683,1337102,20,15,29.439512252807617,31.815813064575195,55.282371520996094,0.0,0.0,26,21,56.77047348022461
70,30,1012841,1336882,20,15,29.396038055419922,31.84734535217285,56.77047348022461,0.0,0.0,26,21,58.11166000366211
70,30,1012530,1336744,20,15,29.767343521118164,32.36673355102539,58.11166000366211,0.0,0.0,26,21,59.317543029785156
70,30,1012688,1336751,20,15,29.80352783203125,32.36673355102539,59.317543029785156,0.0,0.0,26,21,60.40404510498047
70,30,1012339,1336860,20,15,29.82706642150879,30.572988510131836,60.40404510498047,0.0,0.0,26,21,60.40699005126953
70,30,1012911,1336840,20,15,29.85390853881836,31.2609920501709,60.40699005126953,0.0,0.0,26,21,61.384178161621094
70,30,1012601,1336596,20,15,30.0471134185791,31.2609920501709,61.384178161621094,0.0,0.0,26,21,62.26502990722656
70,30,1012758,1336506,20,15,30.232637405395508,31.2609920501709,62.26502990722656,0.0,0.0,26,21,63.76869583129883
70,30,1012915,1336909,20,15,30.191646575927734,31.2609920501709,63.76869583129883,0.0,0.0,26,21,64.98423767089844
70,30,1013034,1337086,20,15,29.798328399658203,31.85518455505371,64.98423767089844,0.0,0.0,26,22,65.50226593017578
70,30,1013191,1336682,20,15,30.3001708984375,31.887760162353516,65.50226593017578,0.0,0.0,26,21,65.50341796875
70,30,1012881,1336503,20,15,30.248870849609375,29.688657760620117,65.50341796875,0.0,0.0,26,21,65.5045166015625
70,30,1013038,1336323,20,15,30.195619583129883,30.519306182861328,65.5045166015625,0.0,0.0,26,21,65.9738540649414
70,30,1012690,1335951,20,15,30.91935920715332,30.519306182861328,65.9738540649414,0.0,0.0,26,19,66.39532470703125
70,30,1012381,1335785,20,15,30.89918327331543,29.022066116333008,66.39532470703125,0.0,0.0,26,20,62.785797119140625
70,30,1012538,1336577,20,15,30.496963500976562,29.022066116333008,62.785797119140625,0.0,0.0,26,20,59.770015716552734
70,30,1013122,1338040,20,15,29.620954513549805,29.97872543334961,59.770015716552734,0.0,0.0,26,21,60.811561584472656
70,30,1013745,1337790,20,15,29.650209426879883,30.771574020385742,60.811561584472656,0.0,0.0,26,21,60.811561584472656
70,30,1013436,1337382,20,15,29.650209426879883,30.771574020385742,60.811561584472656,0.0,0.0,26,21,60.81298828125
70,30,1013088,1337532,20,15,29.399641036987305,31.517431259155273,60.81298828125,0.0,0.0,26,21,61.74943542480469
70,30,1013245,1337500,20,15,29.490556716918945,31.517431259155273,61.74943542480469,0.0,0.0,26,21,62.59334945678711
70,30,1013348,1337574,20,15,29.57122230529785,30.679914474487305,62.59334945678711,0.0,0.0,26,22,62.59446334838867
70,30,1013543,1337223,20,15,29.903684616088867,31.379854202270508,62.59446334838867,0.0,0.0,26,21,64.03813934326172
70,30,1013196,1337021,20,15,30.29538917541504,31.379854202270508,64.03813934326172,0.0,0.0,26,20,64.65409851074219
70,30,1012888,1337087,20,15,30.103404998779297,31.379854202270508,64.65409851074219,0.0,0.0,26,20,65.70738220214844
70,30,1013044,1337876,20,15,29.798015594482422,31.379854202270508,65.70738220214844,0.0,0.0,26,21,66.15642547607422
70,30,1014129,1338223,20,15,29.382177352905273,32.02627944946289,66.15642547607422,0.0,0.0,26,21,66.15672302246094
70,30,1013782,1337831,20,15,29.455537796020508,32.02627944946289,66.15672302246094,0.0,0.0,26,21,66.15704345703125
70,30,1013938,1337490,20,15,29.511465072631836,30.45773696899414,66.15704345703125,0.0,0.0,26,21,63.740928649902344
70,30,1013592,1337120,20,15,30.0585880279541,30.45773696899414,63.740928649902344,0.0,0.0,26,20,61.56739807128906
70,30,1013284,1336954,20,15,30.30860137939453,30.45773696899414,61.56739807128906,0.0,0.0,26,20,57.849456787109375
70,30,1012938,1337882,20,15,29.579570770263672,30.45773696899414,57.849456787109375,0.0,0.0,26,21,54.837886810302734
70,30,1014524,1338839,20,15,29.034765243530273,31.124168395996094,54.837886810302734,0.0,0.0,26,21,54.837886810302734
70,30,1014641,1338382,20,15,29.034765243530273,32.35697937011719,54.837886810302734,0.0,0.0,26,21,56.36971664428711
70,30,1014333,1338133,20,15,29.120403289794922,32.35697937011719,56.36971664428711,0.0,0.0,26,21,57.750099182128906
70,30,1013987,1338442,20,15,28.834508895874023,30.208457946777344,57.750099182128906,0.0,0.0,26,21,56.22780990600586
70,30,1014605,1338949,20,15,28.59084129333496,30.22553825378418,56.22780990600586,0.0,0.0,26,22,56.229148864746094
70,30,1014708,1338897,20,15,28.415695190429688,30.90182113647461,56.229148864746094,0.0,0.0,26,22,56.230533599853516
70,30,1014863,1338719,20,15,28.343772888183594,32.147727966308594,56.230533599853516,0.0,0.0,26,22,56.23196792602539
70,30,1014556,1338318,20,15,28.741497039794922,32.147727966308594,56.23196792602539,0.0,0.0,26,21,57.62594985961914
70,30,1014210,1338337,20,15,28.72739028930664,32.63745880126953,57.62594985961914,0.0,0.0,26,22,60.008399963378906
70,30,1014365,1338558,20,15,28.941970825195312,32.63745880126953,60.008399963378906,0.0,0.0,26,22,61.939517974853516
70,30,1014520,1339013,20,15,28.859907150268555,32.63745880126953,61.939517974853516,0.0,0.0,26,22,62.76287078857422
70,30,1014637,1338962,20,15,28.717266082763672,33.0629768371582,62.76287078857422,0.0,0.0,26,22,63.50398635864258
70,30,1014792,1338931,20,15,28.667810440063477,33.058563232421875,63.50398635864258,0.0,0.0,26,22,64.17170715332031
70,30,1014447,1338539,20,15,29.40860366821289,33.40829849243164,64.17170715332031,0.0,0.0,26,21,64.77286529541016
70,30,1014602,1338280,20,15,30.152145385742188,33.816566467285156,64.77286529541016,0.0,0.0,26,20,65.31275939941406
70,30,1014295,1338039,20,15,30.477455139160156,32.01142120361328,65.31275939941406,0.0,0.0,26,20,63.554412841796875
70,30,1013951,1337900,20,15,30.565397262573242,32.01142120361328,63.554412841796875,0.0,0.0,26,21,60.54674530029297
70,30,1014105,1338707,20,15,29.896663665771484,32.01142120361328,60.54674530029297,0.0,0.0,26,21,58.110511779785156
70,30,1015182,1339371,20,15,29.44400405883789,32.039920806884766,58.110511779785156,0.0,0.0,26,21,58.1122932434082
70,30,1014838,1338982,20,15,29.51079559326172,32.039920806884766,58.1122932434082,0.0,0.0,26,21,58.11405563354492
70,30,1014992,1338643,20,15,29.610973358154297,32.57016372680664,58.11405563354492,0.0,0.0,26,21,56.92292785644531
70,30,1014686,1338647,20,15,29.7322940826416,32.57016372680664,56.92292785644531,0.0,0.0,26,21,55.85090637207031
70,30,1014802,1338751,20,15,29.486831665039062,32.57016372680664,55.85090637207031,0.0,0.0,26,21,54.2376823425293
70,30,1014956,1339059,20,15,29.399133682250977,30.975765228271484,54.2376823425293,0.0,0.0,26,21,53.548431396484375
70,30,1015096,1339057,20,15,29.283254623413086,31.60775375366211,53.548431396484375,0.0,0.0,26,21,55.20988845825195
70,30,1015250,1339056,20,15,29.135095596313477,31.572416305541992,55.20988845825195,0.0,0.0,26,21,56.70701599121094
70,30,1014907,1338636,20,15,29.982580184936523,31.572416305541992,56.70701599121094,0.0,0.0,26,21,58.054443359375
70,30,1015061,1338350,20,15,30.4456729888916,32.68277359008789,58.054443359375,0.0,0.0,26,20,59.26823425292969
70,30,1014717,1338450,20,15,30.223657608032227,32.715579986572266,59.26823425292969,0.0,0.0,26,20,60.362388610839844
70,30,1014857,1338749,20,15,29.940370559692383,32.715579986572266,60.362388610839844,0.0,0.0,26,21,58.84330749511719
70,30,1015417,1339156,20,15,29.44102668762207,31.52560043334961,58.84330749511719,0.0,0.0,26,21,59.97610855102539
70,30,1015112,1338940,20,15,29.45672607421875,31.52560043334961,59.97610855102539,0.0,0.0,26,21,60.99577331542969
70,30,1015228,1338674,20,15,29.464357376098633,31.552715301513672,60.99577331542969,0.0,0.0,26,21,61.914459228515625
70,30,1014923,1338538,20,15,30.0294246673584,31.552715301513672,61.914459228515625,0.0,0.0,26,20,61.91535186767578
70,30,1015077,1338479,20,15,29.908103942871094,32.10399627685547,61.91535186767578,0.0,0.0,26,20,59.92367935180664
70,30,1014734,1338112,20,15,30.31782341003418,30.024497985839844,59.92367935180664,0.0,0.0,26,20,58.13260269165039
70,30,1014429,1337948,20,15,30.65411376953125,30.024497985839844,58.13260269165039,0.0,0.0,26,19,55.63594436645508
70,30,1014583,1338580,20,15,30.00993537902832,28.336360931396484,55.63594436645508,0.0,0.0,26,20,53.615413665771484
70,30,1015157,1339406,20,15,29.387727737426758,28.336360931396484,53.615413665771484,0.0,0.0,26,21,52.7513313293457
70,30,1015310,1339405,20,15,29.207382202148438,29.180418014526367,52.7513313293457,0.0,0.0,26,21,56.060394287109375
70,30,1015425,1339108,20,15,29.650604248046875,29.988710403442383,56.060394287109375,0.0,0.0,26,20,57.47412872314453
70,30,1015083,1339199,20,15,29.658037185668945,29.988710403442383,57.47412872314453,0.0,0.0,26,20,59.88857650756836
70,30,1015260,1339623,20,15,29.772510528564453,30.751930236816406,59.88857650756836,0.0,0.0,26,21,60.91874313354492
70,30,1015818,1340028,20,15,29.354787826538086,31.371000289916992,60.91874313354492,0.0,0.0,26,21,61.84413146972656
70,30,1015514,1339813,20,15,29.329280853271484,31.95628547668457,61.84413146972656,0.0,0.0,26,21,62.677085876464844
70,30,1015667,1339598,20,15,29.33064079284668,31.982524871826172,62.677085876464844,0.0,0.0,26,21,63.427940368652344
70,30,1015325,1339232,20,15,29.875890731811523,30.382965087890625,63.427940368652344,0.0,0.0,26,20,60.48607635498047
70,30,1015022,1339068,20,15,30.468847274780273,30.345571517944336,60.48607635498047,0.0,0.0,26,19,59.23363494873047
70,30,1015137,1339786,20,15,29.866687774658203,30.345571517944336,59.23363494873047,0.0,0.0,26,20,56.94608688354492
70,30,1015276,1340561,20,15,29.830486297607422,28.7382869720459,56.94608688354492,0.0,0.0,26,20,55.904571533203125
70,30,1015885,1340700,20,15,29.737892150878906,29.677091598510742,55.904571533203125,0.0,0.0,26,20,55.904571533203125
70,30,1015999,1340249,20,15,29.737892150878906,30.377220153808594,55.904571533203125,0.0,0.0,26,20,57.331138610839844
70,30,1015696,1340003,20,15,29.72625160217285,30.377220153808594,57.331138610839844,0.0,0.0,26,20,58.61650848388672
70,30,1015393,1340357,20,15,29.39284324645996,30.377220153808594,58.61650848388672,0.0,0.0,26,21,57.52776336669922
70,30,1015963,1340806,20,15,29.150962829589844,28.90972137451172,57.52776336669922,0.0,0.0,26,21,56.54671096801758
70,30,1016139,1341224,20,15,28.810819625854492,28.90972137451172,56.54671096801758,0.0,0.0,26,21,56.54833221435547
70,30,1016254,1341072,20,15,28.774316787719727,30.61795997619629,56.54833221435547,0.0,0.0,26,21,57.91033172607422
70,30,1015951,1340812,20,15,28.814281463623047,30.61795997619629,57.91033172607422,0.0,0.0,26,21,60.23980712890625
70,30,1016051,1340506,20,15,29.352190017700195,31.2192325592041,60.23980712890625,0.0,0.0,26,21,62.128395080566406
70,30,1015748,1340397,20,15,29.839252471923828,31.2192325592041,62.128395080566406,0.0,0.0,26,20,63.659385681152344
70,30,1015901,1340516,20,15,30.169918060302734,31.2192325592041,63.659385681152344,0.0,0.0,26,19,64.3000717163086
70,30,1016015,1340890,20,15,30.2841854095459,31.905412673950195,64.3000717163086,0.0,0.0,26,19,64.88616943359375
70,30,1016167,1340888,20,15,29.98166847229004,31.925336837768555,64.88616943359375,0.0,0.0,26,19,65.41374206542969
70,30,1016319,1340886,20,15,29.67416763305664,31.956356048583984,65.41374206542969,0.0,0.0,26,19,65.8893051147461
70,30,1015979,1340471,20,15,30.32298469543457,31.956356048583984,65.8893051147461,0.0,0.0,26,19,66.31732177734375
70,30,1016131,1340188,20,15,30.902061462402344,32.50541687011719,66.31732177734375,0.0,0.0,26,18,66.70348358154297
70,30,1015791,1340285,20,15,30.631710052490234,33.0587043762207,66.70348358154297,0.0,0.0,26,19,66.7045669555664
70,30,1015943,1340284,20,15,30.49802017211914,33.42951202392578,66.7045669555664,0.0,0.0,26,19,67.05097961425781
70,30,1015603,1339869,20,15,30.82996940612793,33.444969177246094,67.05097961425781,0.0,0.0,26,19,67.36280059814453
70,30,1015755,1339505,20,15,30.9918212890625,33.42399978637695,67.36280059814453,0.0,0.0,26,19,67.64400482177734
70,30,1015454,1339508,20,15,31.339012145996094,33.46247863769531,67.64400482177734,0.0,0.0,26,19,67.89559173583984
70,30,1015606,1339660,20,15,30.982465744018555,33.89031219482422,67.89559173583984,0.0,0.0,26,19,68.12151336669922
70,30,1015705,1339913,20,15,30.753576278686523,33.89031219482422,68.12151336669922,0.0,0.0,26,19,68.12108612060547
70,30,1015857,1339911,20,15,30.617767333984375,34.28702163696289,68.12108612060547,0.0,0.0,26,20,68.12073516845703
70,30,1015971,1339860,20,15,30.506425857543945,34.26061248779297,68.12073516845703,0.0,0.0,26,20,68.12124633789062
70,30,1015670,1339467,20,15,30.90215301513672,34.57548141479492,68.12124633789062,0.0,0.0,26,19,68.32709503173828
70,30,1015331,1339486,20,15,30.643945693969727,34.57548141479492,68.32709503173828,0.0,0.0,26,19,68.6783218383789
70,30,1015483,1339702,20,15,30.430870056152344,34.57548141479492,68.6783218383789,0.0,0.0,26,20,65.99030303955078
70,30,1015634,1340150,20,15,30.084468841552734,32.89374542236328,65.99030303955078,0.0,0.0,26,21,66.51844024658203
70,30,1015786,1340118,20,15,30.066909790039062,33.036659240722656,66.51844024658203,0.0,0.0,26,21,66.61699676513672
70,30,1015899,1339893,20,15,29.86591148376465,33.691402435302734,66.61699676513672,0.0,0.0,26,21,66.88461303710938
70,30,1015561,1339600,20,15,29.83635139465332,33.691402435302734,66.88461303710938,0.0,0.0,26,21,67.21269989013672
70,30,1015298,1340001,20,15,29.45380210876465,32.20183181762695,67.21269989013672,0.0,0.0,26,21,66.07818603515625
70,30,1015864,1340446,20,15,29.144441604614258,32.20183181762695,66.07818603515625,0.0,0.0,26,21,66.1421127319336
70,30,1016452,1340444,20,15,28.944154739379883,32.716773986816406,66.1421127319336,0.0,0.0,26,21,66.1997299194336
70,30,1016114,1340004,20,15,29.573944091796875,32.92082977294922,66.1997299194336,0.0,0.0,26,21,66.85334014892578
70,30,1015814,1340070,20,15,29.50693130493164,32.92082977294922,66.85334014892578,0.0,0.0,26,21,67.48123168945312
70,30,1015965,1340288,20,15,29.83078384399414,31.405271530151367,67.48123168945312,0.0,0.0,26,21,63.86840057373047
70,30,1016078,1340759,20,15,29.743244171142578,31.405271530151367,63.86840057373047,0.0,0.0,26,21,62.90906524658203
70,30,1016252,1340817,20,15,29.51104736328125,31.736061096191406,62.90906524658203,0.0,0.0,26,22,63.66252517700195
70,30,1016403,1340891,20,15,29.44574546813965,32.030426025390625,63.66252517700195,0.0,0.0,26,21,64.28721618652344
70,30,1016066,1340629,20,15,29.439769744873047,32.030426025390625,64.28721618652344,0.0,0.0,26,22,64.8486328125
70,30,1016217,1340417,20,15,29.455890655517578,32.489986419677734,64.8486328125,0.0,0.0,26,22,65.8359603881836
70,30,1015880,1340218,20,15,30.08315086364746,32.489986419677734,65.8359603881836,0.0,0.0,26,21,66.63822937011719
70,30,1015580,1340219,20,15,30.182077407836914,32.489986419677734,66.63822937011719,0.0,0.0,26,20,67.02928161621094
70,30,1015693,1340552,20,15,29.979211807250977,32.489986419677734,67.02928161621094,0.0,0.0,26,21,67.62684631347656
70,30,1016256,1340796,20,15,29.94774627685547,32.937129974365234,67.62684631347656,0.0,0.0,26,21,67.63961029052734
70,30,1016107,1340678,20,15,30.100006103515625,31.537830352783203,67.63961029052734,0.0,0.0,26,21,66.37415313720703
70,30,1016805,1340962,20,15,30.15802574157715,31.892494201660156,66.37415313720703,0.0,0.0,26,21,66.74469757080078
70,30,1016468,1340911,20,15,29.929269790649414,31.892494201660156,66.74469757080078,0.0,0.0,26,21,67.08777618408203
70,30,1016656,1341038,20,15,29.84020233154297,32.559661865234375,67.08777618408203,0.0,0.0,26,21,67.388427734375
70,30,1016394,1341085,20,15,29.67413902282715,32.559661865234375,67.388427734375,0.0,0.0,26,21,67.6671142578125
70,30,1016656,1341064,20,15,29.753128051757812,32.559661865234375,67.6671142578125,0.0,0.0,26,21,67.91070556640625
70,30,1016769,1341013,20,15,29.576967239379883,33.06950378417969,67.91070556640625,0.0,0.0,26,21,68.12953186035156
70,30,1016994,1341110,20,15,29.412858963012695,33.2591438293457,68.12953186035156,0.0,0.0,26,21,68.33442687988281
70,30,1016770,1340897,20,15,29.990909576416016,33.2591438293457,68.33442687988281,0.0,0.0,26,21,65.69363403320312
70,30,1016905,1340736,20,15,30.28338050842285,32.076114654541016,65.69363403320312,0.0,0.0,26,20,64.57731628417969
70,30,1016569,1341297,20,15,29.775442123413086,32.076114654541016,64.57731628417969,0.0,0.0,26,21,64.57585906982422
70,30,1016345,1341742,20,15,29.71295166015625,32.076114654541016,64.57585906982422,0.0,0.0,26,21,62.654747009277344
70,30,1017789,1342639,20,15,29.080472946166992,32.50494384765625,62.654747009277344,0.0,0.0,26,21,62.65926742553711
70,30,1017939,1342323,20,15,29.159059524536133,32.82976531982422,62.65926742553711,0.0,0.0,26,21,62.66348648071289
70,30,1017602,1341885,20,15,29.655630111694336,33.35601806640625,62.66348648071289,0.0,0.0,26,20,63.412017822265625
70,30,1017304,1341951,20,15,29.678773880004883,33.35601806640625,63.412017822265625,0.0,0.0,26,20,64.6893081665039
70,30,1017416,1342115,20,15,29.683382034301758,31.707130432128906,64.6893081665039,0.0,0.0,26,21,62.132781982421875
70,30,1017566,1342555,20,15,29.602947235107422,31.707130432128906,62.132781982421875,0.0,0.0,26,21,61.03981399536133
70,30,1018148,1342553,20,15,29.474245071411133,32.278350830078125,61.03981399536133,0.0,0.0,26,21,61.03981399536133
70,30,1017813,1342111,20,15,29.474245071411133,32.79182815551758,61.03981399536133,0.0,0.0,26,21,61.9490966796875
70,30,1017477,1341820,20,15,29.543302536010742,32.79182815551758,61.9490966796875,0.0,0.0,26,21,62.774295806884766
70,30,1017142,1342508,20,15,28.934762954711914,31.47365379333496,62.774295806884766,0.0,0.0,26,22,61.94890213012695
70,30,1017776,1342655,20,15,28.876089096069336,32.01979064941406,61.94890213012695,0.0,0.0,26,22,62.77345275878906
70,30,1018320,1343259,20,15,28.45237922668457,32.99593734741211,62.77345275878906,0.0,0.0,26,22,63.51054763793945
70,30,1017985,1342954,20,15,28.524751663208008,32.99593734741211,63.51054763793945,0.0,0.0,26,22,64.17406463623047
70,30,1018083,1342649,20,15,28.574190139770508,33.313907623291016,64.17406463623047,0.0,0.0,26,22,65.79147338867188
70,30,1017748,1342496,20,15,29.309703826904297,33.313907623291016,65.79147338867188,0.0,0.0,26,21,66.22835540771484
70,30,1017860,1342827,20,15,29.031530380249023,33.4412727355957,66.22835540771484,0.0,0.0,26,21,66.61980438232422
70,30,1017971,1342588,20,15,28.93318748474121,33.814056396484375,66.61980438232422,0.0,0.0,26,21,66.97218322753906
70,30,1017637,1342298,20,15,28.88918685913086,33.814056396484375,66.97218322753906,0.0,0.0,26,21,66.97297668457031
70,30,1017302,1342149,20,15,28.8343448638916,32.39674377441406,66.97297668457031,0.0,0.0,26,21,65.70238494873047
70,30,1017414,1342360,20,15,28.818641662597656,32.39674377441406,65.70238494873047,0.0,0.0,26,22,64.55934143066406
70,30,1017526,1342356,20,15,29.07331657409668,31.500211715698242,64.55934143066406,0.0,0.0,26,22,65.11924743652344
70,30,1017660,1342048,20,15,29.737485885620117,32.01041030883789,65.11924743652344,0.0,0.0,26,22,66.07671356201172
70,30,1017326,1341870,20,15,30.41619110107422,32.01041030883789,66.07671356201172,0.0,0.0,26,22,66.85226440429688
70,30,1017475,1342110,20,15,30.308364868164062,32.01041030883789,66.85226440429688,0.0,0.0,26,22,67.17191314697266
70,30,1017216,1342481,20,15,30.22677230834961,32.01041030883789,67.17191314697266,0.0,0.0,26,21,67.45863342285156
70,30,1017957,1343397,20,15,29.78179931640625,32.01041030883789,67.45863342285156,0.0,0.0,26,22,67.72550964355469
70,30,1018143,1343118,20,15,29.92087173461914,33.03508758544922,67.72550964355469,0.0,0.0,26,22,67.72550964355469
70,30,1018365,1342824,20,15,29.92087173461914,33.161067962646484,67.72550964355469,0.0,0.0,26,22,67.96636199951172
70,30,1018105,1342875,20,15,29.989404678344727,33.161067962646484,67.96636199951172,0.0,0.0,26,21,67.96671295166016
70,30,1017957,1343068,20,15,29.7884578704834,33.20738983154297,67.96671295166016,0.0,0.0,26,21,68.18289184570312
70,30,1018142,1342877,20,15,29.703203201293945,33.20738983154297,68.18289184570312,0.0,0.0,26,21,68.36772155761719
70,30,1018365,1343275,20,15,29.382543563842773,33.20738983154297,68.36772155761719,0.0,0.0,26,22,68.70152282714844
70,30,1019031,1343467,20,15,29.5599308013916,33.27241134643555,68.70152282714844,0.0,0.0,26,21,68.84432983398438
70,30,1018808,1343634,20,15,29.632036209106445,33.27241134643555,68.84432983398438,0.0,0.0,26,22,69.08778381347656
70,30,1019067,1343636,20,15,30.047334671020508,33.27241134643555,69.08778381347656,0.0,0.0,26,22,69.19124603271484
70,30,1019289,1343731,20,15,29.843685150146484,33.258609771728516,69.19124603271484,0.0,0.0,26,22,69.28440856933594
70,30,1019104,1343847,20,15,29.646926879882812,33.6856575012207,69.28440856933594,0.0,0.0,26,22,69.28440856933594
70,30,1019349,1343603,20,15,29.646926879882812,33.692874908447266,69.28440856933594,0.0,0.0,26,22,69.36815643310547
70,30,1019090,1343322,20,15,30.178430557250977,33.692874908447266,69.36815643310547,0.0,0.0,26,21,69.511474609375
70,30,1019311,1343241,20,15,30.511795043945312,33.78274154663086,69.511474609375,0.0,0.0,26,21,69.5734634399414
70,30,1019052,1343263,20,15,30.369821548461914,33.78274154663086,69.5734634399414,0.0,0.0,26,21,69.57421875
70,30,1018904,1343140,20,15,30.519187927246094,33.78274154663086,69.57421875,0.0,0.0,26,21,69.64634704589844
70,30,1019126,1344200,20,15,29.969993591308594,33.78274154663086,69.64634704589844,0.0,0.0,26,21,69.69586944580078
70,30,1019015,1344220,20,15,29.906719207763672,31.447612762451172,69.69586944580078,0.0,0.0,26,22,65.0257797241211
70,30,1019702,1345300,20,15,29.229219436645508,31.447612762451172,65.0257797241211,0.0,0.0,26,22,65.06248474121094
70,30,1020735,1345269,20,15,29.035236358642578,32.10260772705078,65.06248474121094,0.0,0.0,26,22,65.06248474121094
70,30,1020402,1344831,20,15,29.035236358642578,32.714935302734375,65.06248474121094,0.0,0.0,26,22,65.53598022460938
70,30,1020106,1344590,20,15,29.073589324951172,32.714935302734375,65.53598022460938,0.0,0.0,26,22,65.9952621459961
70,30,1019774,1344884,20,15,28.773836135864258,30.309633255004883,65.9952621459961,0.0,0.0,26,22,63.61982727050781
70,30,1020326,1345318,20,15,28.53945541381836,30.309633255004883,63.61982727050781,0.0,0.0,26,22,61.4775505065918
70,30,1020865,1345915,20,15,28.20338249206543,30.728981018066406,61.4775505065918,0.0,0.0,26,22,62.32437515258789
70,30,1020532,1345612,20,15,28.3201961517334,31.400102615356445,62.32437515258789,0.0,0.0,26,22,63.08662796020508
70,30,1020679,1345358,20,15,28.43874740600586,31.662822723388672,63.08662796020508,0.0,0.0,26,22,64.40986633300781
70,30,1020346,1345204,20,15,29.072105407714844,31.662822723388672,64.40986633300781,0.0,0.0,26,21,65.49937438964844
70,30,1020456,1345270,20,15,29.476428985595703,31.662822723388672,65.49937438964844,0.0,0.0,26,21,66.36905670166016
70,30,1020566,1345421,20,15,29.63075828552246,29.77106475830078,66.36905670166016,0.0,0.0,26,20,63.96725845336914
70,30,1020675,1344987,20,15,30.123430252075195,29.77106475830078,63.96725845336914,0.0,0.0,26,19,63.96725845336914
70,30,1020343,1344550,20,15,30.123430252075195,30.341482162475586,63.96725845336914,0.0,0.0,26,19,64.57178497314453
70,30,1020012,1344262,20,15,30.05055809020996,30.341482162475586,64.57178497314453,0.0,0.0,26,20,64.58468627929688
70,30,1019717,1344260,20,15,29.943222045898438,30.341482162475586,64.58468627929688,0.0,0.0,26,20,63.418148040771484
70,30,1019827,1345337,20,15,29.179651260375977,28.87529754638672,63.418148040771484,0.0,0.0,26,20,61.87742614746094
70,30,1020841,1345980,20,15,28.837385177612305,29.54433250427246,61.87742614746094,0.0,0.0,26,21,61.88645935058594
70,30,1020950,1345548,20,15,29.265254974365234,30.30052947998047,61.88645935058594,0.0,0.0,26,20,63.44141387939453
70,30,1020656,1345611,20,15,29.125028610229492,30.30052947998047,63.44141387939453,0.0,0.0,26,21,64.71630859375
70,30,1020765,1345773,20,15,29.235929489135742,28.343168258666992,64.71630859375,0.0,0.0,26,21,59.2304801940918
70,30,1020911,1346280,20,15,29.34996795654297,28.457887649536133,59.2304801940918,0.0,0.0,26,21,57.75080490112305
70,30,1021043,1346036,20,15,29.400985717773438,29.158353805541992,57.75080490112305,0.0,0.0,26,22,59.000457763671875
70,30,1020712,1346309,20,15,29.38759994506836,29.158353805541992,59.000457763671875,0.0,0.0,26,22,59.000457763671875
70,30,1020858,1345921,20,15,29.38759994506836,29.91303253173828,59.000457763671875,0.0,0.0,26,22,60.110572814941406
70,30,1020564,1345712,20,15,29.360416412353516,30.701141357421875,60.110572814941406,0.0,0.0,26,22,61.109840393066406
70,30,1020709,1345504,20,15,29.342021942138672,30.83928871154785,61.109840393066406,0.0,0.0,26,22,62.8231201171875
70,30,1020379,1345150,20,15,30.283662796020508,30.83928871154785,62.8231201171875,0.0,0.0,26,20,63.555564880371094
70,30,1020122,1345039,20,15,30.35421371459961,30.83928871154785,63.555564880371094,0.0,0.0,26,20,64.80805206298828
70,30,1020268,1345783,20,15,30.21476936340332,30.83928871154785,64.80805206298828,0.0,0.0,26,20,65.82489013671875
70,30,1020816,1346775,20,15,29.634532928466797,31.615800857543945,65.82489013671875,0.0,0.0,26,20,65.82719421386719
70,30,1021387,1346772,20,15,29.515670776367188,32.21486282348633,65.82719421386719,0.0,0.0,26,20,65.82933807373047
70,30,1021056,1346485,20,15,29.547483444213867,32.21486282348633,65.82933807373047,0.0,0.0,26,20,66.25895690917969
70,30,1020763,1346385,20,15,29.35002899169922,32.21486282348633,66.25895690917969,0.0,0.0,26,21,66.64753723144531
70,30,1020908,1346352,20,15,29.409584045410156,32.727779388427734,66.64753723144531,0.0,0.0,26,21,67.3079605102539
70,30,1020615,1346468,20,15,29.4743709564209,33.253726959228516,67.3079605102539,0.0,0.0,26,21,67.59101867675781
70,30,1021199,1346368,20,15,29.31075668334961,33.736900329589844,67.59101867675781,0.0,0.0,26,22,68.07746887207031
70,30,1020869,1346066,20,15,30.288227081298828,33.736900329589844,68.07746887207031,0.0,0.0,26,20,68.285400390625
70,30,1021015,1345956,20,15,30.260089874267578,33.736900329589844,68.285400390625,0.0,0.0,26,20,68.47335815429688
70,30,1020722,1346067,20,15,30.163421630859375,33.736900329589844,68.47335815429688,0.0,0.0,26,20,68.64154052734375
70,30,1020830,1346349,20,15,30.225725173950195,34.077980041503906,68.64154052734375,0.0,0.0,26,20,68.92735290527344
70,30,1020975,1346613,20,15,30.403236389160156,34.077980041503906,68.92735290527344,0.0,0.0,26,21,69.15934753417969
70,30,1021107,1346688,20,15,30.725648880004883,34.766822814941406,69.15934753417969,0.0,0.0,26,21,69.15987396240234
70,30,1021215,1346402,20,15,30.725709915161133,34.94263458251953,69.15987396240234,0.0,0.0,26,21,69.2590560913086
70,30,1020923,1346303,20,15,30.433406829833984,34.94263458251953,69.2590560913086,0.0,0.0,26,21,69.34770965576172
70,30,1020630,1346203,20,15,30.144710540771484,35.19251251220703,69.34770965576172,0.0,0.0,26,21,69.42842102050781
70,30,1020775,1346171,20,15,30.03986930847168,35.19251251220703,69.42842102050781,0.0,0.0,26,21,67.23471069335938
70,30,1020884,1346238,20,15,30.039899826049805,33.15804672241211,67.23471069335938,0.0,0.0,26,22,65.19451141357422
70,30,1021028,1346251,20,15,30.162220001220703,33.15804672241211,65.19451141357422,0.0,0.0,26,22,61.706180572509766
70,30,1021173,1346409,20,15,30.231359481811523,33.15804672241211,61.706180572509766,0.0,0.0,26,22,58.879581451416016
70,30,1021318,1346291,20,15,30.528884887695312,33.19341278076172,58.879581451416016,0.0,0.0,26,22,58.879581451416016
70,30,1021462,1345906,20,15,30.528884887695312,33.64334487915039,58.879581451416016,0.0,0.0,26,22,58.879581451416016
70,30,1021134,1345474,20,15,30.528884887695312,33.968284606933594,58.879581451416016,0.0,0.0,26,22,60.00481414794922
70,30,1020842,1345237,20,15,30.52655601501465,33.968284606933594,60.00481414794922,0.0,0.0,26,22,61.02064895629883
70,30,1020514,1345949,20,15,29.861295700073242,32.134010314941406,61.02064895629883,0.0,0.0,26,22,58.52992248535156
70,30,1021531,1346938,20,15,29.173295974731445,32.13343048095703,58.52992248535156,0.0,0.0,26,22,57.469749450683594
70,30,1022097,1347669,20,15,28.69963264465332,32.57916259765625,57.469749450683594,0.0,0.0,26,22,58.736045837402344
70,30,1021769,1347269,20,15,29.162551879882812,33.0007209777832,58.736045837402344,0.0,0.0,26,22,59.87584686279297
70,30,1021913,1346917,20,15,29.478408813476562,33.01268005371094,59.87584686279297,0.0,0.0,26,22,61.82673645019531
70,30,1021622,1346914,20,15,29.89373779296875,33.01268005371094,61.82673645019531,0.0,0.0,26,22,63.4072265625
70,30,1021330,1347066,20,15,29.957672119140625,33.01268005371094,63.4072265625,0.0,0.0,26,21,64.08269500732422
70,30,1021474,1347431,20,15,29.6892147064209,33.01268005371094,64.08269500732422,0.0,0.0,26,21,64.69052124023438
70,30,1022053,1347638,20,15,29.718505859375,33.48390197753906,64.69052124023438,0.0,0.0,26,21,64.6915512084961
70,30,1022618,1347635,20,15,29.626605987548828,33.815818786621094,64.6915512084961,0.0,0.0,26,21,64.69253540039062
70,30,1022327,1347256,20,15,30.030956268310547,34.11797332763672,64.69253540039062,0.0,0.0,26,21,65.72842407226562
70,30,1022000,1347270,20,15,29.749855041503906,34.11797332763672,65.72842407226562,0.0,0.0,26,21,66.56915283203125
70,30,1022144,1347478,20,15,29.836013793945312,34.11797332763672,66.56915283203125,0.0,0.0,26,21,62.91801071166992
70,30,1022287,1347906,20,15,29.598844528198242,32.21074295043945,62.91801071166992,0.0,0.0,26,22,59.95769119262695
70,30,1022417,1347736,20,15,29.76871681213379,32.661380767822266,59.95769119262695,0.0,0.0,26,22,60.97853469848633
70,30,1022090,1347757,20,15,29.773956298828125,32.661380767822266,60.97853469848633,0.0,0.0,26,22,60.97981262207031
70,30,1022234,1347621,20,15,29.66936683654785,33.143619537353516,60.97981262207031,0.0,0.0,26,22,61.897003173828125
70,30,1021943,1347415,20,15,29.61769676208496,33.617408752441406,61.897003173828125,0.0,0.0,26,22,62.72106170654297
70,30,1022037,1347161,20,15,29.563371658325195,33.919822692871094,62.72106170654297,0.0,0.0,26,22,64.13324737548828
70,30,1021747,1347015,20,15,30.45302391052246,33.919822692871094,64.13324737548828,0.0,0.0,26,21,65.27799987792969
70,30,1021854,1347043,20,15,30.838062286376953,33.919822692871094,65.27799987792969,0.0,0.0,26,20,66.20527648925781
70,30,1021997,1347409,20,15,30.603836059570312,33.919822692871094,66.20527648925781,0.0,0.0,26,20,66.20584869384766
70,30,1022140,1347406,20,15,30.47090721130371,34.56239318847656,66.20584869384766,0.0,0.0,26,20,66.20641326904297
70,30,1022270,1347402,20,15,30.353572845458984,34.867191314697266,66.20641326904297,0.0,0.0,26,21,66.20697784423828
70,30,1021980,1347024,20,15,30.740896224975586,34.867191314697266,66.20697784423828,0.0,0.0,26,20,66.6015625
70,30,1021690,1347087,20,15,30.438766479492188,34.867191314697266,66.6015625,0.0,0.0,26,20,67.27591705322266
70,30,1021797,1347244,20,15,30.290328979492188,34.889347076416016,67.27591705322266,0.0,0.0,26,21,67.82134246826172
70,30,1021940,1347668,20,15,30.020322799682617,32.48625564575195,67.82134246826172,0.0,0.0,26,21,65.23281860351562
70,30,1022516,1347664,20,15,29.757286071777344,32.97228240966797,65.23281860351562,0.0,0.0,26,21,65.23281860351562
70,30,1022226,1347283,20,15,29.757286071777344,32.97228240966797,65.23281860351562,0.0,0.0,26,21,65.7242660522461
70,30,1021901,1347000,20,15,29.792879104614258,33.41926956176758,65.7242660522461,0.0,0.0,26,21,65.7242660522461
70,30,1021612,1346619,20,15,29.792879104614258,33.41926956176758,65.7242660522461,0.0,0.0,26,21,66.16835021972656
70,30,1021323,1347371,20,15,29.294921875,31.507539749145508,66.16835021972656,0.0,0.0,26,22,62.49510192871094
70,30,1022329,1348351,20,15,28.689056396484375,31.507539749145508,62.49510192871094,0.0,0.0,26,22,60.93050003051758
70,30,1022890,1349074,20,15,28.300275802612305,32.59959030151367,60.93050003051758,0.0,0.0,26,22,61.8519401550293
70,30,1022565,1348678,20,15,28.680984497070312,32.646400451660156,61.8519401550293,0.0,0.0,26,22,62.68134307861328
70,30,1022694,1348328,20,15,29.023418426513672,33.054649353027344,62.68134307861328,0.0,0.0,26,22,64.09768676757812
70,30,1022405,1348325,20,15,29.40936851501465,33.054649353027344,64.09768676757812,0.0,0.0,26,22,65.2449951171875
70,30,1022511,1348493,20,15,29.622907638549805,33.054649353027344,65.2449951171875,0.0,0.0,26,21,66.1743392944336
70,30,1022654,1348998,20,15,29.509477615356445,33.04201126098633,66.1743392944336,0.0,0.0,26,21,66.1746826171875
70,30,1022796,1348994,20,15,29.407896041870117,33.45425033569336,66.1746826171875,0.0,0.0,26,21,66.175048828125
70,30,1022889,1348942,20,15,29.326852798461914,33.804039001464844,66.175048828125,0.0,0.0,26,21,66.1754150390625
70,30,1022600,1348566,20,15,29.744205474853516,34.114234924316406,66.1754150390625,0.0,0.0,26,20,66.92996978759766
70,30,1022312,1348627,20,15,29.530160903930664,34.114234924316406,66.92996978759766,0.0,0.0,26,21,67.54177856445312
70,30,1022490,1348880,20,15,29.563644409179688,31.870054244995117,67.54177856445312,0.0,0.0,26,21,61.289146423339844
70,30,1022596,1349327,20,15,29.594825744628906,31.870054244995117,61.289146423339844,0.0,0.0,25,22,59.60716247558594
70,30,1022725,1349333,20,15,29.538063049316406,32.33949279785156,59.60716247558594,0.0,0.0,26,22,60.66276168823242
70,30,1022867,1349401,20,15,29.58127784729004,32.88713073730469,60.66276168823242,0.0,0.0,26,22,61.610435485839844
70,30,1022543,1349148,20,15,29.539039611816406,32.88713073730469,61.610435485839844,0.0,0.0,26,22,62.46349334716797
70,30,1022685,1348943,20,15,29.507099151611328,33.415794372558594,62.46349334716797,0.0,0.0,26,22,63.2322998046875
70,30,1022361,1348596,20,15,30.066295623779297,33.415794372558594,63.2322998046875,0.0,0.0,26,21,64.54619598388672
70,30,1022074,1348439,20,15,30.478853225708008,33.415794372558594,64.54619598388672,0.0,0.0,26,20,65.10746765136719
70,30,1022216,1349159,20,15,29.88140106201172,33.415794372558594,65.10746765136719,0.0,0.0,26,20,66.06588745117188
70,30,1022358,1349885,20,15,29.742046356201172,33.415794372558594,66.06588745117188,0.0,0.0,26,20,66.47518920898438
70,30,1022915,1350178,20,15,29.5933895111084,34.26930236816406,66.47518920898438,0.0,0.0,26,20,66.47587585449219
70,30,1023057,1349944,20,15,29.623310089111328,34.302024841308594,66.47587585449219,0.0,0.0,26,20,66.8425521850586
70,30,1022734,1349798,20,15,29.41983413696289,34.302024841308594,66.8425521850586,0.0,0.0,26,21,67.17318725585938
70,30,1022875,1349765,20,15,29.472026824951172,34.67921829223633,67.17318725585938,0.0,0.0,26,21,67.73556518554688
70,30,1022552,1349830,20,15,29.52627182006836,34.67921829223633,67.73556518554688,0.0,0.0,26,21,65.63565063476562
70,30,1022730,1349778,20,15,29.358678817749023,32.710140228271484,65.63565063476562,0.0,0.0,26,22,63.745826721191406
70,30,1022871,1349479,20,15,29.904510498046875,32.759605407714844,63.745826721191406,0.0,0.0,26,21,60.51317596435547
70,30,1022584,1349323,20,15,30.4894962310791,32.759605407714844,60.51317596435547,0.0,0.0,26,20,59.13530731201172
70,30,1022726,1349666,20,15,30.030921936035156,32.759605407714844,59.13530731201172,0.0,0.0,26,20,56.780635833740234
70,30,1023259,1350694,20,15,29.36085319519043,32.759605407714844,56.780635833740234,0.0,0.0,26,21,55.77463912963867
70,30,1023400,1350577,20,15,29.213525772094727,32.78608703613281,55.77463912963867,0.0,0.0,26,21,54.86885070800781
70,30,1023541,1350260,20,15,29.381181716918945,33.332210540771484,54.86885070800781,0.0,0.0,26,21,56.39448547363281
70,30,1023255,1349886,20,15,29.8874568939209,33.84946060180664,56.39448547363281,0.0,0.0,26,20,57.770076751708984
70,30,1022932,1349899,20,15,29.908756256103516,33.84946060180664,57.770076751708984,0.0,0.0,26,20,59.0094108581543
70,30,1023074,1350101,20,15,29.962173461914062,31.77112579345703,59.0094108581543,0.0,0.0,26,21,56.33158493041992
70,30,1023214,1350522,20,15,29.77496910095215,31.77112579345703,56.33158493041992,0.0,0.0,26,21,56.333213806152344
70,30,1023355,1350353,20,15,29.7636661529541,32.349273681640625,56.333213806152344,0.0,0.0,26,21,56.33647918701172
70,30,1023461,1350106,20,15,30.053050994873047,33.35256576538086,56.33647918701172,0.0,0.0,26,20,57.71535110473633
70,30,1023174,1349972,20,15,29.839262008666992,33.35256576538086,57.71535110473633,0.0,0.0,26,21,57.30357360839844
70,30,1023279,1349872,20,15,30.193527221679688,31.08694076538086,57.30357360839844,0.0,0.0,26,20,55.81684875488281
70,30,1022994,1349570,20,15,30.734739303588867,31.08694076538086,55.81684875488281,0.0,0.0,26,19,54.478782653808594
70,30,1022708,1349414,20,15,30.821924209594727,31.08694076538086,54.478782653808594,0.0,0.0,26,19,52.1906852722168
70,30,1022849,1349997,20,15,30.532230377197266,31.08694076538086,52.1906852722168,0.0,0.0,26,20,50.34173583984375
70,30,1023380,1351193,20,15,29.912334442138672,31.08694076538086,50.34173583984375,0.0,0.0,26,20,50.34173583984375
70,30,1023947,1350816,20,15,29.912334442138672,32.2298469543457,50.34173583984375,0.0,0.0,26,20,52.31936264038086
70,30,1023625,1350537,20,15,29.78522491455078,32.2298469543457,52.31936264038086,0.0,0.0,26,21,52.32167434692383
70,30,1023340,1350439,20,15,29.74872398376465,30.415681838989258,52.32167434692383,0.0,0.0,26,21,51.734676361083984
70,30,1023480,1350405,20,15,29.8049373626709,30.415681838989258,51.734676361083984,0.0,0.0,26,21,51.20877456665039
70,30,1023159,1350470,20,15,29.869787216186523,30.415681838989258,51.20877456665039,0.0,0.0,26,21,49.92784118652344
70,30,1023712,1350835,20,15,29.66236114501953,28.562843322753906,49.92784118652344,0.0,0.0,26,21,48.89288330078125
70,30,1023852,1351484,20,15,29.574678421020508,28.562843322753906,48.89288330078125,0.0,0.0,26,22,48.450592041015625
70,30,1024418,1351661,20,15,29.289323806762695,29.44985580444336,48.450592041015625,0.0,0.0,26,22,50.616966247558594
70,30,1024132,1351429,20,15,29.301721572875977,29.44985580444336,50.616966247558594,0.0,0.0,26,22,50.62017822265625
70,30,1023847,1351424,20,15,29.18579864501953,29.44985580444336,50.62017822265625,0.0,0.0,26,22,52.572105407714844
70,30,1023562,1351751,20,15,28.89405632019043,27.51317024230957,52.572105407714844,0.0,0.0,26,22,51.481483459472656
70,30,1024127,1352213,20,15,28.693344116210938,27.51317024230957,51.481483459472656,0.0,0.0,26,22,50.49795913696289
70,30,1024750,1352553,20,15,28.499296188354492,28.496047973632812,50.49795913696289,0.0,0.0,26,22,52.46050262451172
70,30,1024465,1352307,20,15,28.563642501831055,29.38662338256836,52.46050262451172,0.0,0.0,26,22,54.227012634277344
70,30,1024569,1352015,20,15,28.651966094970703,29.388994216918945,54.227012634277344,0.0,0.0,26,22,57.24938201904297
70,30,1024284,1351912,20,15,29.500375747680664,29.388994216918945,57.24938201904297,0.0,0.0,26,21,59.69866943359375
70,30,1024388,1351973,20,15,30.056367874145508,29.388994216918945,59.69866943359375,0.0,0.0,26,21,62.52777099609375
70,30,1024528,1352366,20,15,30.30478286743164,29.388994216918945,62.52777099609375,0.0,0.0,26,20,64.59042358398438
70,30,1024703,1353065,20,15,30.038820266723633,29.388994216918945,64.59042358398438,0.0,0.0,26,20,65.14405822753906
70,30,1025231,1352814,20,15,29.896278381347656,30.25279998779297,65.14405822753906,0.0,0.0,26,20,65.1453628540039
70,30,1024946,1352681,20,15,29.86537742614746,31.026248931884766,65.1453628540039,0.0,0.0,26,20,65.14661407470703
70,30,1025050,1352466,20,15,29.891687393188477,31.687700271606445,65.14661407470703,0.0,0.0,26,20,65.64724731445312
70,30,1024766,1352303,20,15,30.107200622558594,31.687700271606445,65.64724731445312,0.0,0.0,26,20,66.09783172607422
70,30,1024905,1352270,20,15,30.06869888305664,32.31663513183594,66.09783172607422,0.0,0.0,26,20,66.8684310913086
70,30,1024621,1352380,20,15,30.046918869018555,32.31663513183594,66.8684310913086,0.0,0.0,26,21,63.12541198730469
70,30,1025148,1352693,20,15,29.82772445678711,30.675416946411133,63.12541198730469,0.0,0.0,26,21,60.09354019165039
70,30,1025273,1353271,20,15,29.434234619140625,30.675416946411133,60.09354019165039,0.0,0.0,26,22,57.63615798950195
70,30,1025835,1353445,20,15,29.40009880065918,31.311677932739258,57.63615798950195,0.0,0.0,26,22,57.63615798950195
70,30,1025551,1353070,20,15,29.40009880065918,31.311677932739258,57.63615798950195,0.0,0.0,26,22,57.63615798950195
70,30,1025232,1352649,20,15,29.40009880065918,31.935176849365234,57.63615798950195,0.0,0.0,26,22,58.886722564697266
70,30,1024948,1352418,20,15,29.458581924438477,31.924922943115234,58.886722564697266,0.0,0.0,26,22,58.88858413696289
70,30,1024629,1352366,20,15,29.32250213623047,31.924922943115234,58.88858413696289,0.0,0.0,26,22,60.01578903198242
70,30,1024381,1352777,20,15,29.005699157714844,30.180110931396484,60.01578903198242,0.0,0.0,26,22,57.5075569152832
70,30,1025365,1353734,20,15,28.45469093322754,30.180110931396484,57.5075569152832,0.0,0.0,26,22,55.475860595703125
70,30,1026299,1354736,20,15,27.940658569335938,31.58650016784668,55.475860595703125,0.0,0.0,26,23,55.47773742675781
70,30,1026015,1354504,20,15,27.990863800048828,31.58650016784668,55.47773742675781,0.0,0.0,26,23,56.9429931640625
70,30,1025732,1354499,20,15,27.854896545410156,31.58650016784668,56.9429931640625,0.0,0.0,26,23,56.76646423339844
70,30,1025835,1355118,20,15,27.61466407775879,30.003190994262695,56.76646423339844,0.0,0.0,26,23,59.172481536865234
70,30,1026382,1355575,20,15,27.566883087158203,30.186756134033203,59.172481536865234,0.0,0.0,26,23,60.13420104980469
70,30,1026555,1355524,20,15,27.505748748779297,30.990009307861328,60.13420104980469,0.0,0.0,26,23,60.26919937133789
70,30,1026236,1355232,20,15,27.621488571166992,30.990009307861328,60.26919937133789,0.0,0.0,26,23,60.390830993652344
70,30,1026375,1354988,20,15,27.712539672851562,31.47114372253418,60.390830993652344,0.0,0.0,26,23,61.366336822509766
70,30,1026056,1354646,20,15,28.384052276611328,31.47114372253418,61.366336822509766,0.0,0.0,26,22,62.33306884765625
70,30,1025773,1354490,20,15,29.129236221313477,31.47114372253418,62.33306884765625,0.0,0.0,26,21,63.817535400390625
70,30,1025911,1355366,20,15,28.621971130371094,31.47796630859375,63.817535400390625,0.0,0.0,26,22,65.07246398925781
70,30,1026891,1356518,20,15,28.196571350097656,31.902545928955078,65.07246398925781,0.0,0.0,26,22,65.11975860595703
70,30,1027016,1356512,20,15,28.0494384765625,32.28278350830078,65.11975860595703,0.0,0.0,26,22,65.16239166259766
70,30,1027153,1356345,20,15,28.02118492126465,33.07572555541992,65.16239166259766,0.0,0.0,26,22,65.20083618164062
70,30,1026835,1355929,20,15,28.43320655822754,33.07572555541992,65.20083618164062,0.0,0.0,26,22,65.696044921875
70,30,1026553,1355987,20,15,28.439144134521484,33.54717254638672,65.696044921875,0.0,0.0,26,22,66.51505279541016
70,30,1026690,1356183,20,15,28.746654510498047,33.54717254638672,66.51505279541016,0.0,0.0,26,22,67.20679473876953
70,30,1026828,1356593,20,15,28.824155807495117,31.61492919921875,67.20679473876953,0.0,0.0,26,22,65.19657135009766
70,30,1027372,1356587,20,15,28.695194244384766,32.171573638916016,65.19657135009766,0.0,0.0,26,22,65.19657135009766
70,30,1027054,1356167,20,15,28.695194244384766,32.171573638916016,65.19657135009766,0.0,0.0,26,22,65.19657135009766
70,30,1026772,1355794,20,15,28.695194244384766,32.816104888916016,65.19657135009766,0.0,0.0,26,22,65.66948699951172
70,30,1026490,1355564,20,15,28.80389976501465,32.816104888916016,65.66948699951172,0.0,0.0,26,22,66.13935852050781
70,30,1026173,1356245,20,15,28.322542190551758,30.378864288330078,66.13935852050781,0.0,0.0,26,22,61.23416519165039
70,30,1027184,1357241,20,15,27.883697509765625,30.378864288330078,61.23416519165039,0.0,0.0,26,23,59.15773391723633
70,30,1027728,1357942,20,15,27.539840698242188,31.071813583374023,59.15773391723633,0.0,0.0,26,23,60.24479293823242
70,30,1027410,1357553,20,15,27.994041442871094,31.7640380859375,60.24479293823242,0.0,0.0,26,23,61.2232666015625
70,30,1027547,1357212,20,15,28.382017135620117,31.860923767089844,61.2232666015625,0.0,0.0,26,23,62.117332458496094
70,30,1027265,1356917,20,15,29.108976364135742,31.860923767089844,62.117332458496094,0.0,0.0,26,22,63.635406494140625
70,30,1026949,1356716,20,15,29.757904052734375,31.860923767089844,63.635406494140625,0.0,0.0,26,20,64.87586212158203
70,30,1026667,1357584,20,15,29.235374450683594,31.860923767089844,64.87586212158203,0.0,0.0,26,21,65.88001251220703
70,30,1027606,1358550,20,15,28.603355407714844,31.922256469726562,65.88001251220703,0.0,0.0,26,21,66.31425476074219
70,30,1028148,1359020,20,15,28.40538215637207,31.935871124267578,66.31425476074219,0.0,0.0,26,22,66.31425476074219
70,30,1027866,1358648,20,15,28.40538215637207,32.5464973449707,66.31425476074219,0.0,0.0,26,22,66.69298553466797
70,30,1027585,1358417,20,15,28.423641204833984,32.5464973449707,66.69298553466797,0.0,0.0,26,22,67.0396957397461
70,30,1027268,1358691,20,15,28.202281951904297,30.578025817871094,67.0396957397461,0.0,0.0,26,22,64.83332824707031
70,30,1027858,1359189,20,15,28.045305252075195,30.578025817871094,64.83332824707031,0.0,0.0,26,22,62.847259521484375
70,30,1028364,1359749,20,15,27.834125518798828,31.204931259155273,62.847259521484375,0.0,0.0,26,22,63.573551177978516
70,30,1028083,1359505,20,15,27.93598747253418,31.75875473022461,63.573551177978516,0.0,0.0,26,22,64.227294921875
70,30,1028184,1359215,20,15,28.0130558013916,31.787031173706055,64.227294921875,0.0,0.0,26,22,64.8194580078125
70,30,1027903,1358921,20,15,28.899763107299805,31.787031173706055,64.8194580078125,0.0,0.0,26,21,65.82907104492188
70,30,1027587,1358720,20,15,29.595027923583984,31.787031173706055,65.82907104492188,0.0,0.0,26,20,66.2638168334961
70,30,1027724,1359416,20,15,29.148000717163086,31.787031173706055,66.2638168334961,0.0,0.0,26,21,67.00206756591797
70,30,1027860,1360283,20,15,28.681886672973633,31.787031173706055,67.00206756591797,0.0,0.0,26,21,67.31481170654297
70,30,1028414,1360249,20,15,28.476449966430664,32.30131912231445,67.31481170654297,0.0,0.0,26,21,67.31680297851562
70,30,1028133,1359937,20,15,28.709077835083008,32.778621673583984,67.31680297851562,0.0,0.0,26,21,67.3181381225586
70,30,1028269,1359625,20,15,28.890735626220703,33.204627990722656,67.3181381225586,0.0,0.0,26,21,67.60224914550781
70,30,1027988,1359623,20,15,28.956787109375,33.204627990722656,67.60224914550781,0.0,0.0,26,21,67.85649871826172
70,30,1028089,1359570,20,15,28.752262115478516,33.57569122314453,67.85649871826172,0.0,0.0,26,21,68.0856704711914
70,30,1027809,1359229,20,15,29.668331146240234,33.57569122314453,68.0856704711914,0.0,0.0,26,20,68.47730255126953
70,30,1027910,1358986,20,15,30.36516571044922,33.579898834228516,68.47730255126953,0.0,0.0,26,20,68.79586791992188
70,30,1027630,1358997,20,15,31.027828216552734,33.579898834228516,68.79586791992188,0.0,0.0,26,19,69.05390930175781
70,30,1027766,1359519,20,15,30.695507049560547,33.930355072021484,69.05390930175781,0.0,0.0,26,20,69.1625747680664
70,30,1028305,1359850,20,15,30.225967407226562,33.994590759277344,69.1625747680664,0.0,0.0,26,20,69.1640625
70,30,1028441,1359506,20,15,30.45465850830078,34.339012145996094,69.1640625,0.0,0.0,26,20,69.1640625
70,30,1028126,1359089,20,15,30.45465850830078,34.684024810791016,69.1640625,0.0,0.0,26,20,69.26277160644531
70,30,1027846,1358860,20,15,30.392227172851562,34.684024810791016,69.26277160644531,0.0,0.0,26,20,69.35224151611328
70,30,1027566,1359178,20,15,29.96226692199707,32.70853805541992,69.35224151611328,0.0,0.0,26,21,67.15032958984375
70,30,1028117,1359627,20,15,29.594253540039062,32.70853805541992,67.15032958984375,0.0,0.0,26,21,65.16901397705078
70,30,1028620,1360183,20,15,29.135154724121094,33.19377899169922,65.16901397705078,0.0,0.0,26,21,65.6671371459961
70,30,1028341,1359941,20,15,29.182071685791016,33.736209869384766,65.6671371459961,0.0,0.0,26,21,66.1155014038086
70,30,1028463,1359698,20,15,29.232467651367188,34.07905960083008,66.1155014038086,0.0,0.0,26,21,66.51980590820312
70,30,1028149,1359360,20,15,29.788410186767578,34.07905960083008,66.51980590820312,0.0,0.0,26,21,67.21044158935547
70,30,1027869,1359206,20,15,30.434507369995117,34.07905960083008,67.21044158935547,0.0,0.0,26,20,67.7706069946289
70,30,1028005,1360067,20,15,29.727554321289062,34.07905960083008,67.7706069946289,0.0,0.0,26,20,68.224853515625
70,30,1028555,1361095,20,15,29.038854598999023,34.12306213378906,68.224853515625,0.0,0.0,26,21,68.22554016113281
70,30,1028655,1360739,20,15,29.227352142333984,34.392173767089844,68.22554016113281,0.0,0.0,26,21,68.22618865966797
70,30,1028376,1360428,20,15,29.371801376342773,34.72714614868164,68.22618865966797,0.0,0.0,26,21,68.22679901123047
70,30,1028512,1360063,20,15,29.734973907470703,34.991355895996094,68.22679901123047,0.0,0.0,26,20,68.41964721679688
70,30,1028233,1360056,20,15,29.504436492919922,33.0727424621582,68.41964721679688,0.0,0.0,26,20,64.38082885742188
70,30,1028333,1360008,20,15,29.80872917175293,33.040184020996094,64.38082885742188,0.0,0.0,26,20,62.65873336791992
70,30,1028054,1359712,20,15,30.491025924682617,33.040184020996094,62.65873336791992,0.0,0.0,26,19,61.10883331298828
70,30,1028224,1359604,20,15,30.5490665435791,33.040184020996094,61.10883331298828,0.0,0.0,26,19,59.71480941772461
70,30,1027946,1360178,20,15,29.957876205444336,33.040184020996094,59.71480941772461,0.0,0.0,26,19,57.3286247253418
70,30,1028908,1360842,20,15,29.324628829956055,33.540428161621094,57.3286247253418,0.0,0.0,26,20,58.612247467041016
70,30,1029008,1360567,20,15,30.01738739013672,33.540428161621094,58.612247467041016,0.0,0.0,26,19,59.769134521484375
70,30,1028730,1360690,20,15,30.102014541625977,33.540428161621094,59.769134521484375,0.0,0.0,26,20,57.51088333129883
70,30,1028864,1361025,20,15,30.270336151123047,31.899019241333008,57.51088333129883,0.0,0.0,26,20,56.37202835083008
70,30,1029377,1360920,20,15,30.164093017578125,32.6692008972168,56.37202835083008,0.0,0.0,26,20,55.346717834472656
70,30,1029099,1360556,20,15,30.47756004333496,33.176124572753906,55.346717834472656,0.0,0.0,26,20,56.827110290527344
70,30,1028786,1360566,20,15,30.277584075927734,33.176124572753906,56.827110290527344,0.0,0.0,26,20,58.84005355834961
70,30,1028921,1360757,20,15,30.1439151763916,31.754615783691406,58.84005355834961,0.0,0.0,26,21,58.14077377319336
70,30,1029042,1361158,20,15,29.923770904541016,31.754615783691406,58.14077377319336,0.0,0.0,26,21,59.78883743286133
70,30,1029177,1361123,20,15,30.059650421142578,32.07552719116211,59.78883743286133,0.0,0.0,26,21,60.19138717651367
70,30,1029277,1360912,20,15,29.875720977783203,32.564064025878906,60.19138717651367,0.0,0.0,26,21,59.37262725830078
70,30,1028964,1360638,20,15,29.821285247802734,32.564064025878906,59.37262725830078,0.0,0.0,26,21,59.73564147949219
70,30,1028686,1360540,20,15,29.682071685791016,32.77396774291992,59.73564147949219,0.0,0.0,26,21,60.77757263183594
70,30,1028855,1360552,20,15,29.636232376098633,32.77396774291992,60.77757263183594,0.0,0.0,26,21,61.98008728027344
70,30,1028543,1360610,20,15,29.70295524597168,32.77396774291992,61.98008728027344,0.0,0.0,26,22,60.266204833984375
70,30,1029076,1360961,20,15,29.534015655517578,31.159133911132812,60.266204833984375,0.0,0.0,26,22,58.891746520996094
70,30,1029211,1361586,20,15,29.299705505371094,31.159133911132812,58.891746520996094,0.0,0.0,26,22,58.29995346069336
70,30,1029756,1361755,20,15,29.04183578491211,31.787588119506836,58.29995346069336,0.0,0.0,26,22,58.44129180908203
70,30,1029479,1361528,20,15,29.10810661315918,31.787588119506836,58.44129180908203,0.0,0.0,26,22,59.613685607910156
70,30,1029167,1361795,20,15,28.819372177124023,31.787588119506836,59.613685607910156,0.0,0.0,26,22,58.662105560302734
70,30,1029712,1362240,20,15,28.602293014526367,29.604520797729492,58.662105560302734,0.0,0.0,26,22,59.4239616394043
70,30,1029833,1362232,20,15,28.492162704467773,30.007104873657227,59.4239616394043,0.0,0.0,26,22,60.10979080200195
70,30,1029932,1362021,20,15,28.451492309570312,30.822677612304688,60.10979080200195,0.0,0.0,26,22,60.72718811035156
70,30,1029655,1361659,20,15,28.869056701660156,30.822677612304688,60.72718811035156,0.0,0.0,26,22,61.67030715942383
70,30,1029378,1361714,20,15,28.82603645324707,31.263723373413086,61.67030715942383,0.0,0.0,26,22,62.83598709106445
70,30,1029478,1361859,20,15,29.011333465576172,31.602388381958008,62.83598709106445,0.0,0.0,26,22,64.23043060302734
70,30,1029611,1362257,20,15,29.035566329956055,31.602388381958008,64.23043060302734,0.0,0.0,26,22,64.45967102050781
70,30,1029732,1362250,20,15,28.88271713256836,32.2337760925293,64.45967102050781,0.0,0.0,26,22,64.66705322265625
70,30,1029866,1362217,20,15,28.786108016967773,32.45309829711914,64.66705322265625,0.0,0.0,26,22,65.21868133544922
70,30,1029589,1361907,20,15,29.570297241210938,33.0074348449707,65.21868133544922,0.0,0.0,26,21,65.71482849121094
70,30,1029688,1361625,20,15,30.111448287963867,33.198970794677734,65.71482849121094,0.0,0.0,26,20,66.16085052490234
70,30,1029412,1361405,20,15,30.366226196289062,33.198970794677734,66.16085052490234,0.0,0.0,26,21,64.29268646240234
70,30,1029101,1361274,20,15,30.48396873474121,30.996906280517578,64.29268646240234,0.0,0.0,26,21,60.6434326171875
70,30,1029269,1362030,20,15,29.797178268432617,30.996906280517578,60.6434326171875,0.0,0.0,26,21,57.687503814697266
70,30,1030187,1362569,20,15,29.34186363220215,31.171552658081055,57.687503814697266,0.0,0.0,26,22,57.8292350769043
70,30,1029911,1362261,20,15,29.422344207763672,31.171552658081055,57.8292350769043,0.0,0.0,26,22,57.95694351196289
70,30,1029635,1361954,20,15,29.502344131469727,31.171552658081055,57.95694351196289,0.0,0.0,26,21,56.6702995300293
70,30,1029734,1361620,20,15,30.023298263549805,31.705211639404297,56.6702995300293,0.0,0.0,26,21,55.5123176574707
70,30,1029458,1361409,20,15,30.27069091796875,31.705211639404297,55.5123176574707,0.0,0.0,26,20,54.45416259765625
70,30,1029182,1361460,20,15,30.129793167114258,29.81260871887207,54.45416259765625,0.0,0.0,26,20,52.64651870727539
70,30,1028906,1362306,20,15,29.4597225189209,29.81260871887207,52.64651870727539,0.0,0.0,26,21,51.93907928466797
70,30,1030253,1362937,20,15,28.917346954345703,30.87584114074707,51.93907928466797,0.0,0.0,26,21,53.7061767578125
70,30,1030386,1362711,20,15,28.99143409729004,31.340587615966797,53.7061767578125,0.0,0.0,26,21,53.7061767578125
70,30,1030110,1362346,20,15,28.99143409729004,31.340587615966797,53.7061767578125,0.0,0.0,26,21,53.81344223022461
70,30,1029800,1362470,20,15,28.74812889099121,31.97058868408203,53.81344223022461,0.0,0.0,26,22,55.44903564453125
70,30,1029933,1362435,20,15,29.007160186767578,31.97058868408203,55.44903564453125,0.0,0.0,26,22,56.95795440673828
70,30,1029658,1362472,20,15,29.113298416137695,30.147476196289062,56.95795440673828,0.0,0.0,26,22,56.99130630493164
70,30,1030186,1362141,20,15,29.3407039642334,31.24894905090332,56.99130630493164,0.0,0.0,26,22,60.5079460144043
70,30,1029877,1361915,20,15,30.23940086364746,31.24894905090332,60.5079460144043,0.0,0.0,26,22,62.341251373291016
70,30,1029601,1361898,20,15,30.595783233642578,31.24894905090332,62.341251373291016,0.0,0.0,26,21,64.44175720214844
70,30,1029734,1362519,20,15,30.32367515563965,31.24894905090332,64.44175720214844,0.0,0.0,26,22,65.02912139892578
70,30,1030717,1363219,20,15,29.716350555419922,32.10667037963867,65.02912139892578,0.0,0.0,26,22,65.04342651367188
70,30,1030815,1362868,20,15,29.85101890563965,32.49394226074219,65.04342651367188,0.0,0.0,26,22,65.05635833740234
70,30,1030540,1362508,20,15,30.24785614013672,32.49394226074219,65.05635833740234,0.0,0.0,26,21,65.56797790527344
70,30,1030265,1362563,20,15,30.086145401000977,32.902278900146484,65.56797790527344,0.0,0.0,26,21,66.433349609375
70,30,1030363,1362706,20,15,30.051700592041016,32.902278900146484,66.433349609375,0.0,0.0,26,22,67.14383697509766
70,30,1030461,1363055,20,15,29.77735137939453,32.902278900146484,67.14383697509766,0.0,0.0,26,22,67.43904876708984
70,30,1030594,1363048,20,15,29.575416564941406,33.02421951293945,67.43904876708984,0.0,0.0,26,22,67.70478057861328
70,30,1030726,1363015,20,15,29.363248825073242,33.44609069824219,67.70478057861328,0.0,0.0,26,22,68.15889739990234
70,30,1030417,1362744,20,15,30.005985260009766,33.62730407714844,68.15889739990234,0.0,0.0,26,21,68.54176330566406
70,30,1030143,1362867,20,15,30.100261688232422,33.62730407714844,68.54176330566406,0.0,0.0,26,21,68.85708618164062
70,30,1030275,1363194,20,15,29.971107482910156,33.62730407714844,68.85708618164062,0.0,0.0,26,22,69.30286407470703
70,30,1030814,1363662,20,15,30.197566986083984,33.732967376708984,69.30286407470703,0.0,0.0,26,22,69.46749114990234
70,30,1030539,1363694,20,15,30.329675674438477,33.732967376708984,69.46749114990234,0.0,0.0,26,22,69.53501892089844
70,30,1030671,1363456,20,15,30.28560447692871,33.849491119384766,69.53501892089844,0.0,0.0,26,22,69.53834533691406
70,30,1030363,1363314,20,15,30.162017822265625,33.849491119384766,69.53834533691406,0.0,0.0,26,22,69.54134368896484
70,30,1030482,1363217,20,15,30.03763198852539,34.404964447021484,69.54134368896484,0.0,0.0,26,22,69.60527801513672
70,30,1030174,1362885,20,15,30.537302017211914,34.404964447021484,69.60527801513672,0.0,0.0,26,21,69.66502380371094
70,30,1029900,1362733,20,15,30.74616813659668,34.404964447021484,69.66502380371094,0.0,0.0,26,21,69.7612533569336
70,30,1030067,1363455,20,15,30.044633865356445,34.404964447021484,69.7612533569336,0.0,0.0,26,21,69.85113525390625
70,30,1030604,1364111,20,15,29.4542236328125,34.404964447021484,69.85113525390625,0.0,0.0,26,21,69.85113525390625
70,30,1030736,1363749,20,15,29.4542236328125,34.7082633972168,69.85113525390625,0.0,0.0,26,21,69.85437774658203
70,30,1030428,1363457,20,15,29.67070960998535,34.7082633972168,69.85437774658203,0.0,0.0,26,21,69.8556137084961
70,30,1030560,1363099,20,15,29.981103897094727,32.963008880615234,69.8556137084961,0.0,0.0,26,21,65.54987335205078
70,30,1030252,1362916,20,15,30.517236709594727,32.963008880615234,65.54987335205078,0.0,0.0,26,20,63.71477127075195
70,30,1029979,1362966,20,15,30.330944061279297,32.963008880615234,63.71477127075195,0.0,0.0,26,20,60.57853317260742
70,30,1029672,1364034,20,15,29.364765167236328,32.963008880615234,60.57853317260742,0.0,0.0,26,21,59.24081802368164
70,30,1031053,1364245,20,15,29.11808204650879,33.31639862060547,59.24081802368164,0.0,0.0,26,21,59.24081802368164
70,30,1031150,1363838,20,15,29.11808204650879,34.11946105957031,59.24081802368164,0.0,0.0,26,21,60.33382034301758
70,30,1030877,1363614,20,15,29.267311096191406,34.11946105957031,60.33382034301758,0.0,0.0,26,21,61.319664001464844
70,30,1030604,1363922,20,15,28.95269012451172,32.07218551635742,61.319664001464844,0.0,0.0,26,22,59.874481201171875
70,30,1031106,1364313,20,15,28.619983673095703,32.07218551635742,59.874481201171875,0.0,0.0,26,22,59.87639236450195
70,30,1031629,1364305,20,15,28.464797973632812,33.037384033203125,59.87639236450195,0.0,0.0,26,22,59.87822341918945
70,30,1031355,1363949,20,15,28.81570053100586,33.417320251464844,59.87822341918945,0.0,0.0,26,21,61.83494567871094
70,30,1031049,1363956,20,15,28.820816040039062,33.417320251464844,61.83494567871094,0.0,0.0,26,22,63.422943115234375
70,30,1031180,1364145,20,15,29.001604080200195,31.539485931396484,63.422943115234375,0.0,0.0,26,22,59.18851089477539
70,30,1031311,1364605,20,15,29.25970458984375,31.539485931396484,59.18851089477539,0.0,0.0,26,22,58.049774169921875
70,30,1031429,1364607,20,15,29.262495040893555,32.09821701049805,58.049774169921875,0.0,0.0,26,22,59.265689849853516
70,30,1031560,1364666,20,15,29.283777236938477,32.5683708190918,59.265689849853516,0.0,0.0,26,22,60.357295989990234
70,30,1031254,1364425,20,15,29.27008628845215,32.5683708190918,60.357295989990234,0.0,0.0,26,22,61.339481353759766
70,30,1031385,1364228,20,15,29.26097869873047,33.003299713134766,61.339481353759766,0.0,0.0,26,22,63.01898193359375
70,30,1031112,1364088,20,15,30.093503952026367,33.003299713134766,63.01898193359375,0.0,0.0,26,21,64.37944793701172
70,30,1030840,1364083,20,15,30.46038055419922,33.003299713134766,64.37944793701172,0.0,0.0,26,20,64.95906066894531
70,30,1030971,1364283,20,15,30.327531814575195,33.003299713134766,64.95906066894531,0.0,0.0,26,20,65.4808120727539
70,30,1031505,1364483,20,15,30.285680770874023,33.400142669677734,65.4808120727539,0.0,0.0,26,21,64.12296295166016
70,30,1031623,1364805,20,15,30.379962921142578,31.535051345825195,64.12296295166016,0.0,0.0,26,21,64.12320709228516
70,30,1031719,1364457,20,15,30.53622055053711,32.13235092163086,64.12320709228516,0.0,0.0,26,21,64.72848510742188
70,30,1031447,1364450,20,15,30.19631004333496,32.69723892211914,64.72848510742188,0.0,0.0,26,21,65.76375579833984
70,30,1031544,1364401,20,15,30.348508834838867,32.76509475708008,65.76375579833984,0.0,0.0,26,20,65.76470184326172
70,30,1031306,1364112,20,15,30.57609748840332,32.76509475708008,65.76470184326172,0.0,0.0,26,20,66.96174621582031
70,30,1031403,1363876,20,15,31.405858993530273,32.76509475708008,66.96174621582031,0.0,0.0,26,19,67.28494262695312
70,30,1031131,1363884,20,15,31.32002830505371,32.76509475708008,67.28494262695312,0.0,0.0,26,19,67.83637237548828
70,30,1031262,1364388,20,15,30.879472732543945,33.35078048706055,67.83637237548828,0.0,0.0,26,20,68.0717544555664
70,30,1031781,1364706,20,15,30.382137298583984,33.393524169921875,68.0717544555664,0.0,0.0,26,20,68.0718002319336
70,30,1031878,1364327,20,15,30.641830444335938,33.71846008300781,68.0718002319336,0.0,0.0,26,20,68.0718002319336
70,30,1031606,1363968,20,15,30.641830444335938,34.14316177368164,68.0718002319336,0.0,0.0,26,20,68.28238677978516
70,30,1031335,1363746,20,15,30.552845001220703,34.14316177368164,68.28238677978516,0.0,0.0,26,20,68.47196197509766
70,30,1031030,1364006,20,15,30.13688850402832,32.223487854003906,68.47196197509766,0.0,0.0,26,21,66.30197143554688
70,30,1031596,1364484,20,15,29.763673782348633,32.223487854003906,66.30197143554688,0.0,0.0,26,21,64.34934997558594
70,30,1032115,1365065,20,15,29.28352165222168,32.72074890136719,64.34934997558594,0.0,0.0,26,21,64.93154907226562
70,30,1031810,1364785,20,15,29.34265899658203,33.211483001708984,64.93154907226562,0.0,0.0,26,21,65.45560455322266
70,30,1031940,1364549,20,15,29.36004638671875,33.23969268798828,65.45560455322266,0.0,0.0,26,21,65.92794799804688
70,30,1031669,1364265,20,15,29.970361709594727,33.23969268798828,65.92794799804688,0.0,0.0,26,21,66.73511505126953
70,30,1031398,1364115,20,15,30.68889617919922,33.23969268798828,66.73511505126953,0.0,0.0,26,20,67.38947296142578
70,30,1031528,1364946,20,15,29.937227249145508,33.23969268798828,67.38947296142578,0.0,0.0,26,20,67.91950988769531
70,30,1032059,1365939,20,15,29.172210693359375,33.23969268798828,67.91950988769531,0.0,0.0,26,21,67.92019653320312
70,30,1032576,1366033,20,15,29.15083122253418,33.97893142700195,67.92019653320312,0.0,0.0,26,21,67.92052459716797
70,30,1032672,1365826,20,15,29.175918579101562,34.574188232421875,67.92052459716797,0.0,0.0,26,21,67.92083740234375
70,30,1032401,1365472,20,15,29.607812881469727,34.574188232421875,67.92083740234375,0.0,0.0,26,20,68.14673614501953
70,30,1032131,1365525,20,15,29.54075813293457,34.81320571899414,68.14673614501953,0.0,0.0,26,21,68.53238677978516
70,30,1032260,1365709,20,15,29.506092071533203,34.81320571899414,68.53238677978516,0.0,0.0,26,21,68.84503173828125
70,30,1032356,1366052,20,15,29.377103805541992,34.81320571899414,68.84503173828125,0.0,0.0,26,21,66.2070541381836
70,30,1032873,1366044,20,15,29.168441772460938,32.96879959106445,66.2070541381836,0.0,0.0,26,21,66.2070541381836
70,30,1032603,1365686,20,15,29.168441772460938,32.96879959106445,66.2070541381836,0.0,0.0,26,21,66.2070541381836
70,30,1032332,1365329,20,15,29.168441772460938,33.38224792480469,66.2070541381836,0.0,0.0,26,21,66.60472106933594
70,30,1032029,1365062,20,15,29.24329948425293,33.38224792480469,66.60472106933594,0.0,0.0,26,21,66.96331787109375
70,30,1031759,1365753,20,15,28.760427474975586,33.38224792480469,66.96331787109375,0.0,0.0,26,22,65.05903625488281
70,30,1032287,1366393,20,15,28.388992309570312,31.5833797454834,65.05903625488281,0.0,0.0,26,22,61.8021125793457
70,30,1032804,1367319,20,15,27.9333553314209,31.5833797454834,61.8021125793457,0.0,0.0,26,22,61.80303192138672
70,30,1033298,1366921,20,15,28.306793212890625,32.59583282470703,61.80303192138672,0.0,0.0,26,22,62.64073181152344
70,30,1033028,1366694,20,15,28.409893035888672,32.59583282470703,62.64073181152344,0.0,0.0,26,22,62.64155578613281
70,30,1032758,1366598,20,15,28.319074630737305,33.01155471801758,62.64155578613281,0.0,0.0,26,22,63.3961181640625
70,30,1032887,1366563,20,15,28.53977394104004,32.994510650634766,63.3961181640625,0.0,0.0,26,22,64.07561492919922
70,30,1032584,1366618,20,15,28.745214462280273,32.994510650634766,64.07561492919922,0.0,0.0,26,22,64.68702697753906
70,30,1033099,1366555,20,15,29.166616439819336,31.8373966217041,64.68702697753906,0.0,0.0,26,22,65.73216247558594
70,30,1032829,1366693,20,15,29.6201114654541,31.8373966217041,65.73216247558594,0.0,0.0,26,22,66.57843780517578
70,30,1033357,1366975,20,15,29.44373321533203,31.880462646484375,66.57843780517578,0.0,0.0,26,22,66.57843780517578
70,30,1033452,1366574,20,15,29.44373321533203,31.84781837463379,66.57843780517578,0.0,0.0,26,22,66.57843780517578
70,30,1033182,1366217,20,15,29.44373321533203,31.84781837463379,66.57843780517578,0.0,0.0,26,22,66.57843780517578
70,30,1032879,1365817,20,15,29.44373321533203,32.38774108886719,66.57843780517578,0.0,0.0,26,22,66.93805694580078
70,30,1032610,1365595,20,15,29.442190170288086,32.38774108886719,66.93805694580078,0.0,0.0,26,22,67.26435089111328
70,30,1032341,1366283,20,15,28.894750595092773,30.754535675048828,67.26435089111328,0.0,0.0,26,22,63.47700119018555
70,30,1033266,1367181,20,15,28.36539649963379,30.754535675048828,63.47700119018555,0.0,0.0,26,22,61.8634147644043
70,30,1033779,1367843,20,15,28.048404693603516,31.494497299194336,61.8634147644043,0.0,0.0,26,23,62.694637298583984
70,30,1033510,1367516,20,15,28.440959930419922,32.159278869628906,62.694637298583984,0.0,0.0,26,23,63.44282531738281
70,30,1033605,1367145,20,15,28.91413116455078,32.18457794189453,63.44282531738281,0.0,0.0,26,23,64.11679077148438
70,30,1033336,1366863,20,15,29.439132690429688,32.18457794189453,64.11679077148438,0.0,0.0,26,22,65.26885986328125
70,30,1033034,1366669,20,15,30.06979751586914,32.18457794189453,65.26885986328125,0.0,0.0,26,20,66.20248413085938
70,30,1032765,1367490,20,15,29.4782772064209,32.18457794189453,66.20248413085938,0.0,0.0,26,21,66.95901489257812
70,30,1033687,1368578,20,15,28.921306610107422,32.18457794189453,66.95901489257812,0.0,0.0,26,21,67.28138732910156
70,30,1034200,1368891,20,15,28.62274742126465,32.157440185546875,67.28138732910156,0.0,0.0,26,22,67.28138732910156
70,30,1033898,1368491,20,15,28.62274742126465,32.76759719848633,67.28138732910156,0.0,0.0,26,22,67.56993865966797
70,30,1033596,1368226,20,15,28.616331100463867,32.76759719848633,67.56993865966797,0.0,0.0,26,22,67.83007049560547
70,30,1033327,1368526,20,15,28.362642288208008,30.544353485107422,67.83007049560547,0.0,0.0,26,22,65.24269104003906
70,30,1033885,1368997,20,15,28.239727020263672,30.544353485107422,65.24269104003906,0.0,0.0,26,22,62.91459655761719
70,30,1034364,1369525,20,15,27.99079704284668,31.20077896118164,62.91459655761719,0.0,0.0,26,22,63.641361236572266
70,30,1034062,1369247,20,15,28.078432083129883,31.82692527770996,63.641361236572266,0.0,0.0,26,22,64.29552459716797
70,30,1034223,1369058,20,15,28.170753479003906,31.855356216430664,64.29552459716797,0.0,0.0,26,22,65.41454315185547
70,30,1033921,1368912,20,15,28.811416625976562,31.855356216430664,65.41454315185547,0.0,0.0,26,21,66.32120513916016
70,30,1034049,1369009,20,15,29.26698112487793,31.855356216430664,66.32120513916016,0.0,0.0,26,20,67.36858367919922
70,30,1034177,1369372,20,15,29.719017028808594,31.855356216430664,67.36858367919922,0.0,0.0,26,20,68.13194274902344
70,30,1034271,1369931,20,15,29.539270401000977,31.88028907775879,68.13194274902344,0.0,0.0,26,20,68.336181640625
70,30,1034399,1369830,20,15,29.622194290161133,32.409523010253906,68.336181640625,0.0,0.0,26,20,68.5210189819336
70,30,1034527,1369670,20,15,29.506061553955078,32.93364334106445,68.5210189819336,0.0,0.0,26,20,68.6877212524414
70,30,1034225,1369461,20,15,29.691621780395508,32.93364334106445,68.6877212524414,0.0,0.0,26,20,68.8377685546875
70,30,1034353,1369357,20,15,29.720767974853516,33.450862884521484,68.8377685546875,0.0,0.0,26,21,68.9725570678711
70,30,1034052,1369277,20,15,29.733718872070312,33.450862884521484,68.9725570678711,0.0,0.0,26,21,69.0941162109375
70,30,1034179,1369376,20,15,29.858924865722656,33.450862884521484,69.0941162109375,0.0,0.0,26,21,66.83246612548828
70,30,1034307,1369607,20,15,29.571334838867188,31.479679107666016,66.83246612548828,0.0,0.0,26,21,64.79676818847656
70,30,1034422,1369576,20,15,29.61496925354004,32.069847106933594,64.79676818847656,0.0,0.0,26,21,64.79810333251953
70,30,1034516,1369431,20,15,29.761709213256836,32.997806549072266,64.79810333251953,0.0,0.0,26,21,64.79875946044922
70,30,1034248,1369211,20,15,29.815750122070312,32.997806549072266,64.79875946044922,0.0,0.0,26,21,65.33702850341797
70,30,1033981,1369115,20,15,29.641815185546875,33.443782806396484,65.33702850341797,0.0,0.0,26,21,65.82088470458984
70,30,1034075,1369036,20,15,29.662521362304688,33.443782806396484,65.82088470458984,0.0,0.0,26,22,66.64783477783203
70,30,1033808,1369134,20,15,29.67740821838379,33.443782806396484,66.64783477783203,0.0,0.0,26,22,64.14828491210938
70,30,1034329,1369038,20,15,29.50187873840332,31.061254501342773,64.14828491210938,0.0,0.0,26,22,61.89930725097656
70,30,1034062,1368758,20,15,30.062530517578125,31.061254501342773,61.89930725097656,0.0,0.0,26,21,58.0519905090332
70,30,1033762,1368565,20,15,30.494335174560547,31.061254501342773,58.0519905090332,0.0,0.0,26,20,54.936607360839844
70,30,1033923,1369270,20,15,30.330059051513672,31.061254501342773,54.936607360839844,0.0,0.0,26,20,53.610450744628906
70,30,1034804,1369857,20,15,29.74231719970703,31.674623489379883,53.610450744628906,0.0,0.0,26,20,55.26694107055664
70,30,1034538,1369559,20,15,29.798372268676758,32.37008285522461,55.26694107055664,0.0,0.0,26,20,56.7579460144043
70,30,1034631,1369218,20,15,29.911998748779297,32.31674575805664,56.7579460144043,0.0,0.0,26,21,58.10039520263672
70,30,1034365,1369213,20,15,30.213409423828125,32.91413116455078,58.10039520263672,0.0,0.0,26,20,58.10145950317383
70,30,1034098,1369053,20,15,30.218589782714844,32.91413116455078,58.10145950317383,0.0,0.0,26,20,59.310150146484375
70,30,1034192,1368730,20,15,30.558536529541016,33.39067077636719,59.310150146484375,0.0,0.0,26,19,60.39860153198242
70,30,1033925,1368525,20,15,30.832611083984375,33.41522216796875,60.39860153198242,0.0,0.0,26,19,61.378211975097656
70,30,1033659,1368573,20,15,30.59308433532715,33.41522216796875,61.378211975097656,0.0,0.0,26,19,60.54371643066406
70,30,1033786,1369232,20,15,30.20087242126465,31.385238647460938,60.54371643066406,0.0,0.0,26,20,57.609092712402344
70,30,1034373,1369902,20,15,29.868776321411133,31.385238647460938,57.609092712402344,0.0,0.0,26,20,56.35627365112305
70,30,1034859,1369849,20,15,29.63804054260254,31.969011306762695,56.35627365112305,0.0,0.0,26,20,57.736595153808594
70,30,1034559,1369585,20,15,29.621055603027344,32.59819412231445,57.736595153808594,0.0,0.0,26,20,57.736595153808594
70,30,1034393,1369365,20,15,29.621055603027344,32.59819412231445,57.736595153808594,0.0,0.0,26,20,58.98017120361328
70,30,1034127,1369663,20,15,29.266874313354492,30.401357650756836,58.98017120361328,0.0,0.0,26,21,57.27678680419922
70,30,1034613,1370041,20,15,28.97979164123535,30.401357650756836,57.27678680419922,0.0,0.0,26,21,55.74421691894531
70,30,1035120,1370607,20,15,28.597169876098633,31.08740997314453,55.74421691894531,0.0,0.0,26,21,57.18757629394531
70,30,1034854,1370324,20,15,28.781829833984375,31.724992752075195,57.18757629394531,0.0,0.0,26,21,58.48674774169922
70,30,1034588,1370041,20,15,28.960948944091797,31.724992752075195,58.48674774169922,0.0,0.0,26,21,59.65769577026367
70,30,1034681,1369757,20,15,29.306533813476562,31.724992752075195,59.65769577026367,0.0,0.0,26,21,61.65877151489258
70,30,1034416,1369652,20,15,29.652456283569336,31.724992752075195,61.65877151489258,0.0,0.0,26,21,63.28091812133789
70,30,1034542,1370073,20,15,29.602933883666992,31.724992752075195,63.28091812133789,0.0,0.0,26,21,59.323081970214844
70,30,1034668,1370704,20,15,29.325042724609375,29.573183059692383,59.323081970214844,0.0,0.0,26,21,56.1162109375
70,30,1035174,1370797,20,15,29.63736915588379,30.318021774291992,56.1162109375,0.0,0.0,26,22,56.11721420288086
70,30,1035267,1370594,20,15,29.61444854736328,31.68391227722168,56.11721420288086,0.0,0.0,26,22,56.11827087402344
70,30,1035001,1370247,20,15,30.055044174194336,31.68391227722168,56.11827087402344,0.0,0.0,26,21,57.5243034362793
70,30,1034703,1370253,20,15,29.908639907836914,32.2246208190918,57.5243034362793,0.0,0.0,26,21,59.927589416503906
70,30,1034829,1370432,20,15,29.866649627685547,32.2246208190918,59.927589416503906,0.0,0.0,26,22,61.875328063964844
70,30,1034955,1370810,20,15,29.60816192626953,32.2246208190918,61.875328063964844,0.0,0.0,26,22,62.70596694946289
70,30,1035048,1370757,20,15,29.363964080810547,32.69463348388672,62.70596694946289,0.0,0.0,26,22,63.45363235473633
70,30,1035174,1370723,20,15,29.223337173461914,32.68894577026367,63.45363235473633,0.0,0.0,26,22,64.12659454345703
70,30,1034876,1370332,20,15,29.790359497070312,33.078392028808594,64.12659454345703,0.0,0.0,26,21,64.73292541503906
70,30,1034611,1370383,20,15,29.8414363861084,33.078392028808594,64.73292541503906,0.0,0.0,26,21,65.27896881103516
70,30,1034737,1370562,20,15,29.875225067138672,33.078392028808594,65.27896881103516,0.0,0.0,26,21,61.93194580078125
70,30,1034818,1370895,20,15,29.739864349365234,31.283252716064453,61.93194580078125,0.0,0.0,26,21,62.757450103759766
70,30,1034944,1370859,20,15,29.976184844970703,31.92496681213379,62.757450103759766,0.0,0.0,26,21,62.75814437866211
70,30,1035069,1370700,20,15,29.88335418701172,32.51044845581055,62.75814437866211,0.0,0.0,26,21,60.32011413574219
70,30,1034772,1370438,20,15,29.844194412231445,32.51044845581055,60.32011413574219,0.0,0.0,26,21,60.32137680053711
70,30,1034508,1370343,20,15,29.772096633911133,33.00193786621094,60.32137680053711,0.0,0.0,26,21,61.307491302490234
70,30,1034633,1370308,20,15,29.91067886352539,33.00193786621094,61.307491302490234,0.0,0.0,26,22,62.196014404296875
70,30,1034336,1370361,20,15,29.955236434936523,33.00193786621094,62.196014404296875,0.0,0.0,26,22,62.99675750732422
70,30,1034872,1370341,20,15,30.175975799560547,31.86681365966797,62.99675750732422,0.0,0.0,26,22,64.36506652832031
70,30,1034575,1370432,20,15,30.43478775024414,31.86681365966797,64.36506652832031,0.0,0.0,26,22,65.47269439697266
70,30,1035090,1370706,20,15,30.141399383544922,31.831867218017578,65.47269439697266,0.0,0.0,26,22,65.47269439697266
70,30,1035183,1370313,20,15,30.141399383544922,31.837888717651367,65.47269439697266,0.0,0.0,26,22,65.47269439697266
70,30,1034919,1369964,20,15,30.141399383544922,31.837888717651367,65.47269439697266,0.0,0.0,26,22,65.94437408447266
70,30,1034622,1369703,20,15,30.100181579589844,32.454254150390625,65.94437408447266,0.0,0.0,26,22,65.94437408447266
70,30,1034359,1369354,20,15,30.100181579589844,32.454254150390625,65.94437408447266,0.0,0.0,26,22,66.37149047851562
70,30,1034062,1370322,20,15,29.39458656311035,30.509319305419922,66.37149047851562,0.0,0.0,26,22,62.32878875732422
70,30,1034998,1370902,20,15,28.899084091186523,30.509319305419922,62.32878875732422,0.0,0.0,26,22,60.60697937011719
70,30,1035500,1371548,20,15,28.52699851989746,31.876384735107422,60.60697937011719,0.0,0.0,26,22,61.56275939941406
70,30,1035237,1371228,20,15,28.888097763061523,31.884384155273438,61.56275939941406,0.0,0.0,26,22,62.42305374145508
70,30,1035329,1370864,20,15,29.235830307006836,31.900665283203125,62.42305374145508,0.0,0.0,26,22,63.89474105834961
70,30,1035065,1370855,20,15,29.667001724243164,31.900665283203125,63.89474105834961,0.0,0.0,26,22,65.08719635009766
70,30,1035191,1371044,20,15,29.891849517822266,31.900665283203125,65.08719635009766,0.0,0.0,26,21,66.05310821533203
70,30,1035316,1371492,20,15,29.724950790405273,31.891061782836914,66.05310821533203,0.0,0.0,26,21,66.05410766601562
70,30,1035796,1371440,20,15,29.620771408081055,32.41524124145508,66.05410766601562,0.0,0.0,26,21,66.05410766601562
70,30,1035533,1371091,20,15,29.620771408081055,32.41524124145508,66.05410766601562,0.0,0.0,26,21,66.05410766601562
70,30,1035270,1370743,20,15,29.620771408081055,32.89352798461914,66.05410766601562,0.0,0.0,26,21,66.46640014648438
70,30,1034974,1370482,20,15,29.534645080566406,32.89352798461914,66.46640014648438,0.0,0.0,26,21,66.83747100830078
70,30,1034678,1371108,20,15,29.07723617553711,30.61977195739746,66.83747100830078,0.0,0.0,26,22,62.204856872558594
70,30,1035611,1372025,20,15,28.558757781982422,30.61977195739746,62.204856872558594,0.0,0.0,26,22,60.23065185546875
70,30,1036111,1372669,20,15,28.227754592895508,31.307559967041016,60.23065185546875,0.0,0.0,26,22,61.22554016113281
70,30,1035849,1372349,20,15,28.595516204833984,31.90719223022461,61.22554016113281,0.0,0.0,26,22,62.12103271484375
70,30,1035940,1371986,20,15,28.9642391204834,31.905460357666016,62.12103271484375,0.0,0.0,26,22,62.928199768066406
70,30,1035645,1371667,20,15,29.696168899536133,31.905460357666016,62.928199768066406,0.0,0.0,26,21,64.30754089355469
70,30,1035415,1371563,20,15,30.18600845336914,31.905460357666016,64.30754089355469,0.0,0.0,26,20,65.42574310302734
70,30,1035120,1372318,20,15,29.530323028564453,31.905460357666016,65.42574310302734,0.0,0.0,26,21,66.33211517333984
70,30,1036018,1373378,20,15,28.933456420898438,31.905460357666016,66.33211517333984,0.0,0.0,26,21,66.71819305419922
70,30,1036550,1373726,20,15,28.652414321899414,31.911251068115234,66.71819305419922,0.0,0.0,26,21,66.71819305419922
70,30,1036255,1373334,20,15,28.652414321899414,32.378501892089844,66.71819305419922,0.0,0.0,26,21,67.06550598144531
70,30,1035992,1373117,20,15,28.693214416503906,32.378501892089844,67.06550598144531,0.0,0.0,26,22,67.37808227539062
70,30,1035697,1373366,20,15,28.46296501159668,30.656404495239258,67.37808227539062,0.0,0.0,26,22,65.40725708007812
70,30,1036208,1373780,20,15,28.359214782714844,30.656404495239258,65.40725708007812,0.0,0.0,26,22,63.63398361206055
70,30,1036739,1374380,20,15,28.09840202331543,31.40540313720703,63.63398361206055,0.0,0.0,26,22,64.2890853881836
70,30,1036444,1374108,20,15,28.172876358032227,32.042755126953125,64.2890853881836,0.0,0.0,26,22,64.87874603271484
70,30,1036568,1373879,20,15,28.217039108276367,32.0801887512207,64.87874603271484,0.0,0.0,26,22,65.41020965576172
70,30,1036306,1373603,20,15,28.93813705444336,32.0801887512207,65.41020965576172,0.0,0.0,26,21,66.3184585571289
70,30,1036012,1373413,20,15,29.6141357421875,32.0801887512207,66.3184585571289,0.0,0.0,26,20,66.70648956298828
70,30,1036136,1374053,20,15,29.125802993774414,32.0801887512207,66.70648956298828,0.0,0.0,26,20,67.36866760253906
70,30,1035907,1374581,20,15,28.77259063720703,32.1087760925293,67.36866760253906,0.0,0.0,26,21,67.6512222290039
70,30,1036769,1374816,20,15,28.491056442260742,32.136898040771484,67.6512222290039,0.0,0.0,26,21,67.90512084960938
70,30,1036508,1374524,20,15,28.719858169555664,32.170108795166016,67.90512084960938,0.0,0.0,26,21,68.13365936279297
70,30,1036631,1374232,20,15,28.885723114013672,32.16951370239258,68.13365936279297,0.0,0.0,26,21,68.34032440185547
70,30,1036337,1374182,20,15,29.386993408203125,30.569730758666992,68.34032440185547,0.0,0.0,26,21,66.77388000488281
70,30,1036461,1374173,20,15,29.347049713134766,31.677379608154297,66.77388000488281,0.0,0.0,26,21,65.54826354980469
70,30,1036199,1373898,20,15,29.808067321777344,31.677379608154297,65.54826354980469,0.0,0.0,26,20,63.30244064331055
70,30,1036291,1373708,20,15,30.308704376220703,31.677379608154297,63.30244064331055,0.0,0.0,26,19,62.55900573730469
70,30,1036029,1374238,20,15,29.63654136657715,31.677379608154297,62.55900573730469,0.0,0.0,26,20,60.921119689941406
70,30,1036923,1374852,20,15,29.162105560302734,32.694271087646484,60.921119689941406,0.0,0.0,26,20,61.846500396728516
70,30,1037046,1374636,20,15,29.546247482299805,32.694271087646484,61.846500396728516,0.0,0.0,26,20,62.767704010009766
70,30,1036752,1374703,20,15,29.485422134399414,32.694271087646484,62.767704010009766,0.0,0.0,26,20,60.02172088623047
70,30,1036876,1374645,20,15,29.319547653198242,30.4790096282959,60.02172088623047,0.0,0.0,26,20,57.54988098144531
70,30,1036967,1374400,20,15,29.409135818481445,30.62543296813965,57.54988098144531,0.0,0.0,26,21,55.986331939697266
70,30,1036706,1374309,20,15,29.83241081237793,31.309377670288086,55.986331939697266,0.0,0.0,26,20,56.58250045776367
70,30,1036829,1374275,20,15,29.682889938354492,31.87938690185547,56.58250045776367,0.0,0.0,26,20,57.94263458251953
70,30,1036535,1373957,20,15,30.212434768676758,30.003860473632812,57.94263458251953,0.0,0.0,26,20,57.26604080200195
70,30,1036659,1373811,20,15,30.6250057220459,30.003860473632812,57.26604080200195,0.0,0.0,26,19,54.930213928222656
70,30,1036398,1374340,20,15,29.982744216918945,30.003860473632812,54.930213928222656,0.0,0.0,26,20,54.1198616027832
70,30,1036905,1374518,20,15,29.6734561920166,30.62261962890625,54.1198616027832,0.0,0.0,26,20,54.437644958496094
70,30,1037029,1374177,20,15,29.989059448242188,31.19235610961914,54.437644958496094,0.0,0.0,26,20,56.01266860961914
70,30,1036735,1374182,20,15,29.835521697998047,31.70948028564453,56.01266860961914,0.0,0.0,26,20,58.47611618041992
70,30,1036891,1374400,20,15,29.87494659423828,31.70948028564453,58.47611618041992,0.0,0.0,26,20,60.49481201171875
70,30,1037014,1374710,20,15,29.6404972076416,31.70948028564453,60.49481201171875,0.0,0.0,26,21,61.46413803100586
70,30,1037476,1374716,20,15,29.5494384765625,32.76218032836914,61.46413803100586,0.0,0.0,26,21,62.149879455566406
70,30,1037599,1374706,20,15,29.366891860961914,32.81731033325195,62.149879455566406,0.0,0.0,26,21,62.76714324951172
70,30,1037339,1374365,20,15,30.02558135986328,33.179832458496094,62.76714324951172,0.0,0.0,26,20,63.510108947753906
70,30,1037046,1374370,20,15,29.956485748291016,33.179832458496094,63.510108947753906,0.0,0.0,26,20,64.33039855957031
70,30,1037169,1374544,20,15,29.902753829956055,33.179832458496094,64.33039855957031,0.0,0.0,26,21,60.55436706542969
70,30,1037279,1374913,20,15,29.788843154907227,30.9688720703125,60.55436706542969,0.0,0.0,26,21,61.61691665649414
70,30,1037370,1374834,20,15,29.981361389160156,31.589902877807617,61.61691665649414,0.0,0.0,26,21,61.70654296875
70,30,1037492,1374677,20,15,29.846961975097656,32.108375549316406,61.70654296875,0.0,0.0,26,21,59.95180130004883
70,30,1037200,1374419,20,15,29.83298110961914,32.108375549316406,59.95180130004883,0.0,0.0,26,21,60.03273391723633
70,30,1036940,1374325,20,15,29.706056594848633,32.54764175415039,60.03273391723633,0.0,0.0,26,21,61.048805236816406
70,30,1037063,1374289,20,15,29.854658126831055,32.6754035949707,61.048805236816406,0.0,0.0,26,21,62.022605895996094
70,30,1036803,1374383,20,15,29.914562225341797,32.6754035949707,62.022605895996094,0.0,0.0,26,22,62.88642883300781
70,30,1037296,1374320,20,15,30.19721794128418,31.407310485839844,62.88642883300781,0.0,0.0,26,22,64.2721176147461
70,30,1037037,1374389,20,15,30.40667152404785,31.407310485839844,64.2721176147461,0.0,0.0,26,21,65.42302703857422
70,30,1037159,1374719,20,15,30.24395751953125,31.407310485839844,65.42302703857422,0.0,0.0,26,22,65.4485092163086
70,30,1037631,1374372,20,15,30.41631317138672,31.9797420501709,65.4485092163086,0.0,0.0,26,21,65.4485092163086
70,30,1037372,1374029,20,15,30.41631317138672,31.9797420501709,65.4485092163086,0.0,0.0,26,21,65.4485092163086
70,30,1037112,1373685,20,15,30.41631317138672,32.55897903442383,65.4485092163086,0.0,0.0,26,21,65.89935302734375
70,30,1036821,1373428,20,15,30.370710372924805,32.55897903442383,65.89935302734375,0.0,0.0,26,21,66.34869384765625
70,30,1036562,1374086,20,15,29.775970458984375,30.77424430847168,66.34869384765625,0.0,0.0,26,22,62.62602996826172
70,30,1037447,1374944,20,15,29.151241302490234,30.77424430847168,62.62602996826172,0.0,0.0,26,22,62.64208221435547
70,30,1037939,1374934,20,15,29.019521713256836,32.03873062133789,62.64208221435547,0.0,0.0,26,22,62.64208221435547
70,30,1037647,1374548,20,15,29.019521713256836,32.580257415771484,62.64208221435547,0.0,0.0,26,22,63.382225036621094
70,30,1037388,1374334,20,15,29.042034149169922,32.580257415771484,63.382225036621094,0.0,0.0,26,22,64.06279754638672
70,30,1037129,1374622,20,15,28.757736206054688,30.863229751586914,64.06279754638672,0.0,0.0,26,22,62.38694381713867
70,30,1037632,1375030,20,15,28.539766311645508,30.863229751586914,62.38694381713867,0.0,0.0,26,22,60.87700271606445
70,30,1038123,1375578,20,15,28.238372802734375,31.489643096923828,60.87700271606445,0.0,0.0,26,23,61.7999267578125
70,30,1037832,1375309,20,15,28.345712661743164,32.15679931640625,61.7999267578125,0.0,0.0,26,22,62.630645751953125
70,30,1037954,1375083,20,15,28.460241317749023,32.196353912353516,62.630645751953125,0.0,0.0,26,22,63.386878967285156
70,30,1037663,1374769,20,15,29.121883392333984,32.196353912353516,63.386878967285156,0.0,0.0,26,22,64.67315673828125
70,30,1037405,1374623,20,15,29.833555221557617,32.196353912353516,64.67315673828125,0.0,0.0,26,20,65.72195434570312
70,30,1037526,1375409,20,15,29.276365280151367,32.196353912353516,65.72195434570312,0.0,0.0,26,21,66.57147216796875
70,30,1038029,1376349,20,15,28.60068702697754,32.196353912353516,66.57147216796875,0.0,0.0,26,21,66.57600402832031
70,30,1038118,1376017,20,15,28.833078384399414,32.67361831665039,66.57600402832031,0.0,0.0,26,21,66.57970428466797
70,30,1038240,1375729,20,15,29.056428909301758,33.51736068725586,66.57970428466797,0.0,0.0,26,21,66.93978881835938
70,30,1037981,1375722,20,15,29.203927993774414,33.51736068725586,66.93978881835938,0.0,0.0,26,21,65.0208511352539
70,30,1037723,1375712,20,15,29.014923095703125,31.6339111328125,65.0208511352539,0.0,0.0,26,21,65.53336334228516
70,30,1037833,1375374,20,15,29.525739669799805,32.19158172607422,65.53336334228516,0.0,0.0,26,20,66.00067901611328
70,30,1037543,1375199,20,15,30.032224655151367,32.19158172607422,66.00067901611328,0.0,0.0,26,19,66.41581726074219
70,30,1037697,1374954,20,15,30.180225372314453,32.184471130371094,66.41581726074219,0.0,0.0,26,19,66.7949447631836
70,30,1037439,1375476,20,15,29.62814712524414,32.184471130371094,66.7949447631836,0.0,0.0,26,20,67.13355255126953
70,30,1037940,1375774,20,15,29.254331588745117,32.67792892456055,67.13355255126953,0.0,0.0,26,20,67.71086120605469
70,30,1038049,1375560,20,15,29.705341339111328,32.67792892456055,67.71086120605469,0.0,0.0,26,20,67.96200561523438
70,30,1037759,1375626,20,15,29.70193099975586,32.67792892456055,67.96200561523438,0.0,0.0,26,20,67.96416473388672
70,30,1037881,1375471,20,15,29.67774200439453,31.135595321655273,67.96416473388672,0.0,0.0,26,20,67.96614074707031
70,30,1038002,1375272,20,15,29.738935470581055,31.68042755126953,67.96614074707031,0.0,0.0,26,20,68.19048309326172
70,30,1037745,1375182,20,15,29.908889770507812,32.23208236694336,68.19048309326172,0.0,0.0,26,20,68.38994598388672
70,30,1037898,1375253,20,15,29.847827911376953,32.23208236694336,68.38994598388672,0.0,0.0,26,20,68.72972869873047
70,30,1038019,1375409,20,15,29.745357513427734,32.23208236694336,68.72972869873047,0.0,0.0,26,21,66.0199203491211
70,30,1038097,1375332,20,15,29.514001846313477,30.69940757751465,66.0199203491211,0.0,0.0,26,21,66.43521881103516
70,30,1038218,1375064,20,15,29.63235092163086,30.688398361206055,66.43521881103516,0.0,0.0,26,21,66.81060028076172
70,30,1037960,1375058,20,15,29.896589279174805,31.341463088989258,66.81060028076172,0.0,0.0,26,20,66.81205749511719
70,30,1038050,1375005,20,15,29.74359703063965,31.924467086791992,66.81205749511719,0.0,0.0,26,20,67.15135192871094
70,30,1037792,1374735,20,15,30.17378807067871,30.255624771118164,67.15135192871094,0.0,0.0,26,20,65.16799926757812
70,30,1037881,1374548,20,15,30.501676559448242,30.313640594482422,65.16799926757812,0.0,0.0,26,19,61.773746490478516
70,30,1037624,1375069,20,15,29.908720016479492,30.313640594482422,61.773746490478516,0.0,0.0,26,20,59.02369689941406
70,30,1038457,1375508,20,15,29.37080192565918,30.966508865356445,59.02369689941406,0.0,0.0,26,20,59.02369689941406
70,30,1038578,1375168,20,15,29.37080192565918,31.67220115661621,59.02369689941406,0.0,0.0,26,20,59.02369689941406
70,30,1038321,1374828,20,15,29.37080192565918,32.30521774291992,59.02369689941406,0.0,0.0,26,20,60.13990020751953
70,30,1038032,1374573,20,15,29.420852661132812,32.30521774291992,60.13990020751953,0.0,0.0,26,20,61.14613342285156
70,30,1037776,1374858,20,15,29.091278076171875,32.30521774291992,61.14613342285156,0.0,0.0,26,21,59.54133224487305
70,30,1038274,1375262,20,15,28.778532028198242,30.34784698486328,59.54133224487305,0.0,0.0,26,21,58.097320556640625
70,30,1038383,1375805,20,15,28.42954444885254,30.34784698486328,58.097320556640625,0.0,0.0,26,21,58.09864807128906
70,30,1038849,1375427,20,15,28.820781707763672,31.74479103088379,58.09864807128906,0.0,0.0,26,21,60.391395568847656
70,30,1038592,1375473,20,15,28.854145050048828,31.74479103088379,60.391395568847656,0.0,0.0,26,21,62.24979782104492
70,30,1038336,1375601,20,15,28.881011962890625,31.74479103088379,62.24979782104492,0.0,0.0,26,21,64.39747619628906
70,30,1038425,1375861,20,15,29.17652130126953,31.74479103088379,64.39747619628906,0.0,0.0,26,21,64.97608184814453
70,30,1038922,1375525,20,15,29.756916046142578,32.263092041015625,64.97608184814453,0.0,0.0,26,21,65.49857330322266
70,30,1038634,1375530,20,15,29.74456787109375,32.783512115478516,65.49857330322266,0.0,0.0,26,21,65.96881866455078
70,30,1038377,1375643,20,15,29.562973022460938,32.783512115478516,65.96881866455078,0.0,0.0,26,21,64.05528259277344
70,30,1038874,1375852,20,15,29.365880966186523,30.879465103149414,64.05528259277344,0.0,0.0,26,21,62.333457946777344
70,30,1038995,1375911,20,15,29.4034481048584,31.509925842285156,62.333457946777344,0.0,0.0,26,21,63.1208381652832
70,30,1039083,1375833,20,15,29.542865753173828,32.18942642211914,63.1208381652832,0.0,0.0,26,21,63.1208381652832
70,30,1038827,1375494,20,15,29.542865753173828,32.734962463378906,63.1208381652832,0.0,0.0,26,21,63.82802963256836
70,30,1038571,1375282,20,15,29.492944717407227,32.734962463378906,63.82802963256836,0.0,0.0,26,21,64.46439361572266
70,30,1038315,1375566,20,15,29.1491641998291,30.940526962280273,64.46439361572266,0.0,0.0,26,22,62.79538345336914
70,30,1038812,1375968,20,15,28.876449584960938,30.940526962280273,62.79538345336914,0.0,0.0,26,22,62.79559326171875
70,30,1038920,1375958,20,15,28.763225555419922,31.614866256713867,62.79559326171875,0.0,0.0,26,22,62.79585266113281
70,30,1039008,1375762,20,15,28.74429702758789,32.77445983886719,62.79585266113281,0.0,0.0,26,22,63.5350227355957
70,30,1038721,1375569,20,15,29.051681518554688,32.77445983886719,63.5350227355957,0.0,0.0,26,21,64.20005798339844
70,30,1038841,1375476,20,15,28.934656143188477,33.267818450927734,64.20005798339844,0.0,0.0,26,21,64.80036163330078
70,30,1038585,1375249,20,15,29.60503578186035,33.267818450927734,64.80036163330078,0.0,0.0,26,21,65.8257827758789
70,30,1038705,1375150,20,15,30.090923309326172,31.027446746826172,65.8257827758789,0.0,0.0,26,20,63.69009780883789
70,30,1038418,1375195,20,15,30.094181060791016,31.027446746826172,63.69009780883789,0.0,0.0,26,20,64.34009552001953
70,30,1038570,1375268,20,15,30.181381225585938,31.706453323364258,64.34009552001953,0.0,0.0,26,21,65.45132446289062
70,30,1038658,1375445,20,15,30.2703800201416,31.706453323364258,65.45132446289062,0.0,0.0,26,21,65.92577362060547
70,30,1038778,1375476,20,15,30.36640167236328,32.25419616699219,65.92577362060547,0.0,0.0,26,21,65.92604064941406
70,30,1038898,1375322,20,15,30.308143615722656,33.33182907104492,65.92604064941406,0.0,0.0,26,21,66.35246276855469
70,30,1038611,1375069,20,15,30.237356185913086,33.33182907104492,66.35246276855469,0.0,0.0,26,21,66.73680114746094
70,30,1038356,1375351,20,15,29.82318687438965,33.33182907104492,66.73680114746094,0.0,0.0,26,22,64.79869079589844
70,30,1038851,1375753,20,15,29.488445281982422,31.45501136779785,64.79869079589844,0.0,0.0,26,22,63.054779052734375
70,30,1038959,1376292,20,15,29.05561637878418,31.45501136779785,63.054779052734375,0.0,0.0,26,22,63.768226623535156
70,30,1039047,1376027,20,15,29.09710121154785,32.744632720947266,63.768226623535156,0.0,0.0,26,22,64.41040802001953
70,30,1038792,1375805,20,15,29.142614364624023,32.744632720947266,64.41040802001953,0.0,0.0,26,22,64.98904418945312
70,30,1038868,1375495,20,15,29.70836639404297,33.20749282836914,64.98904418945312,0.0,0.0,26,21,65.50981140136719
70,30,1038613,1375299,20,15,30.24091148376465,33.20749282836914,65.50981140136719,0.0,0.0,26,20,65.97850799560547
70,30,1038359,1375342,20,15,30.249935150146484,33.20749282836914,65.97850799560547,0.0,0.0,26,20,66.78023529052734
70,30,1038479,1376115,20,15,29.574932098388672,33.23033905029297,66.78023529052734,0.0,0.0,26,21,67.42925262451172
70,30,1039314,1376669,20,15,28.990928649902344,33.60640335083008,67.42925262451172,0.0,0.0,26,21,67.42988586425781
70,30,1039060,1376385,20,15,29.186912536621094,34.04011917114258,67.42988586425781,0.0,0.0,26,21,67.43048095703125
70,30,1039179,1376101,20,15,29.33807945251465,34.392189025878906,67.43048095703125,0.0,0.0,26,21,67.70732116699219
70,30,1038893,1376053,20,15,29.474597930908203,34.392189025878906,67.70732116699219,0.0,0.0,26,21,65.655517578125
70,30,1039044,1376085,20,15,29.253128051757812,32.4290885925293,65.655517578125,0.0,0.0,26,21,63.8085823059082
70,30,1038758,1375776,20,15,29.832406997680664,32.4290885925293,63.8085823059082,0.0,0.0,26,20,60.649757385253906
70,30,1038878,1375633,20,15,30.523550033569336,32.4290885925293,60.649757385253906,0.0,0.0,26,19,59.303871154785156
70,30,1038624,1376147,20,15,29.93907356262207,32.4290885925293,59.303871154785156,0.0,0.0,26,20,58.09207534790039
70,30,1039116,1376440,20,15,29.541461944580078,32.44274139404297,58.09207534790039,0.0,0.0,26,20,60.389747619628906
70,30,1039192,1376187,20,15,29.905153274536133,32.945308685302734,60.389747619628906,0.0,0.0,26,20,61.37097930908203
70,30,1038938,1376233,20,15,29.798538208007812,32.945308685302734,61.37097930908203,0.0,0.0,26,20,61.373878479003906
70,30,1039057,1376141,20,15,29.903148651123047,31.661598205566406,61.373878479003906,0.0,0.0,26,20,61.375247955322266
70,30,1039177,1375945,20,15,29.930233001708984,32.226959228515625,61.375247955322266,0.0,0.0,26,20,62.2575798034668
70,30,1038923,1375856,20,15,30.054866790771484,32.75334167480469,62.2575798034668,0.0,0.0,26,20,63.051090240478516
70,30,1039010,1375842,20,15,29.997779846191406,32.76871109008789,63.051090240478516,0.0,0.0,26,20,64.40789794921875
70,30,1039129,1375995,20,15,29.911392211914062,32.76871109008789,64.40789794921875,0.0,0.0,26,20,61.24935531616211
70,30,1039237,1376166,20,15,30.019546508789062,30.97467803955078,61.24935531616211,0.0,0.0,26,21,57.59925079345703
70,30,1039324,1376546,20,15,29.827564239501953,30.97467803955078,57.59925079345703,0.0,0.0,26,21,56.61640930175781
70,30,1039443,1376513,20,15,29.634437561035156,31.549148559570312,56.61640930175781,0.0,0.0,26,21,59.19213104248047
70,30,1039562,1376303,20,15,30.190977096557617,31.534507751464844,59.19213104248047,0.0,0.0,26,20,60.290672302246094
70,30,1039308,1376409,20,15,30.07082748413086,31.534507751464844,60.290672302246094,0.0,0.0,26,20,62.17081069946289
70,30,1039415,1376704,20,15,29.952510833740234,32.0912971496582,62.17081069946289,0.0,0.0,26,21,62.97255325317383
70,30,1039894,1377065,20,15,29.49685287475586,32.61504364013672,62.97255325317383,0.0,0.0,26,21,63.69397735595703
70,30,1039609,1376839,20,15,29.497915267944336,33.012027740478516,63.69397735595703,0.0,0.0,26,21,64.34332275390625
70,30,1039728,1376655,20,15,29.48444175720215,33.018348693847656,64.34332275390625,0.0,0.0,26,21,64.92854309082031
70,30,1039475,1376536,20,15,29.81749153137207,33.018348693847656,64.92854309082031,0.0,0.0,26,21,64.92928314208984
70,30,1039562,1376437,20,15,29.72317886352539,33.825111389160156,64.92928314208984,0.0,0.0,26,21,65.45577239990234
70,30,1039309,1376171,20,15,30.118227005004883,33.825111389160156,65.45577239990234,0.0,0.0,26,20,63.07514190673828
70,30,1039025,1375987,20,15,30.61570930480957,31.355915069580078,63.07514190673828,0.0,0.0,26,20,60.93170928955078
70,30,1039175,1376320,20,15,30.148372650146484,31.355915069580078,60.93170928955078,0.0,0.0,26,20,57.264808654785156
70,30,1039262,1376662,20,15,29.6166934967041,31.355915069580078,57.264808654785156,0.0,0.0,26,20,54.293758392333984
70,30,1039381,1377180,20,15,29.10700225830078,31.355915069580078,54.293758392333984,0.0,0.0,26,21,55.881202697753906
70,30,1039870,1376849,20,15,29.555164337158203,32.56755065917969,55.881202697753906,0.0,0.0,26,20,55.88310623168945
70,30,1039618,1376839,20,15,29.387033462524414,33.17445755004883,55.88310623168945,0.0,0.0,26,20,58.60169219970703
70,30,1039365,1377007,20,15,29.368444442749023,33.17445755004883,58.60169219970703,0.0,0.0,26,21,56.774593353271484
70,30,1039823,1377170,20,15,29.224658966064453,30.68899154663086,56.774593353271484,0.0,0.0,26,21,55.1306037902832
70,30,1039909,1377186,20,15,29.323684692382812,31.438697814941406,55.1306037902832,0.0,0.0,26,21,56.63714599609375
70,30,1040027,1377151,20,15,29.55531883239746,32.018882751464844,56.63714599609375,0.0,0.0,26,21,57.99219512939453
70,30,1039744,1376900,20,15,29.547622680664062,32.617252349853516,57.99219512939453,0.0,0.0,26,21,57.99219512939453
70,30,1039491,1376567,20,15,29.547622680664062,32.617252349853516,57.99219512939453,0.0,0.0,26,21,57.9938850402832
70,30,1039240,1376475,20,15,29.47066879272461,30.626420974731445,57.9938850402832,0.0,0.0,26,21,56.705078125
70,30,1039326,1376640,20,15,29.565099716186523,30.626420974731445,56.705078125,0.0,0.0,26,21,55.54546356201172
70,30,1039075,1376670,20,15,29.71562385559082,29.0770320892334,55.54546356201172,0.0,0.0,26,22,57.01166534423828
70,30,1039551,1376609,20,15,29.958927154541016,29.91790008544922,57.01166534423828,0.0,0.0,26,21,59.51714324951172
70,30,1039299,1376735,20,15,30.270465850830078,29.91790008544922,59.51714324951172,0.0,0.0,26,21,61.5443115234375
70,30,1039755,1376771,20,15,30.04274559020996,29.930438995361328,61.5443115234375,0.0,0.0,26,21,61.54557418823242
70,30,1039873,1376476,20,15,30.17848014831543,30.72622299194336,61.54557418823242,0.0,0.0,26,21,61.54557418823242
70,30,1039622,1376143,20,15,30.17848014831543,31.400550842285156,61.54557418823242,0.0,0.0,26,21,62.4102783203125
70,30,1039339,1375894,20,15,30.21473503112793,31.400550842285156,62.4102783203125,0.0,0.0,26,21,63.19053268432617
70,30,1039087,1376530,20,15,29.63671112060547,31.400550842285156,63.19053268432617,0.0,0.0,26,22,61.556949615478516
70,30,1039575,1377119,20,15,29.098787307739258,29.633249282836914,61.556949615478516,0.0,0.0,26,22,60.085880279541016
70,30,1040050,1377350,20,15,28.843149185180664,30.467103958129883,60.085880279541016,0.0,0.0,26,22,60.085880279541016
70,30,1040168,1377017,20,15,28.843149185180664,31.83661460876465,60.085880279541016,0.0,0.0,26,22,61.09658432006836
70,30,1039916,1376809,20,15,28.836477279663086,31.83661460876465,61.09658432006836,0.0,0.0,26,22,62.00630187988281
70,30,1039634,1377045,20,15,28.55826759338379,30.129833221435547,62.00630187988281,0.0,0.0,26,22,60.58477783203125
70,30,1040120,1377440,20,15,28.366283416748047,30.129833221435547,60.58477783203125,0.0,0.0,26,22,59.30588150024414
70,30,1040595,1377970,20,15,28.07927131652832,30.87983512878418,59.30588150024414,0.0,0.0,26,22,60.393043518066406
70,30,1040344,1377751,20,15,28.1987247467041,31.502094268798828,60.393043518066406,0.0,0.0,26,22,61.371585845947266
70,30,1040430,1377490,20,15,28.286588668823242,31.46002197265625,61.371585845947266,0.0,0.0,26,22,62.253089904785156
70,30,1040179,1377342,20,15,28.90386962890625,31.46002197265625,62.253089904785156,0.0,0.0,26,22,64.40205383300781
70,30,1039896,1377384,20,15,29.597633361816406,31.46002197265625,64.40205383300781,0.0,0.0,26,21,65.50115203857422
70,30,1040014,1377599,20,15,29.7846736907959,31.46002197265625,65.50115203857422,0.0,0.0,26,20,66.7704086303711
70,30,1040499,1378041,20,15,29.93366050720215,31.43197250366211,66.7704086303711,0.0,0.0,26,20,67.11177825927734
70,30,1040585,1377961,20,15,29.875328063964844,31.967130661010742,67.11177825927734,0.0,0.0,26,20,67.42115020751953
70,30,1040366,1377907,20,15,29.9025821685791,32.510677337646484,67.42115020751953,0.0,0.0,26,20,67.69712829589844
70,30,1040452,1377714,20,15,29.747018814086914,32.5430793762207,67.69712829589844,0.0,0.0,26,20,67.9465103149414
70,30,1040201,1377559,20,15,29.85276985168457,32.5430793762207,67.9465103149414,0.0,0.0,26,21,68.17097473144531
70,30,1040319,1377461,20,15,29.813596725463867,33.09390640258789,68.17097473144531,0.0,0.0,26,21,68.37422180175781
70,30,1040037,1377385,20,15,29.849933624267578,33.09390640258789,68.37422180175781,0.0,0.0,26,21,68.55781555175781
70,30,1040154,1377474,20,15,29.926057815551758,31.224252700805664,68.55781555175781,0.0,0.0,26,21,64.5287857055664
70,30,1040271,1377748,20,15,29.751510620117188,31.224252700805664,64.5287857055664,0.0,0.0,26,21,64.53063201904297
70,30,1040377,1377713,20,15,29.862112045288086,32.44773864746094,64.53063201904297,0.0,0.0,26,21,64.5323486328125
70,30,1040462,1377644,20,15,29.835010528564453,32.932273864746094,64.5323486328125,0.0,0.0,26,21,64.5323486328125
70,30,1040212,1377313,20,15,29.835010528564453,32.932273864746094,64.5323486328125,0.0,0.0,26,21,65.09921264648438
70,30,1039962,1377222,20,15,29.650697708129883,33.46394729614258,65.09921264648438,0.0,0.0,26,21,66.06768798828125
70,30,1040048,1377386,20,15,29.407426834106445,33.46394729614258,66.06768798828125,0.0,0.0,26,22,64.50839233398438
70,30,1039798,1377475,20,15,29.43305015563965,31.555288314819336,64.50839233398438,0.0,0.0,26,22,62.732704162597656
70,30,1040282,1377148,20,15,29.90099334716797,31.534048080444336,62.732704162597656,0.0,0.0,26,21,61.13526153564453
70,30,1040032,1376882,20,15,30.512001037597656,31.534048080444336,61.13526153564453,0.0,0.0,26,20,59.698753356933594
70,30,1039751,1377021,20,15,30.43971061706543,31.534048080444336,59.698753356933594,0.0,0.0,26,20,57.24049377441406
70,30,1039868,1377634,20,15,30.347862243652344,31.534048080444336,57.24049377441406,0.0,0.0,26,20,56.1924934387207
70,30,1040718,1377898,20,15,29.90045166015625,32.703407287597656,56.1924934387207,0.0,0.0,26,20,57.59048080444336
70,30,1040468,1377619,20,15,30.055587768554688,32.703407287597656,57.59048080444336,0.0,0.0,26,20,58.84880065917969
70,30,1040585,1377341,20,15,30.16383934020996,32.6734619140625,58.84880065917969,0.0,0.0,26,21,59.98411178588867
70,30,1040304,1377293,20,15,30.548681259155273,33.25604248046875,59.98411178588867,0.0,0.0,26,20,61.00590133666992
70,30,1040421,1377416,20,15,30.179121017456055,33.25604248046875,61.00590133666992,0.0,0.0,26,20,61.92624282836914
70,30,1040537,1377656,20,15,29.973705291748047,33.25604248046875,61.92624282836914,0.0,0.0,26,21,61.92698669433594
70,30,1040623,1377464,20,15,29.952348709106445,33.68192672729492,61.92698669433594,0.0,0.0,26,21,62.7542610168457
70,30,1040374,1377243,20,15,30.274389266967773,34.025848388671875,62.7542610168457,0.0,0.0,26,21,63.498592376708984
70,30,1040490,1377144,20,15,30.482528686523438,34.025848388671875,63.498592376708984,0.0,0.0,26,21,64.7702407836914
70,30,1040241,1377230,20,15,30.466943740844727,34.025848388671875,64.7702407836914,0.0,0.0,26,21,65.80071258544922
70,30,1040358,1377522,20,15,30.396648406982422,34.025848388671875,65.80071258544922,0.0,0.0,26,21,66.24018096923828
70,30,1040839,1377756,20,15,30.083934783935547,34.340919494628906,66.24018096923828,0.0,0.0,26,21,66.63504791259766
70,30,1040559,1377497,20,15,30.085691452026367,34.628807067871094,66.63504791259766,0.0,0.0,26,21,66.9914321899414
70,30,1040676,1377280,20,15,30.08186149597168,34.65060806274414,66.9914321899414,0.0,0.0,26,22,67.31209564208984
70,30,1040427,1377019,20,15,30.70013427734375,34.65060806274414,67.31209564208984,0.0,0.0,26,21,63.62556838989258
70,30,1040178,1376879,20,15,31.241853713989258,32.650081634521484,63.62556838989258,0.0,0.0,26,20,60.63922119140625
70,30,1040294,1377640,20,15,30.28154945373535,32.650081634521484,60.63922119140625,0.0,0.0,26,20,58.22027587890625
70,30,1041109,1378243,20,15,29.591115951538086,32.632469177246094,58.22027587890625,0.0,0.0,26,21,58.22041702270508
70,30,1040861,1377965,20,15,29.67003059387207,32.632469177246094,58.22041702270508,0.0,0.0,26,21,58.220664978027344
70,30,1040946,1377647,20,15,29.79842758178711,33.051517486572266,58.220664978027344,0.0,0.0,26,21,56.997779846191406
70,30,1040697,1377386,20,15,30.283071517944336,33.027748107910156,56.997779846191406,0.0,0.0,26,20,55.897178649902344
70,30,1040449,1377194,20,15,30.623870849609375,33.027748107910156,55.897178649902344,0.0,0.0,26,20,55.07501983642578
70,30,1040200,1377236,20,15,30.416698455810547,31.192232131958008,55.07501983642578,0.0,0.0,26,20,53.669124603271484
70,30,1039952,1377986,20,15,29.692346572875977,31.192232131958008,53.669124603271484,0.0,0.0,26,21,53.071319580078125
70,30,1041119,1378503,20,15,29.135887145996094,32.466835021972656,53.071319580078125,0.0,0.0,26,21,54.78221893310547
70,30,1041235,1378298,20,15,29.20325469970703,33.02488708496094,54.78221893310547,0.0,0.0,26,21,54.78391647338867
70,30,1040986,1378207,20,15,29.09918212890625,33.02488708496094,54.78391647338867,0.0,0.0,26,21,54.0409049987793
70,30,1041071,1378131,20,15,29.30482292175293,31.156320571899414,54.0409049987793,0.0,0.0,26,21,53.3721923828125
70,30,1040823,1378160,20,15,29.25130844116211,31.156320571899414,53.3721923828125,0.0,0.0,26,21,53.375770568847656
70,30,1040939,1378070,20,15,29.318401336669922,30.326473236083984,53.375770568847656,0.0,0.0,26,22,56.57283401489258
70,30,1041043,1378073,20,15,29.63222885131836,30.326473236083984,56.57283401489258,0.0,0.0,26,21,59.1648063659668
70,30,1041128,1378303,20,15,29.94582748413086,30.326473236083984,59.1648063659668,0.0,0.0,26,22,60.267539978027344
70,30,1041274,1378208,20,15,29.782272338867188,30.297365188598633,60.267539978027344,0.0,0.0,26,22,60.267539978027344
70,30,1041359,1377839,20,15,29.782272338867188,30.30769920349121,60.267539978027344,0.0,0.0,26,22,60.267539978027344
70,30,1041080,1377471,20,15,29.782272338867188,31.07722282409668,60.267539978027344,0.0,0.0,26,22,61.260101318359375
70,30,1040833,1377266,20,15,29.78690528869629,31.07722282409668,61.260101318359375,0.0,0.0,26,22,62.156009674072266
70,30,1040585,1377891,20,15,29.23561668395996,29.22162437438965,62.156009674072266,0.0,0.0,26,22,58.91672897338867
70,30,1041427,1378707,20,15,28.66261100769043,29.22162437438965,58.91672897338867,0.0,0.0,26,22,57.53731155395508
70,30,1041894,1379309,20,15,28.307954788208008,30.013004302978516,57.53731155395508,0.0,0.0,26,22,58.8006477355957
70,30,1041615,1378967,20,15,28.69609832763672,30.839492797851562,58.8006477355957,0.0,0.0,26,22,59.93776321411133
70,30,1041731,1378666,20,15,29.068166732788086,30.85857391357422,59.93776321411133,0.0,0.0,26,22,60.961856842041016
70,30,1041483,1378406,20,15,29.69355010986328,30.85857391357422,60.961856842041016,0.0,0.0,26,21,62.71258544921875
70,30,1041205,1378226,20,15,30.299972534179688,30.85857391357422,62.71258544921875,0.0,0.0,26,20,63.45920944213867
70,30,1040958,1378533,20,15,29.869617462158203,30.85857391357422,63.45920944213867,0.0,0.0,26,21,64.7366943359375
70,30,1041073,1379256,20,15,29.27747344970703,30.852130889892578,64.7366943359375,0.0,0.0,26,21,65.7729721069336
70,30,1041902,1380246,20,15,28.740707397460938,30.852130889892578,65.7729721069336,0.0,0.0,26,22,65.7729721069336
70,30,1041986,1379878,20,15,28.740707397460938,31.52461814880371,65.7729721069336,0.0,0.0,26,22,66.21432495117188
70,30,1041739,1379673,20,15,28.72658348083496,31.52461814880371,66.21432495117188,0.0,0.0,26,22,66.6117935180664
70,30,1041492,1379945,20,15,28.479589462280273,31.52461814880371,66.6117935180664,0.0,0.0,26,22,64.19690704345703
70,30,1041969,1380332,20,15,28.375438690185547,29.337886810302734,64.19690704345703,0.0,0.0,26,22,62.02408981323242
70,30,1042073,1380852,20,15,28.097278594970703,29.337886810302734,62.02408981323242,0.0,0.0,26,22,62.02408981323242
70,30,1042188,1380524,20,15,28.097278594970703,30.86896514892578,62.02408981323242,0.0,0.0,26,22,63.57590866088867
70,30,1041910,1380379,20,15,28.326194763183594,30.86896514892578,63.57590866088867,0.0,0.0,26,22,64.23779296875
70,30,1042013,1380055,20,15,28.960041046142578,31.56378746032715,64.23779296875,0.0,0.0,26,21,64.83385467529297
70,30,1041736,1379887,20,15,29.66815185546875,31.56378746032715,64.83385467529297,0.0,0.0,26,20,65.37014770507812
70,30,1041489,1379928,20,15,29.635234832763672,31.56378746032715,65.37014770507812,0.0,0.0,26,20,66.2872085571289
70,30,1041604,1380674,20,15,29.11406707763672,31.56378746032715,66.2872085571289,0.0,0.0,26,21,67.02995300292969
70,30,1042441,1381249,20,15,28.503381729125977,32.089168548583984,67.02995300292969,0.0,0.0,26,21,67.03004455566406
70,30,1042164,1380933,20,15,28.743255615234375,32.538795471191406,67.03004455566406,0.0,0.0,26,21,67.0302963256836
70,30,1042279,1380658,20,15,28.976490020751953,33.01987075805664,67.0302963256836,0.0,0.0,26,21,67.34696197509766
70,30,1042032,1380650,20,15,29.224597930908203,33.01987075805664,67.34696197509766,0.0,0.0,26,21,67.63037872314453
70,30,1042116,1380599,20,15,29.042299270629883,33.40718078613281,67.63037872314453,0.0,0.0,26,21,67.88670349121094
70,30,1041870,1380299,20,15,29.96644401550293,33.40718078613281,67.88670349121094,0.0,0.0,26,20,68.32403564453125
70,30,1041984,1380123,20,15,30.592498779296875,33.469757080078125,68.32403564453125,0.0,0.0,26,20,68.67786407470703
70,30,1041708,1380087,20,15,30.97039794921875,33.469757080078125,68.67786407470703,0.0,0.0,26,19,68.96446228027344
70,30,1041884,1380971,20,15,30.054790496826172,33.469757080078125,68.96446228027344,0.0,0.0,26,20,69.08734893798828
70,30,1042708,1381545,20,15,29.55086326599121,34.216732025146484,69.08734893798828,0.0,0.0,26,20,69.08749389648438
70,30,1042822,1381341,20,15,29.603618621826172,34.53421401977539,69.08749389648438,0.0,0.0,26,20,69.19876098632812
70,30,1042576,1381251,20,15,29.419206619262695,34.94475555419922,69.19876098632812,0.0,0.0,26,21,69.29891204833984
70,30,1042330,1381161,20,15,29.23409652709961,34.94475555419922,69.29891204833984,0.0,0.0,26,21,69.38957977294922
70,30,1042414,1381203,20,15,29.282947540283203,34.94475555419922,69.38957977294922,0.0,0.0,26,21,69.54373931884766
70,30,1042528,1381172,20,15,29.321645736694336,34.94272232055664,69.54373931884766,0.0,0.0,26,21,69.60884857177734
70,30,1042642,1381174,20,15,29.530548095703125,35.270877838134766,69.60884857177734,0.0,0.0,26,22,69.72093963623047
70,30,1042756,1381296,20,15,29.69046974182129,35.54410171508789,69.72093963623047,0.0,0.0,26,22,69.81327056884766
70,30,1043200,1381151,20,15,30.05599594116211,35.795555114746094,69.81327056884766,0.0,0.0,26,22,69.85163116455078
70,30,1042954,1380947,20,15,30.034406661987305,36.014522552490234,69.85163116455078,0.0,0.0,26,22,69.85127258300781
70,30,1042678,1380816,20,15,29.865293502807617,36.014522552490234,69.85127258300781,0.0,0.0,26,22,69.88504791259766
70,30,1042822,1380826,20,15,29.78729820251465,36.014522552490234,69.88504791259766,0.0,0.0,26,22,69.91519927978516
70,30,1042546,1380872,20,15,29.655099868774414,36.014522552490234,69.91519927978516,0.0,0.0,26,22,69.91478729248047
70,30,1043020,1380805,20,15,29.599594116210938,36.36566162109375,69.91478729248047,0.0,0.0,26,22,69.94220733642578
70,30,1042743,1380567,20,15,29.89069938659668,33.73539352416992,69.94220733642578,0.0,0.0,26,22,67.14225006103516
70,30,1042888,1380528,20,15,30.068462371826172,33.73539352416992,67.14225006103516,0.0,0.0,26,22,62.354549407958984
70,30,1042612,1380873,20,15,29.93146514892578,33.73539352416992,62.354549407958984,0.0,0.0,26,22,59.048194885253906
70,30,1043104,1381538,20,15,29.55340576171875,31.569828033447266,59.048194885253906,0.0,0.0,26,22,57.63835525512695
70,30,1043546,1381533,20,15,29.45423698425293,31.53965950012207,57.63835525512695,0.0,0.0,26,22,57.63835525512695
70,30,1043301,1381208,20,15,29.45423698425293,32.10858154296875,57.63835525512695,0.0,0.0,26,22,58.892242431640625
70,30,1043025,1380964,20,15,29.478857040405273,32.10858154296875,58.892242431640625,0.0,0.0,26,22,60.021636962890625
70,30,1042780,1381233,20,15,29.15660285949707,32.10858154296875,60.021636962890625,0.0,0.0,26,23,58.26705551147461
70,30,1043253,1381616,20,15,28.895540237426758,29.8550968170166,58.26705551147461,0.0,0.0,26,23,56.688411712646484
70,30,1043683,1382090,20,15,28.49306297302246,30.62273597717285,56.688411712646484,0.0,0.0,26,23,58.038108825683594
70,30,1043438,1381876,20,15,28.63154411315918,31.29381561279297,58.038108825683594,0.0,0.0,26,23,59.25296401977539
70,30,1043521,1381621,20,15,28.770254135131836,31.289051055908203,59.25296401977539,0.0,0.0,26,23,60.34783935546875
70,30,1043276,1381476,20,15,29.390024185180664,31.289051055908203,60.34783935546875,0.0,0.0,26,22,62.21895217895508
70,30,1043031,1381454,20,15,29.989648818969727,31.289051055908203,62.21895217895508,0.0,0.0,26,21,63.735694885253906
70,30,1043145,1381602,20,15,30.36981201171875,31.289051055908203,63.735694885253906,0.0,0.0,26,20,65.48734283447266
70,30,1043258,1381926,20,15,30.630531311035156,31.289051055908203,65.48734283447266,0.0,0.0,26,19,66.3825454711914
70,30,1043730,1382155,20,15,30.106203079223633,31.844072341918945,66.3825454711914,0.0,0.0,26,20,66.76481628417969
70,30,1043454,1382021,20,15,30.04079818725586,32.318233489990234,66.76481628417969,0.0,0.0,26,20,67.10836791992188
70,30,1043568,1381873,20,15,29.85504150390625,32.33707809448242,67.10836791992188,0.0,0.0,26,20,67.41798400878906
70,30,1043323,1381721,20,15,29.984827041625977,32.33707809448242,67.41798400878906,0.0,0.0,26,21,67.6966323852539
70,30,1043406,1381584,20,15,29.996793746948242,32.88063049316406,67.6966323852539,0.0,0.0,26,21,67.94730377197266
70,30,1043192,1381590,20,15,30.119104385375977,32.88063049316406,67.94730377197266,0.0,0.0,26,21,68.17317199707031
70,30,1043275,1381635,20,15,30.13528060913086,30.478063583374023,68.17317199707031,0.0,0.0,26,21,63.13397216796875
70,30,1043388,1381900,20,15,30.031179428100586,30.478063583374023,63.13397216796875,0.0,0.0,26,21,63.13526916503906
70,30,1043490,1381865,20,15,30.10708999633789,31.100967407226562,63.13526916503906,0.0,0.0,26,21,63.13591384887695
70,30,1043603,1381717,20,15,30.04730224609375,32.29783630371094,63.13591384887695,0.0,0.0,26,21,63.13658142089844
70,30,1043329,1381475,20,15,30.080873489379883,32.29783630371094,63.13658142089844,0.0,0.0,26,21,63.841068267822266
70,30,1043085,1381385,20,15,29.85681915283203,32.9321403503418,63.841068267822266,0.0,0.0,26,22,64.47737121582031
70,30,1043198,1381350,20,15,29.824127197265625,32.9321403503418,64.47737121582031,0.0,0.0,26,22,65.56490325927734
70,30,1042924,1381396,20,15,29.90765380859375,30.45340347290039,65.56490325927734,0.0,0.0,26,22,63.04234313964844
70,30,1043382,1381336,20,15,29.92229652404785,31.117998123168945,63.04234313964844,0.0,0.0,26,22,64.40376281738281
70,30,1043138,1381398,20,15,30.105131149291992,31.117998123168945,64.40376281738281,0.0,0.0,26,22,65.97618103027344
70,30,1043638,1381688,20,15,30.169185638427734,31.1138916015625,65.97618103027344,0.0,0.0,26,22,65.97618103027344
70,30,1043721,1381326,20,15,30.169185638427734,31.722389221191406,65.97618103027344,0.0,0.0,26,22,65.97618103027344
70,30,1043477,1381003,20,15,30.169185638427734,32.349971771240234,65.97618103027344,0.0,0.0,26,22,66.39744567871094
70,30,1043203,1380761,20,15,30.170351028442383,32.349971771240234,66.39744567871094,0.0,0.0,26,22,66.7766342163086
70,30,1042960,1381062,20,15,29.716629028320312,32.349971771240234,66.7766342163086,0.0,0.0,26,22,64.81871795654297
70,30,1043103,1381692,20,15,29.16600799560547,30.61232566833496,64.81871795654297,0.0,0.0,26,22,61.4705924987793
70,30,1043887,1382451,20,15,28.58878517150879,30.61232566833496,61.4705924987793,0.0,0.0,26,23,61.47151184082031
70,30,1043999,1382440,20,15,28.45799446105957,32.047481536865234,61.47151184082031,0.0,0.0,26,23,62.34373474121094
70,30,1043725,1382104,20,15,28.903688430786133,32.047481536865234,62.34373474121094,0.0,0.0,26,23,63.12882995605469
70,30,1043838,1381809,20,15,29.326862335205078,32.03902053833008,63.12882995605469,0.0,0.0,26,23,64.47201538085938
70,30,1043595,1381798,20,15,29.695940017700195,32.03902053833008,64.47201538085938,0.0,0.0,26,22,65.56049346923828
70,30,1043738,1382008,20,15,30.000694274902344,32.03902053833008,65.56049346923828,0.0,0.0,26,21,66.44217681884766
70,30,1043850,1382417,20,15,29.798179626464844,32.03902053833008,66.44217681884766,0.0,0.0,26,21,66.4425048828125
70,30,1044318,1382406,20,15,29.658613204956055,32.555625915527344,66.4425048828125,0.0,0.0,26,21,66.44332122802734
70,30,1044389,1382354,20,15,29.559545516967773,33.100486755371094,66.44332122802734,0.0,0.0,26,21,66.81969451904297
70,30,1044146,1382060,20,15,30.242931365966797,33.54408645629883,66.81969451904297,0.0,0.0,26,21,67.15843963623047
70,30,1044258,1381828,20,15,30.624134063720703,33.574989318847656,67.15843963623047,0.0,0.0,26,20,67.46338653564453
70,30,1043985,1381593,20,15,30.748437881469727,31.679481506347656,67.46338653564453,0.0,0.0,26,21,63.7263069152832
70,30,1043742,1381514,20,15,30.884368896484375,31.679481506347656,63.7263069152832,0.0,0.0,26,21,60.69979476928711
70,30,1043824,1382085,20,15,30.260250091552734,29.96219253540039,60.69979476928711,0.0,0.0,26,21,58.27027130126953
70,30,1044666,1382740,20,15,29.83345603942871,30.713842391967773,58.27027130126953,0.0,0.0,26,21,59.46293640136719
70,30,1044393,1382430,20,15,29.961669921875,30.713842391967773,59.46293640136719,0.0,0.0,26,21,60.53607940673828
70,30,1044505,1382159,20,15,30.002887725830078,31.3355712890625,60.53607940673828,0.0,0.0,26,21,62.37111282348633
70,30,1044262,1382148,20,15,30.274986267089844,31.3355712890625,62.37111282348633,0.0,0.0,26,21,63.85731887817383
70,30,1044374,1382318,20,15,30.488292694091797,31.3355712890625,63.85731887817383,0.0,0.0,26,20,64.49077606201172
70,30,1044132,1382662,20,15,30.178743362426758,31.3355712890625,64.49077606201172,0.0,0.0,26,20,65.06104278564453
70,30,1044952,1382714,20,15,30.111648559570312,31.938724517822266,65.06104278564453,0.0,0.0,26,21,65.06187438964844
70,30,1045023,1382663,20,15,30.00531005859375,32.95899963378906,65.06187438964844,0.0,0.0,26,21,65.06266784667969
70,30,1044781,1382345,20,15,30.325206756591797,32.95899963378906,65.06266784667969,0.0,0.0,26,20,65.57610321044922
70,30,1044508,1382348,20,15,30.141855239868164,32.95899963378906,65.57610321044922,0.0,0.0,26,20,66.45352935791016
70,30,1044620,1382508,20,15,29.99901008605957,32.95899963378906,66.45352935791016,0.0,0.0,26,21,67.16484069824219
70,30,1044732,1382846,20,15,29.772218704223633,32.95899963378906,67.16484069824219,0.0,0.0,26,21,67.46734619140625
70,30,1044813,1382795,20,15,29.573795318603516,33.40502166748047,67.46734619140625,0.0,0.0,26,21,67.73963165283203
70,30,1044925,1382762,20,15,29.381166458129883,33.408119201660156,67.73963165283203,0.0,0.0,26,21,67.98470306396484
70,30,1044683,1382445,20,15,30.05474853515625,33.44551467895508,67.98470306396484,0.0,0.0,26,21,68.20579528808594
70,30,1044441,1382488,20,15,29.9964542388916,33.44551467895508,68.20579528808594,0.0,0.0,26,21,68.40522766113281
70,30,1044553,1382647,20,15,29.993539810180664,30.901456832885742,68.40522766113281,0.0,0.0,26,21,63.06971740722656
70,30,1044664,1382985,20,15,29.827592849731445,30.901456832885742,63.06971740722656,0.0,0.0,26,21,63.07059097290039
70,30,1045088,1382934,20,15,29.70157814025879,31.523605346679688,63.07059097290039,0.0,0.0,26,21,63.07059097290039
70,30,1044816,1382574,20,15,29.70157814025879,32.171592712402344,63.07059097290039,0.0,0.0,26,21,63.78349685668945
70,30,1044574,1382374,20,15,29.65243911743164,32.171592712402344,63.78349685668945,0.0,0.0,26,21,64.4261703491211
70,30,1044333,1382638,20,15,29.29948616027832,30.198637008666992,64.4261703491211,0.0,0.0,26,22,62.49363708496094
70,30,1044797,1383015,20,15,29.019195556640625,30.198637008666992,62.49363708496094,0.0,0.0,26,22,60.754695892333984
70,30,1045220,1383481,20,15,28.689199447631836,30.89931869506836,60.754695892333984,0.0,0.0,26,22,61.696937561035156
70,30,1044979,1383270,20,15,28.728591918945312,31.63768768310547,61.696937561035156,0.0,0.0,26,22,62.545040130615234
70,30,1045060,1383019,20,15,28.738929748535156,31.650285720825195,62.545040130615234,0.0,0.0,26,22,63.3087272644043
70,30,1044819,1382765,20,15,29.39759063720703,31.650285720825195,63.3087272644043,0.0,0.0,26,21,64.61438751220703
70,30,1044577,1382628,20,15,30.0538330078125,31.650285720825195,64.61438751220703,0.0,0.0,26,20,65.6722412109375
70,30,1044689,1383355,20,15,29.46408462524414,31.650285720825195,65.6722412109375,0.0,0.0,26,21,66.5305404663086
70,30,1045122,1384184,20,15,28.767473220825195,31.638195037841797,66.5305404663086,0.0,0.0,26,21,66.53132629394531
70,30,1045234,1383914,20,15,28.99660873413086,32.234642028808594,66.53132629394531,0.0,0.0,26,21,66.53207397460938
70,30,1044992,1383645,20,15,29.195310592651367,32.73178482055664,66.53207397460938,0.0,0.0,26,21,66.90042877197266
70,30,1045073,1383598,20,15,29.307125091552734,33.214744567871094,66.90042877197266,0.0,0.0,26,21,64.45565032958984
70,30,1044833,1383586,20,15,29.093463897705078,30.839950561523438,64.45565032958984,0.0,0.0,26,21,62.2548713684082
70,30,1044944,1383271,20,15,29.636837005615234,30.831378936767578,62.2548713684082,0.0,0.0,26,20,60.27445602416992
70,30,1044703,1383015,20,15,30.134708404541016,30.831378936767578,60.27445602416992,0.0,0.0,26,19,58.4930419921875
70,30,1044784,1383146,20,15,30.09808349609375,30.831378936767578,58.4930419921875,0.0,0.0,26,19,56.89021682739258
70,30,1044543,1383628,20,15,29.593158721923828,30.831378936767578,56.89021682739258,0.0,0.0,26,20,55.44548797607422
70,30,1045036,1383635,20,15,29.32251739501953,31.444082260131836,55.44548797607422,0.0,0.0,26,20,55.44734191894531
70,30,1045106,1383395,20,15,29.71155548095703,31.444082260131836,55.44734191894531,0.0,0.0,26,20,58.24809646606445
70,30,1044865,1383494,20,15,29.63280487060547,31.444082260131836,58.24809646606445,0.0,0.0,26,20,56.215702056884766
70,30,1044976,1383771,20,15,29.63360595703125,29.8608455657959,56.215702056884766,0.0,0.0,26,21,57.18317794799805
70,30,1045427,1383625,20,15,29.542617797851562,30.099254608154297,57.18317794799805,0.0,0.0,26,21,57.18317794799805
70,30,1045157,1383267,20,15,29.542617797851562,30.754432678222656,57.18317794799805,0.0,0.0,26,21,57.614219665527344
70,30,1044917,1383068,20,15,29.565031051635742,30.754432678222656,57.614219665527344,0.0,0.0,26,21,58.87261199951172
70,30,1044676,1383331,20,15,29.228116989135742,29.39452362060547,58.87261199951172,0.0,0.0,26,21,59.20274353027344
70,30,1045138,1383705,20,15,29.006563186645508,29.39452362060547,59.20274353027344,0.0,0.0,26,21,59.36640930175781
70,30,1045589,1384208,20,15,28.6023006439209,29.69211196899414,59.36640930175781,0.0,0.0,26,22,59.93501281738281
70,30,1045319,1383958,20,15,28.648948669433594,30.543338775634766,59.93501281738281,0.0,0.0,26,22,60.446876525878906
70,30,1045429,1383748,20,15,28.67562484741211,31.10207748413086,60.446876525878906,0.0,0.0,26,22,61.42249298095703
70,30,1045159,1383455,20,15,29.215375900268555,31.10207748413086,61.42249298095703,0.0,0.0,26,21,62.673797607421875
70,30,1044919,1383320,20,15,29.667661666870117,31.10207748413086,62.673797607421875,0.0,0.0,26,20,63.42673110961914
70,30,1044679,1383615,20,15,29.25420379638672,31.10207748413086,63.42673110961914,0.0,0.0,26,21,64.71432495117188
70,30,1044790,1384337,20,15,28.744060516357422,31.597246170043945,64.71432495117188,0.0,0.0,26,21,65.26329803466797
70,30,1045601,1384588,20,15,28.465070724487305,31.84476661682129,65.26329803466797,0.0,0.0,26,21,65.53697204589844
70,30,1045362,1384320,20,15,28.7891845703125,32.075191497802734,65.53697204589844,0.0,0.0,26,21,65.78334045410156
70,30,1045472,1384053,20,15,29.040821075439453,32.25312423706055,65.78334045410156,0.0,0.0,26,21,66.22578430175781
70,30,1045232,1384045,20,15,29.5262393951416,32.25312423706055,66.22578430175781,0.0,0.0,26,21,64.85485076904297
70,30,1045313,1383994,20,15,29.4025936126709,31.655048370361328,64.85485076904297,0.0,0.0,26,21,63.819969177246094
70,30,1045073,1383742,20,15,29.8583984375,31.655048370361328,63.819969177246094,0.0,0.0,26,20,61.88843536376953
70,30,1045184,1383606,20,15,30.29366111755371,31.655048370361328,61.88843536376953,0.0,0.0,26,20,61.29591751098633
70,30,1044914,1384046,20,15,29.673343658447266,31.655048370361328,61.29591751098633,0.0,0.0,26,20,60.73548126220703
70,30,1045754,1384642,20,15,29.125732421875,31.90361976623535,60.73548126220703,0.0,0.0,26,20,61.68101501464844
70,30,1045834,1384403,20,15,29.68232536315918,32.523441314697266,61.68101501464844,0.0,0.0,26,20,63.114646911621094
70,30,1045595,1384444,20,15,29.57016372680664,32.523441314697266,63.114646911621094,0.0,0.0,26,20,61.93122863769531
70,30,1045675,1384407,20,15,29.565624237060547,31.238821029663086,61.93122863769531,0.0,0.0,26,20,60.77897644042969
70,30,1045785,1384221,20,15,29.619159698486328,31.537551879882812,60.77897644042969,0.0,0.0,26,20,59.828651428222656
70,30,1045516,1384097,20,15,29.80765151977539,32.128150939941406,59.828651428222656,0.0,0.0,26,20,59.908084869384766
70,30,1045626,1384063,20,15,29.576807022094727,32.495765686035156,59.908084869384766,0.0,0.0,26,20,60.937339782714844
70,30,1045387,1383795,20,15,30.26943588256836,32.495765686035156,60.937339782714844,0.0,0.0,26,19,61.92192459106445
70,30,1045497,1383646,20,15,30.933855056762695,32.77756881713867,61.92192459106445,0.0,0.0,26,19,63.448307037353516
70,30,1045229,1383632,20,15,30.807947158813477,32.77756881713867,63.448307037353516,0.0,0.0,26,20,64.73168182373047
70,30,1045338,1383790,20,15,30.70043182373047,32.77756881713867,64.73168182373047,0.0,0.0,26,20,65.771240234375
70,30,1045448,1384122,20,15,30.162885665893555,32.77756881713867,65.771240234375,0.0,0.0,26,20,66.55484771728516
70,30,1045558,1384038,20,15,30.193370819091797,32.94537353515625,66.55484771728516,0.0,0.0,26,20,66.88899993896484
70,30,1045668,1383775,20,15,30.323928833007812,33.16650390625,66.88899993896484,0.0,0.0,26,20,66.88899993896484
70,30,1045430,1383460,20,15,30.323928833007812,33.16650390625,66.88899993896484,0.0,0.0,26,20,66.88899993896484
70,30,1045191,1383144,20,15,30.323928833007812,33.5460205078125,66.88899993896484,0.0,0.0,26,20,67.1898193359375
70,30,1044923,1382907,20,15,30.276782989501953,33.5460205078125,67.1898193359375,0.0,0.0,26,20,67.51680755615234
70,30,1044685,1383505,20,15,29.56894874572754,32.2140998840332,67.51680755615234,0.0,0.0,26,21,65.00708770751953
70,30,1045491,1384287,20,15,28.853778839111328,32.2140998840332,65.00708770751953,0.0,0.0,26,21,63.95528793334961
70,30,1045938,1384862,20,15,28.41925621032715,32.597259521484375,63.95528793334961,0.0,0.0,26,22,63.95528793334961
70,30,1046018,1384507,20,15,28.41925621032715,33.28242111206055,63.95528793334961,0.0,0.0,26,22,64.56336212158203
70,30,1045779,1384309,20,15,28.486480712890625,33.28242111206055,64.56336212158203,0.0,0.0,26,22,64.57939910888672
70,30,1045541,1384222,20,15,28.418582916259766,32.084903717041016,64.57939910888672,0.0,0.0,26,22,63.63298797607422
70,30,1045621,1384148,20,15,28.52471923828125,32.084903717041016,63.63298797607422,0.0,0.0,26,22,62.79337692260742
70,30,1045383,1384231,20,15,28.781028747558594,32.084903717041016,62.79337692260742,0.0,0.0,26,22,62.81448745727539
70,30,1045800,1384075,20,15,29.286029815673828,31.68935775756836,62.81448745727539,0.0,0.0,26,22,64.20782470703125
70,30,1045561,1383884,20,15,29.867284774780273,31.68935775756836,64.20782470703125,0.0,0.0,26,22,65.34458923339844
70,30,1045324,1383866,20,15,30.14753532409668,31.68935775756836,65.34458923339844,0.0,0.0,26,22,66.65262603759766
70,30,1045433,1384391,20,15,29.930335998535156,31.68935775756836,66.65262603759766,0.0,0.0,26,22,67.32489776611328
70,30,1046237,1384973,20,15,29.39488983154297,32.10932540893555,67.32489776611328,0.0,0.0,26,22,67.32987976074219
70,30,1046317,1384668,20,15,29.641464233398438,33.1381950378418,67.32987976074219,0.0,0.0,26,22,67.33439636230469
70,30,1046079,1384357,20,15,30.12640953063965,33.1381950378418,67.33439636230469,0.0,0.0,26,21,67.62110137939453
70,30,1045812,1384359,20,15,30.13731575012207,33.507667541503906,67.62110137939453,0.0,0.0,26,21,68.10807800292969
70,30,1045951,1384554,20,15,30.117000579833984,33.507667541503906,68.10807800292969,0.0,0.0,26,21,68.50289154052734
70,30,1046060,1384833,20,15,29.765926361083984,33.507667541503906,68.50289154052734,0.0,0.0,26,21,68.67276000976562
70,30,1046139,1384835,20,15,29.77553367614746,33.691192626953125,68.67276000976562,0.0,0.0,26,22,68.82301330566406
70,30,1046219,1384763,20,15,29.635168075561523,33.78805160522461,68.82301330566406,0.0,0.0,26,22,68.95795440673828
70,30,1045981,1384452,20,15,29.92815399169922,34.09428405761719,68.95795440673828,0.0,0.0,26,21,69.19115447998047
70,30,1045744,1384495,20,15,29.850236892700195,34.09428405761719,69.19115447998047,0.0,0.0,26,21,69.38400268554688
70,30,1045853,1384712,20,15,29.89006233215332,34.09428405761719,69.38400268554688,0.0,0.0,26,21,69.66238403320312
70,30,1045962,1385216,20,15,29.88846778869629,34.09428405761719,69.66238403320312,0.0,0.0,26,22,69.7625732421875
70,30,1046071,1385182,20,15,30.030210494995117,34.2121696472168,69.7625732421875,0.0,0.0,26,22,69.84381103515625
70,30,1045834,1385148,20,15,29.981063842773438,34.2121696472168,69.84381103515625,0.0,0.0,26,22,69.8449478149414
70,30,1045914,1385021,20,15,29.79645347595215,34.347259521484375,69.8449478149414,0.0,0.0,26,22,69.84662628173828
70,30,1045677,1384933,20,15,29.63430404663086,34.656959533691406,69.84662628173828,0.0,0.0,26,22,69.84814453125
70,30,1045775,1384623,20,15,30.019607543945312,34.92572784423828,69.84814453125,0.0,0.0,26,21,69.91575622558594
70,30,1045508,1384528,20,15,30.38843536376953,34.92572784423828,69.91575622558594,0.0,0.0,26,20,69.94522857666016
70,30,1045617,1384502,20,15,30.279953002929688,34.92572784423828,69.94522857666016,0.0,0.0,26,20,69.99462890625
70,30,1045726,1384581,20,15,30.280948638916016,34.97321319580078,69.99462890625,0.0,0.0,26,21,68.17540740966797
70,30,1045806,1384624,20,15,30.522886276245117,33.42677307128906,68.17540740966797,0.0,0.0,26,21,63.6857795715332
70,30,1045569,1384768,20,15,30.519012451171875,33.42677307128906,63.6857795715332,0.0,0.0,26,21,64.92152404785156
70,30,1046013,1384875,20,15,30.644193649291992,33.84041213989258,64.92152404785156,0.0,0.0,26,21,66.34967041015625
70,30,1045776,1385033,20,15,30.6606388092041,33.84041213989258,66.34967041015625,0.0,0.0,26,21,66.34967041015625
70,30,1045855,1384681,20,15,30.6606388092041,34.15749740600586,66.34967041015625,0.0,0.0,26,21,66.34967041015625
70,30,1045619,1384368,20,15,30.6606388092041,34.43803787231445,66.34967041015625,0.0,0.0,26,21,66.73361206054688
70,30,1045353,1384133,20,15,30.63249397277832,34.43803787231445,66.73361206054688,0.0,0.0,26,21,67.07969665527344
70,30,1045117,1384391,20,15,30.14695167541504,33.120384216308594,67.07969665527344,0.0,0.0,26,21,65.80165100097656
70,30,1045571,1384758,20,15,29.68229866027832,33.120384216308594,65.80165100097656,0.0,0.0,26,21,64.65180969238281
70,30,1046013,1385252,20,15,29.179210662841797,33.521339416503906,64.65180969238281,0.0,0.0,26,22,64.65232849121094
70,30,1046122,1384943,20,15,29.73933219909668,33.83430099487305,64.65232849121094,0.0,0.0,26,21,66.15473175048828
70,30,1045856,1385057,20,15,29.844188690185547,33.83430099487305,66.15473175048828,0.0,0.0,26,21,66.55960845947266
70,30,1045994,1385140,20,15,30.069080352783203,33.83430099487305,66.55960845947266,0.0,0.0,26,21,67.54581451416016
70,30,1046073,1385333,20,15,30.13296890258789,34.172767639160156,67.54581451416016,0.0,0.0,26,21,67.81021118164062
70,30,1046182,1385024,20,15,30.424535751342773,34.496150970458984,67.81021118164062,0.0,0.0,26,21,68.0495376586914
70,30,1045946,1385065,20,15,30.302335739135742,34.62158966064453,68.0495376586914,0.0,0.0,26,21,68.26544189453125
70,30,1046025,1385180,20,15,30.242084503173828,34.62158966064453,68.26544189453125,0.0,0.0,26,21,68.26592254638672
70,30,1046133,1385037,20,15,30.077133178710938,33.74639129638672,68.26592254638672,0.0,0.0,26,21,68.2663803100586
70,30,1046242,1384854,20,15,30.059057235717773,34.1434440612793,68.2663803100586,0.0,0.0,26,21,68.45939636230469
70,30,1045977,1384731,20,15,30.54396629333496,34.588680267333984,68.45939636230469,0.0,0.0,26,21,68.6335220336914
70,30,1046085,1384698,20,15,30.386127471923828,34.640445709228516,68.6335220336914,0.0,0.0,26,21,68.7908706665039
70,30,1045849,1384433,20,15,30.824214935302734,34.640445709228516,68.7908706665039,0.0,0.0,26,20,69.05863189697266
70,30,1045947,1384286,20,15,31.123205184936523,34.96829605102539,69.05863189697266,0.0,0.0,26,20,69.17350006103516
70,30,1045682,1384273,20,15,31.033920288085938,34.96829605102539,69.17350006103516,0.0,0.0,26,20,69.36907958984375
70,30,1045790,1384428,20,15,30.73036003112793,34.96829605102539,69.36907958984375,0.0,0.0,26,21,69.52778625488281
70,30,1045869,1384776,20,15,30.308164596557617,34.96829605102539,69.52778625488281,0.0,0.0,26,21,69.52831268310547
70,30,1046007,1384725,20,15,30.340734481811523,35.20838928222656,69.52831268310547,0.0,0.0,26,21,67.63987731933594
70,30,1046086,1384491,20,15,30.3034725189209,35.45345687866211,67.63987731933594,0.0,0.0,26,21,67.63987731933594
70,30,1045850,1384179,20,15,30.3034725189209,35.45345687866211,67.63987731933594,0.0,0.0,26,21,67.640380859375
70,30,1045615,1384093,20,15,30.111303329467773,35.71857833862305,67.640380859375,0.0,0.0,26,21,67.89562225341797
70,30,1045723,1384059,20,15,30.035341262817383,35.71857833862305,67.89562225341797,0.0,0.0,26,21,68.12567901611328
70,30,1045488,1384141,20,15,30.061969757080078,34.092010498046875,68.12567901611328,0.0,0.0,26,22,68.33440399169922
70,30,1045929,1384082,20,15,30.365385055541992,34.39404296875,68.33440399169922,0.0,0.0,26,22,68.6910171508789
70,30,1045694,1384197,20,15,30.743589401245117,34.39404296875,68.6910171508789,0.0,0.0,26,22,68.97966003417969
70,30,1046145,1384436,20,15,30.44370460510254,34.4044303894043,68.97966003417969,0.0,0.0,26,22,68.97966003417969
70,30,1046253,1384125,20,15,30.44370460510254,34.439109802246094,68.97966003417969,0.0,0.0,26,22,68.97966003417969
70,30,1046018,1383814,20,15,30.44370460510254,34.7207145690918,68.97966003417969,0.0,0.0,26,22,69.10133361816406
70,30,1045754,1383581,20,15,30.39757537841797,34.7207145690918,69.10133361816406,0.0,0.0,26,22,69.100830078125
70,30,1045519,1383570,20,15,30.130516052246094,34.7207145690918,69.100830078125,0.0,0.0,26,22,69.20939636230469
70,30,1045285,1384158,20,15,29.475994110107422,33.19317626953125,69.20939636230469,0.0,0.0,26,22,65.86700439453125
70,30,1046078,1384927,20,15,28.830690383911133,33.19317626953125,65.86700439453125,0.0,0.0,26,22,64.44210052490234
70,30,1046517,1385193,20,15,28.532625198364258,33.993831634521484,64.44210052490234,0.0,0.0,26,23,65.01729583740234
70,30,1046253,1384869,20,15,28.785900115966797,33.993831634521484,65.01729583740234,0.0,0.0,26,23,65.5350570678711
70,30,1046361,1384584,20,15,29.039154052734375,33.999698638916016,65.5350570678711,0.0,0.0,26,23,66.421630859375
70,30,1046097,1384535,20,15,29.353933334350586,33.999698638916016,66.421630859375,0.0,0.0,26,22,67.14075469970703
70,30,1046234,1384737,20,15,29.570592880249023,33.999698638916016,67.14075469970703,0.0,0.0,26,21,67.44732666015625
70,30,1046342,1384963,20,15,29.201231002807617,34.41196823120117,67.44732666015625,0.0,0.0,26,22,67.97042083740234
70,30,1046420,1384730,20,15,29.476316452026367,34.41196823120117,67.97042083740234,0.0,0.0,26,21,68.19640350341797
70,30,1046186,1384826,20,15,29.53685188293457,34.41196823120117,68.19640350341797,0.0,0.0,26,21,65.30219268798828
70,30,1046254,1385056,20,15,29.464988708496094,32.93632125854492,65.30219268798828,0.0,0.0,26,22,65.79176330566406
70,30,1046390,1385060,20,15,29.717937469482422,33.420536041259766,65.79176330566406,0.0,0.0,26,22,64.54353332519531
70,30,1046498,1385107,20,15,29.72905158996582,33.82941818237305,64.54353332519531,0.0,0.0,26,22,62.408756256103516
70,30,1046576,1385233,20,15,29.721033096313477,33.82941818237305,62.408756256103516,0.0,0.0,26,22,61.4996337890625
70,30,1046684,1385258,20,15,29.8828125,34.16646194458008,61.4996337890625,0.0,0.0,26,22,62.37012481689453
70,30,1046780,1385138,20,15,29.987178802490234,34.60436248779297,62.37012481689453,0.0,0.0,26,22,62.37141799926758
70,30,1046517,1384905,20,15,29.985239028930664,34.60436248779297,62.37141799926758,0.0,0.0,26,22,63.15284729003906
70,30,1046283,1384819,20,15,29.7684383392334,34.60436248779297,63.15284729003906,0.0,0.0,26,22,63.85729217529297
70,30,1046391,1384785,20,15,29.919269561767578,34.94911193847656,63.85729217529297,0.0,0.0,26,22,65.06108093261719
70,30,1046157,1384866,20,15,29.916532516479492,33.79987716674805,65.06108093261719,0.0,0.0,26,22,64.04112243652344
