timestamp,rnti,phr,dl_tbs,ul_tbs,dl_aggr_prb,wb_cqi,pusch_snr,pucch_snr,ul_rssi,dl_bler,ul_bler,dl_mcs,ul_mcs,target_future_rssi
1764717457715135.0,72,30,521156,754260,11,15,29.626617431640625,32.95301818847656,63.95907974243164,0.0,0.0,26,21,63.959537506103516
1764717457725130.0,72,30,521181,754255,11,15,29.649259567260742,33.3966178894043,63.959537506103516,0.0,0.0,26,21,64.5922622680664
1764717457735138.0,72,30,521168,754262,11,15,29.88998031616211,33.3966178894043,64.5922622680664,0.0,0.0,26,20,65.16141510009766
1764717457745156.0,72,30,521192,754272,11,15,29.68988609313965,33.794044494628906,65.16141510009766,0.0,0.0,26,20,65.6745376586914
1764717457755140.0,72,30,521179,754260,11,15,30.14611053466797,33.794044494628906,65.6745376586914,0.0,0.0,26,20,63.191837310791016
1764717457765130.0,72,30,521201,754259,11,15,30.408517837524414,32.15453338623047,63.191837310791016,0.0,0.0,26,19,62.1330680847168
1764717457775131.0,72,30,521188,754292,11,15,30.081296920776367,32.15453338623047,62.1330680847168,0.0,0.0,26,20,60.32258224487305
1764717457785137.0,72,30,521213,754357,11,15,29.754119873046875,32.15453338623047,60.32258224487305,0.0,0.0,26,19,59.55046463012695
1764717457795146.0,72,30,521237,754377,11,15,29.7520751953125,32.15620040893555,59.55046463012695,0.0,0.0,26,20,60.6234016418457
1764717457805143.0,72,30,521301,754387,11,15,29.576824188232422,32.66881561279297,60.6234016418457,0.0,0.0,26,20,61.5892448425293
1764717457815131.0,72,30,521287,754377,11,15,30.04526710510254,33.212005615234375,61.5892448425293,0.0,0.0,26,19,62.458518981933594
1764717457825133.0,72,30,521310,754370,11,15,30.440502166748047,33.611236572265625,62.458518981933594,0.0,0.0,26,19,61.670692443847656
1764717457835139.0,72,30,521297,754399,11,15,30.111576080322266,32.29243087768555,61.670692443847656,0.0,0.0,26,19,60.96164321899414
1764717457845139.0,72,30,521284,754431,11,15,29.8051815032959,32.29243087768555,60.96164321899414,0.0,0.0,26,20,60.32367706298828
1764717457855130.0,72,30,521347,754468,11,15,29.5625057220459,32.29243087768555,60.32367706298828,0.0,0.0,26,20,60.32367706298828
1764717457865182.0,72,30,521371,754447,11,15,29.5625057220459,32.89057922363281,60.32367706298828,0.0,0.0,26,20,61.319419860839844
1764717457875722.0,72,30,521356,754439,11,15,29.5394344329834,32.89057922363281,61.319419860839844,0.0,0.0,26,20,61.31981658935547
1764717457885145.0,72,30,521343,754445,11,15,29.416791915893555,31.183561325073242,61.31981658935547,0.0,0.0,26,20,60.16368103027344
1764717457895143.0,72,30,521368,754457,11,15,29.420223236083984,31.183561325073242,60.16368103027344,0.0,0.0,26,21,59.12352752685547
1764717457905135.0,72,30,521355,754482,11,15,29.534263610839844,30.08672332763672,59.12352752685547,0.0,0.0,26,21,58.18340301513672
1764717457915150.0,72,30,521418,754530,11,15,29.43674659729004,30.08672332763672,58.18340301513672,0.0,0.0,26,21,57.4222297668457
1764717457925138.0,72,30,521443,754604,11,15,29.41349983215332,30.08672332763672,57.4222297668457,0.0,0.0,26,22,57.09758758544922
1764717457935149.0,72,30,521505,754632,11,15,29.2041072845459,30.796728134155273,57.09758758544922,0.0,0.0,26,22,58.415279388427734
1764717457945139.0,72,30,521492,754626,11,15,29.218172073364258,30.796728134155273,58.415279388427734,0.0,0.0,26,22,58.41499710083008
1764717457955140.0,72,30,521477,754630,11,15,29.089366912841797,29.812829971313477,58.41499710083008,0.0,0.0,26,22,58.02088928222656
1764717457965142.0,72,30,521503,754642,11,15,29.120948791503906,29.812829971313477,58.02088928222656,0.0,0.0,26,22,57.666473388671875
1764717457975134.0,72,30,521490,754667,11,15,29.2817440032959,29.812829971313477,57.666473388671875,0.0,0.0,26,22,56.3735466003418
1764717457985143.0,72,30,521550,754713,11,15,29.221792221069336,28.54740333557129,56.3735466003418,0.0,0.0,26,22,55.326595306396484
1764717457995133.0,72,30,521577,754788,11,15,29.171079635620117,28.54740333557129,55.326595306396484,0.0,0.0,26,22,54.88014221191406
1764717458005161.0,72,30,521639,754817,11,15,28.96741485595703,29.415966033935547,54.88014221191406,0.0,0.0,26,23,56.420223236083984
1764717458015147.0,72,30,521626,754811,11,15,29.028635025024414,29.415966033935547,56.420223236083984,0.0,0.0,26,23,56.421173095703125
1764717458025146.0,72,30,521611,754815,11,15,28.94308090209961,28.451948165893555,56.421173095703125,0.0,0.0,26,23,56.20275115966797
1764717458035136.0,72,30,521637,754827,11,15,28.961416244506836,28.451948165893555,56.20275115966797,0.0,0.0,26,23,56.00693893432617
1764717458045133.0,72,30,521622,754850,11,15,29.114635467529297,28.451948165893555,56.00693893432617,0.0,0.0,26,23,55.09942626953125
1764717458055138.0,72,30,521684,754897,11,15,29.113006591796875,27.278833389282227,55.09942626953125,0.0,0.0,26,23,54.36494445800781
1764717458065143.0,72,30,521710,754971,11,15,29.111831665039062,27.278833389282227,54.36494445800781,0.0,0.0,26,23,55.95791244506836
1764717458075139.0,72,30,521733,754981,11,15,29.27713966369629,29.182981491088867,55.95791244506836,0.0,0.0,26,23,55.95838928222656
1764717458085125.0,72,30,521759,754981,11,15,29.15949821472168,29.991928100585938,55.95838928222656,0.0,0.0,26,22,55.9588508605957
1764717458095144.0,72,30,521744,754972,11,15,29.20113754272461,29.991928100585938,55.9588508605957,0.0,0.0,26,22,57.390846252441406
1764717458105147.0,72,30,521731,754978,11,15,29.111724853515625,30.69330596923828,57.390846252441406,0.0,0.0,26,22,58.67905044555664
1764717458115129.0,72,30,521756,754990,11,15,29.183069229125977,30.69330596923828,58.67905044555664,0.0,0.0,26,22,60.88237762451172
1764717458125164.0,72,30,521741,755013,11,15,29.366161346435547,30.69330596923828,60.88237762451172,0.0,0.0,26,23,61.82194519042969
1764717458135130.0,72,30,521805,755019,11,15,29.265832901000977,31.35955810546875,61.82194519042969,0.0,0.0,26,23,62.668304443359375
1764717458145165.0,72,30,521790,755005,11,15,29.764434814453125,29.9632511138916,62.668304443359375,0.0,0.0,26,22,60.757320404052734
1764717458155133.0,72,30,521777,755006,11,15,30.09556007385254,29.9632511138916,60.757320404052734,0.0,0.0,26,21,59.208641052246094
1764717458165154.0,72,30,521802,755086,11,15,29.500381469726562,29.9632511138916,59.208641052246094,0.0,0.0,26,21,57.95420837402344
1764717458175139.0,72,30,521904,755169,11,15,29.0343074798584,29.923831939697266,57.95420837402344,0.0,0.0,26,22,57.4197998046875
1764717458185146.0,72,30,521930,755157,11,15,29.148496627807617,29.931251525878906,57.4197998046875,0.0,0.0,26,22,56.938777923583984
1764717458195141.0,72,30,521916,755138,11,15,29.476675033569336,30.748207092285156,56.938777923583984,0.0,0.0,26,21,58.27309036254883
1764717458205139.0,72,30,521902,755157,11,15,29.413394927978516,30.748207092285156,58.27309036254883,0.0,0.0,26,21,59.47404861450195
1764717458215144.0,72,30,521927,755190,11,15,29.51736831665039,30.748207092285156,59.47404861450195,0.0,0.0,26,22,58.54458999633789
1764717458225136.0,72,30,521951,755242,11,15,29.393217086791992,29.707365036010742,58.54458999633789,0.0,0.0,26,22,58.544708251953125
1764717458235133.0,72,30,522015,755242,11,15,29.32171058654785,30.487606048583984,58.544708251953125,0.0,0.0,26,22,58.544708251953125
1764717458245139.0,72,30,522002,755223,11,15,29.32171058654785,31.300493240356445,58.544708251953125,0.0,0.0,26,22,59.71839904785156
1764717458255149.0,72,30,521987,755215,11,15,29.279504776000977,31.300493240356445,59.71839904785156,0.0,0.0,26,22,60.77506637573242
1764717458265145.0,72,30,521974,755259,11,15,28.935976028442383,31.300493240356445,60.77506637573242,0.0,0.0,26,22,59.67394256591797
1764717458275134.0,72,30,522037,755316,11,15,28.741165161132812,29.74938201904297,59.67394256591797,0.0,0.0,26,22,58.682960510253906
1764717458285149.0,72,30,522098,755384,11,15,28.382862091064453,30.581928253173828,58.682960510253906,0.0,0.0,26,22,59.843048095703125
1764717458295135.0,72,30,522085,755377,11,15,28.422603607177734,31.331478118896484,59.843048095703125,0.0,0.0,26,22,60.88713836669922
1764717458305136.0,72,30,522072,755370,11,15,28.427175521850586,31.331478118896484,60.88713836669922,0.0,0.0,26,22,61.82697677612305
1764717458315131.0,72,30,522096,755356,11,15,29.00700569152832,31.375965118408203,61.82697677612305,0.0,0.0,26,22,62.672828674316406
1764717458325149.0,72,30,522082,755351,11,15,29.42354965209961,31.375965118408203,62.672828674316406,0.0,0.0,26,21,63.43409729003906
1764717458335131.0,72,30,522069,755371,11,15,29.307083129882812,31.375965118408203,63.43409729003906,0.0,0.0,26,21,65.2907943725586
1764717458345135.0,72,30,522093,755497,11,15,28.59343147277832,31.376564025878906,65.2907943725586,0.0,0.0,26,22,65.79031372070312
1764717458355138.0,72,30,522195,755540,11,15,28.331100463867188,32.04200744628906,65.79031372070312,0.0,0.0,26,22,65.79041290283203
1764717458365133.0,72,30,522182,755527,11,15,28.640840530395508,32.67900848388672,65.79041290283203,0.0,0.0,26,22,65.79051971435547
1764717458375143.0,72,30,522205,755511,11,15,28.94387435913086,33.1788330078125,65.79051971435547,0.0,0.0,26,21,66.23929595947266
1764717458385141.0,72,30,522192,755526,11,15,29.36668586730957,33.1788330078125,66.23929595947266,0.0,0.0,26,21,64.90798950195312
1764717458395146.0,72,30,522217,755540,11,15,29.231199264526367,31.709457397460938,64.90798950195312,0.0,0.0,26,21,63.71016311645508
1764717458405130.0,72,30,522204,755529,11,15,29.65154457092285,31.709457397460938,63.71016311645508,0.0,0.0,26,20,61.6614990234375
1764717458415156.0,72,30,522230,755529,11,15,30.142539978027344,31.709457397460938,61.6614990234375,0.0,0.0,26,20,60.788665771484375
1764717458425147.0,72,30,522215,755595,11,15,29.60871696472168,31.709457397460938,60.788665771484375,0.0,0.0,26,20,60.002777099609375
1764717458435145.0,72,30,522278,755641,11,15,29.219581604003906,32.247737884521484,60.002777099609375,0.0,0.0,26,20,61.030826568603516
1764717458445144.0,72,30,522302,755623,11,15,29.43412208557129,32.328651428222656,61.030826568603516,0.0,0.0,26,21,61.95608901977539
1764717458455139.0,72,30,522289,755604,11,15,29.737293243408203,32.328651428222656,61.95608901977539,0.0,0.0,26,20,62.78896713256836
1764717458465142.0,72,30,522274,755623,11,15,29.500564575195312,32.841957092285156,62.78896713256836,0.0,0.0,26,20,63.53878402709961
1764717458475135.0,72,30,522299,755656,11,15,29.38164710998535,32.841957092285156,63.53878402709961,0.0,0.0,26,21,64.82054138183594
1764717458485144.0,72,30,522323,755707,11,15,29.320533752441406,32.782474517822266,64.82054138183594,0.0,0.0,26,21,64.81983947753906
1764717458495140.0,72,30,522348,755721,11,15,29.18330955505371,33.28241729736328,64.81983947753906,0.0,0.0,26,21,65.36551666259766
1764717458505129.0,72,30,522373,755742,11,15,29.144357681274414,33.71980667114258,65.36551666259766,0.0,0.0,26,21,65.85720825195312
1764717458515144.0,72,30,522359,755743,11,15,28.99968910217285,34.08084487915039,65.85720825195312,0.0,0.0,26,21,66.29972839355469
1764717458525148.0,72,30,522384,755745,11,15,28.867650985717773,34.088680267333984,66.29972839355469,0.0,0.0,26,21,66.6976318359375
1764717458535138.0,72,30,522369,755739,11,15,29.219703674316406,34.34389114379883,66.6976318359375,0.0,0.0,26,21,67.0557632446289
1764717458545154.0,72,30,522394,755740,11,15,29.481231689453125,34.67319869995117,67.0557632446289,0.0,0.0,26,20,67.37770080566406
1764717458555167.0,72,30,522380,755764,11,15,29.283830642700195,34.67319869995117,67.37770080566406,0.0,0.0,26,21,67.66710662841797
1764717458565136.0,72,30,522405,755804,11,15,29.291532516479492,34.67319869995117,67.66710662841797,0.0,0.0,26,21,67.92790222167969
1764717458575134.0,72,30,522467,755841,11,15,28.988325119018555,34.64257049560547,67.92790222167969,0.0,0.0,26,21,67.92790222167969
1764717458585150.0,72,30,522454,755822,11,15,28.988325119018555,34.98837661743164,67.92790222167969,0.0,0.0,26,21,68.16314697265625
1764717458595128.0,72,30,522441,755816,11,15,28.970979690551758,34.98837661743164,68.16314697265625,0.0,0.0,26,21,68.3750228881836
1764717458605361.0,72,30,522426,755858,11,15,28.66903305053711,33.5334358215332,68.3750228881836,0.0,0.0,26,22,66.99593353271484
1764717458615137.0,72,30,522489,755915,11,15,28.511030197143555,33.5334358215332,66.99593353271484,0.0,0.0,26,22,65.75479125976562
1764717458625150.0,72,30,522552,755986,11,15,28.201251983642578,34.40419006347656,65.75479125976562,0.0,0.0,26,22,66.20742797851562
1764717458635132.0,72,30,522539,755978,11,15,28.250286102294922,34.45024108886719,66.20742797851562,0.0,0.0,26,22,66.61480712890625
1764717458645137.0,72,30,522561,755969,11,15,28.30002784729004,34.76128387451172,66.61480712890625,0.0,0.0,26,22,67.31111145019531
1764717458655141.0,72,30,522548,755979,11,15,28.657901763916016,34.76128387451172,67.31111145019531,0.0,0.0,26,21,67.60843658447266
1764717458665151.0,72,30,522571,756005,11,15,28.90167236328125,34.76128387451172,67.60843658447266,0.0,0.0,26,22,68.11629486083984
1764717458675134.0,72,30,522597,756054,11,15,28.84100914001465,34.78840255737305,68.11629486083984,0.0,0.0,26,22,68.117431640625
1764717458685183.0,72,30,522620,756066,11,15,28.950939178466797,35.086944580078125,68.117431640625,0.0,0.0,26,21,68.33450317382812
1764717458695135.0,72,30,522645,756087,11,15,29.220651626586914,35.34159851074219,68.33450317382812,0.0,0.0,26,21,68.52876281738281
1764717458705131.0,72,30,522632,756102,11,15,29.058549880981445,35.601661682128906,68.52876281738281,0.0,0.0,26,22,68.70360565185547
1764717458715138.0,72,30,522656,756114,11,15,28.903404235839844,35.53911209106445,68.70360565185547,0.0,0.0,26,22,67.28081512451172
1764717458725219.0,72,30,522643,756102,11,15,29.545820236206055,34.080745697021484,67.28081512451172,0.0,0.0,26,21,64.84778594970703
1764717458735147.0,72,30,522668,756103,11,15,29.91924476623535,34.080745697021484,64.84778594970703,0.0,0.0,26,20,63.81061553955078
1764717458745140.0,72,30,522653,756167,11,15,29.400245666503906,34.080745697021484,63.81061553955078,0.0,0.0,26,21,62.036865234375
1764717458755133.0,72,30,522678,756213,11,15,29.351587295532227,34.080745697021484,62.036865234375,0.0,0.0,26,21,62.86117935180664
1764717458765152.0,72,30,522742,756236,11,15,29.25615692138672,34.42235565185547,62.86117935180664,0.0,0.0,26,21,63.60335922241211
1764717458775132.0,72,30,522766,756243,11,15,29.110158920288086,34.708126068115234,63.60335922241211,0.0,0.0,26,21,64.27132415771484
1764717458785167.0,72,30,522752,756225,11,15,29.441144943237305,34.708126068115234,64.27132415771484,0.0,0.0,26,21,64.87091064453125
1764717458795374.0,72,30,522738,756244,11,15,29.23691177368164,34.96810531616211,64.87091064453125,0.0,0.0,26,21,65.40990447998047
1764717458805146.0,72,30,522763,756277,11,15,29.25755500793457,34.96810531616211,65.40990447998047,0.0,0.0,26,21,65.89512634277344
1764717458815124.0,72,30,522788,756323,11,15,29.136524200439453,34.96810531616211,65.89512634277344,0.0,0.0,26,21,66.33240509033203
1764717458825130.0,72,30,522813,756328,11,15,29.290184020996094,35.234527587890625,66.33240509033203,0.0,0.0,26,21,66.7263412475586
1764717458835138.0,72,30,522799,756347,11,15,29.209609985351562,35.234527587890625,66.7263412475586,0.0,0.0,26,21,66.72605895996094
1764717458845137.0,72,30,522824,756344,11,15,29.157503128051758,35.64283752441406,66.72605895996094,0.0,0.0,26,21,67.08119201660156
1764717458855142.0,72,30,522809,756344,11,15,29.042367935180664,35.64283752441406,67.08119201660156,0.0,0.0,26,21,67.40081024169922
1764717458865191.0,72,30,522834,756347,11,15,28.95085906982422,34.0826416015625,67.40081024169922,0.0,0.0,26,21,66.15745544433594
1764717458875137.0,72,30,522821,756335,11,15,29.536155700683594,34.0826416015625,66.15745544433594,0.0,0.0,26,21,64.03108978271484
1764717458885130.0,72,30,522806,756334,11,15,29.894746780395508,34.0826416015625,64.03108978271484,0.0,0.0,26,20,62.308929443359375
1764717458895136.0,72,30,522831,756414,11,15,29.3749942779541,34.0826416015625,62.308929443359375,0.0,0.0,26,21,60.91398239135742
1764717458905144.0,72,30,522933,756513,11,15,28.739896774291992,34.053260803222656,60.91398239135742,0.0,0.0,26,21,60.31903076171875
1764717458915137.0,72,30,522958,756497,11,15,29.00418472290039,34.36514663696289,60.31903076171875,0.0,0.0,26,21,62.21149444580078
1764717458925145.0,72,30,522944,756489,11,15,29.411392211914062,34.36514663696289,62.21149444580078,0.0,0.0,26,21,63.01819610595703
1764717458935135.0,72,30,522931,756515,11,15,29.550203323364258,34.36514663696289,63.01819610595703,0.0,0.0,26,21,61.457210540771484
1764717458945132.0,72,30,522956,756563,11,15,29.518634796142578,32.989990234375,61.457210540771484,0.0,0.0,26,21,60.79179382324219
1764717458955270.0,72,30,523018,756616,11,15,29.188682556152344,33.436832427978516,60.79179382324219,0.0,0.0,26,21,61.74032974243164
1764717458965149.0,72,30,523005,756613,11,15,29.13152503967285,33.90321731567383,61.74032974243164,0.0,0.0,26,22,62.59402084350586
1764717458975144.0,72,30,523029,756607,11,15,29.06830596923828,33.88055419921875,62.59402084350586,0.0,0.0,26,22,63.363948822021484
1764717458985137.0,72,30,523016,756610,11,15,29.277311325073242,33.88055419921875,63.363948822021484,0.0,0.0,26,21,64.05630493164062
1764717458995133.0,72,30,523039,756623,11,15,29.191072463989258,34.24059295654297,64.05630493164062,0.0,0.0,26,21,64.6794204711914
1764717459005142.0,72,30,523026,756644,11,15,29.020353317260742,34.24059295654297,64.6794204711914,0.0,0.0,26,21,64.6807632446289
1764717459015135.0,72,30,523087,756658,11,15,29.20460319519043,34.97297286987305,64.6807632446289,0.0,0.0,26,21,64.68009185791016
1764717459025144.0,72,30,523074,756652,11,15,29.26465606689453,34.97297286987305,64.68009185791016,0.0,0.0,26,21,65.23973846435547
1764717459035139.0,72,30,523097,756645,11,15,29.544261932373047,34.97297286987305,65.23973846435547,0.0,0.0,26,21,65.74293518066406
1764717459045126.0,72,30,523084,756654,11,15,29.98240852355957,34.97297286987305,65.74293518066406,0.0,0.0,26,22,66.60432434082031
1764717459055140.0,72,30,523109,756693,11,15,29.990257263183594,34.97297286987305,66.60432434082031,0.0,0.0,26,22,64.2447509765625
1764717459065149.0,72,30,523133,756757,11,15,29.88446617126465,33.52924346923828,64.2447509765625,0.0,0.0,26,22,63.23845291137695
1764717459075153.0,72,30,523196,756777,11,15,29.766508102416992,33.569801330566406,63.23845291137695,0.0,0.0,26,22,63.23845291137695
1764717459085130.0,72,30,523183,756758,11,15,29.766508102416992,34.007896423339844,63.23845291137695,0.0,0.0,26,22,63.942100524902344
1764717459095131.0,72,30,523168,756750,11,15,29.766029357910156,34.007896423339844,63.942100524902344,0.0,0.0,26,22,64.57553100585938
1764717459105133.0,72,30,523155,756794,11,15,29.387897491455078,32.705684661865234,64.57553100585938,0.0,0.0,26,22,63.565757751464844
1764717459115139.0,72,30,523217,756849,11,15,29.081872940063477,32.70277786254883,63.565757751464844,0.0,0.0,26,22,62.656986236572266
1764717459125136.0,72,30,523279,756919,11,15,28.666391372680664,33.20294952392578,62.656986236572266,0.0,0.0,26,22,63.4194221496582
1764717459135163.0,72,30,523265,756910,11,15,28.729684829711914,33.727012634277344,63.4194221496582,0.0,0.0,26,22,64.10563659667969
1764717459145153.0,72,30,523290,756902,11,15,28.7989501953125,33.69163131713867,64.10563659667969,0.0,0.0,26,22,65.27811431884766
1764717459155140.0,72,30,523275,756906,11,15,29.23911476135254,33.69163131713867,65.27811431884766,0.0,0.0,26,22,66.22774505615234
1764717459165142.0,72,30,523300,756924,11,15,29.46440887451172,33.71050262451172,66.22774505615234,0.0,0.0,26,21,66.63296508789062
1764717459175290.0,72,30,523324,756917,11,15,29.42591094970703,34.057498931884766,66.63296508789062,0.0,0.0,26,21,66.99633026123047
1764717459185133.0,72,30,523311,756924,11,15,29.555736541748047,34.057498931884766,66.99633026123047,0.0,0.0,26,21,66.99580383300781
1764717459195141.0,72,30,523336,756936,11,15,29.402664184570312,34.40635681152344,66.99580383300781,0.0,0.0,26,21,67.32383728027344
1764717459205142.0,72,30,523321,756920,11,15,30.082956314086914,34.74026107788086,67.32383728027344,0.0,0.0,26,20,67.61907196044922
1764717459215127.0,72,30,523308,756913,11,15,30.556995391845703,34.74026107788086,67.61907196044922,0.0,0.0,26,20,67.8844223022461
1764717459225134.0,72,30,523332,756940,11,15,30.295379638671875,35.010929107666016,67.8844223022461,0.0,0.0,26,20,68.33839416503906
1764717459235138.0,72,30,523355,756977,11,15,30.051864624023438,35.010929107666016,68.33839416503906,0.0,0.0,26,20,68.53181457519531
1764717459245154.0,72,30,523419,757017,11,15,29.67011070251465,35.266937255859375,68.53181457519531,0.0,0.0,26,21,68.53181457519531
1764717459255135.0,72,30,523406,756998,11,15,29.67011070251465,35.4407958984375,68.53181457519531,0.0,0.0,26,21,68.70568084716797
1764717459265139.0,72,30,523391,756989,11,15,29.628564834594727,35.4407958984375,68.70568084716797,0.0,0.0,26,21,68.86239624023438
1764717459275150.0,72,30,523378,757034,11,15,29.242198944091797,33.854644775390625,68.86239624023438,0.0,0.0,26,21,67.37401580810547
1764717459285135.0,72,30,523441,757090,11,15,28.95450210571289,33.854644775390625,67.37401580810547,0.0,0.0,26,21,66.03450012207031
1764717459295132.0,72,30,523502,757158,11,15,28.596277236938477,34.52239227294922,66.03450012207031,0.0,0.0,26,22,66.45902252197266
1764717459305136.0,72,30,523489,757151,11,15,28.615015029907227,34.47282791137695,66.45902252197266,0.0,0.0,26,22,66.84110260009766
1764717459315141.0,72,30,523514,757144,11,15,28.674293518066406,34.4379768371582,66.84110260009766,0.0,0.0,26,22,67.18627166748047
1764717459325139.0,72,30,523499,757130,11,15,29.290084838867188,34.4379768371582,67.18627166748047,0.0,0.0,26,21,67.77547454833984
1764717459335128.0,72,30,523486,757131,11,15,29.830698013305664,34.4379768371582,67.77547454833984,0.0,0.0,26,20,68.2537841796875
1764717459345138.0,72,30,523509,757223,11,15,29.196212768554688,34.52165222167969,68.2537841796875,0.0,0.0,26,21,68.6393814086914
1764717459355144.0,72,30,523611,757333,11,15,28.591724395751953,34.804813385009766,68.6393814086914,0.0,0.0,26,21,68.63929748535156
1764717459365149.0,72,30,523598,757319,11,15,28.90447998046875,34.804813385009766,68.63929748535156,0.0,0.0,26,21,68.63922882080078
1764717459375161.0,72,30,523622,757303,11,15,29.13663101196289,35.3315315246582,68.63922882080078,0.0,0.0,26,21,68.80255126953125
1764717459385214.0,72,30,523608,757318,11,15,29.594831466674805,35.3315315246582,68.80255126953125,0.0,0.0,26,21,68.95063018798828
1764717459395133.0,72,30,523634,757333,11,15,29.449779510498047,35.667701721191406,68.95063018798828,0.0,0.0,26,21,69.0846176147461
1764717459405163.0,72,30,523620,757316,11,15,30.048511505126953,35.667701721191406,69.0846176147461,0.0,0.0,26,20,69.2052001953125
1764717459415154.0,72,30,523607,757307,11,15,30.490074157714844,35.667701721191406,69.2052001953125,0.0,0.0,26,20,69.49832153320312
1764717459425150.0,72,30,523631,757321,11,15,30.649120330810547,35.667701721191406,69.49832153320312,0.0,0.0,26,19,69.57801055908203
1764717459435129.0,72,30,523618,757371,11,15,30.37830924987793,35.667701721191406,69.57801055908203,0.0,0.0,26,20,69.71337890625
1764717459445141.0,72,30,523680,757436,11,15,29.969707489013672,35.90865707397461,69.71337890625,0.0,0.0,26,21,69.71394348144531
1764717459455138.0,72,30,523742,757417,11,15,30.195831298828125,36.001888275146484,69.71394348144531,0.0,0.0,26,20,69.71394348144531
1764717459465134.0,72,30,523729,757398,11,15,30.195831298828125,36.1905403137207,69.71394348144531,0.0,0.0,26,20,69.7705307006836
1764717459475520.0,72,30,523714,757389,11,15,30.163177490234375,36.1905403137207,69.7705307006836,0.0,0.0,26,21,69.82196807861328
1764717459485138.0,72,30,523701,757434,11,15,29.74533462524414,36.1905403137207,69.82196807861328,0.0,0.0,26,21,68.2872543334961
1764717459495136.0,72,30,523726,757479,11,15,29.35401725769043,34.66698455810547,68.2872543334961,0.0,0.0,26,21,66.9057846069336
1764717459505149.0,72,30,523788,757536,11,15,29.04315948486328,34.66698455810547,66.9057846069336,0.0,0.0,26,21,66.90557861328125
1764717459515150.0,72,30,523811,757539,11,15,28.941009521484375,35.307350158691406,66.90557861328125,0.0,0.0,26,21,67.24352264404297
1764717459525128.0,72,30,523798,757532,11,15,28.983200073242188,35.307350158691406,67.24352264404297,0.0,0.0,26,21,67.82140350341797
1764717459535146.0,72,30,523822,757523,11,15,29.36176300048828,35.277584075927734,67.82140350341797,0.0,0.0,26,21,68.06647491455078
1764717459545131.0,72,30,523809,757511,11,15,29.851652145385742,35.277584075927734,68.06647491455078,0.0,0.0,26,20,68.28703308105469
1764717459555142.0,72,30,523796,757511,11,15,29.974138259887695,35.277584075927734,68.28703308105469,0.0,0.0,26,20,68.66333770751953
1764717459565128.0,72,30,523819,757637,11,15,29.14358901977539,35.277584075927734,68.66333770751953,0.0,0.0,26,21,68.96836853027344
1764717459575130.0,72,30,523921,757757,11,15,28.629484176635742,35.49361801147461,68.96836853027344,0.0,0.0,26,21,68.96781921386719
1764717459585135.0,72,30,523945,757757,11,15,28.64491844177246,35.916839599609375,68.96781921386719,0.0,0.0,26,21,68.96731567382812
1764717459595135.0,72,30,523968,757736,11,15,29.248668670654297,36.04532241821289,68.96731567382812,0.0,0.0,26,20,69.09869384765625
1764717459605138.0,72,30,523955,757750,11,15,29.104307174682617,36.04532241821289,69.09869384765625,0.0,0.0,26,21,69.21600341796875
1764717459615135.0,72,30,523942,757770,11,15,29.14360237121582,36.181270599365234,69.21600341796875,0.0,0.0,26,21,69.41659545898438
1764717459625136.0,72,30,524005,757823,11,15,29.06147003173828,36.181270599365234,69.41659545898438,0.0,0.0,26,21,69.5787124633789
1764717459635139.0,72,30,524029,757853,11,15,29.228981018066406,36.222042083740234,69.5787124633789,0.0,0.0,26,21,69.64765167236328
1764717459645144.0,72,30,524052,757863,11,15,29.09607696533203,36.1843376159668,69.64765167236328,0.0,0.0,26,21,69.70970153808594
1764717459655139.0,72,30,524039,757844,11,15,29.541582107543945,36.28583526611328,69.70970153808594,0.0,0.0,26,21,69.766357421875
1764717459665129.0,72,30,524026,757864,11,15,29.394145965576172,36.28583526611328,69.766357421875,0.0,0.0,26,21,69.8174057006836
1764717459675137.0,72,30,524049,757895,11,15,29.45263671875,36.28583526611328,69.8174057006836,0.0,0.0,26,21,68.09649658203125
1764717459685149.0,72,30,524073,757941,11,15,29.200525283813477,34.39658737182617,68.09649658203125,0.0,0.0,26,21,66.92010498046875
1764717459695146.0,72,30,524097,757950,11,15,29.38896942138672,34.70811080932617,66.92010498046875,0.0,0.0,26,22,66.92046356201172
1764717459705155.0,72,30,524122,757956,11,15,29.418598175048828,34.97584533691406,66.92046356201172,0.0,0.0,26,21,65.41603088378906
1764717459715135.0,72,30,524109,757950,11,15,29.40532684326172,34.97584533691406,65.41603088378906,0.0,0.0,26,21,65.41622161865234
1764717459725142.0,72,30,524094,757954,11,15,29.25327491760254,34.97584533691406,65.41622161865234,0.0,0.0,26,21,65.90279388427734
1764717459735143.0,72,30,524121,757968,11,15,29.317283630371094,35.288307189941406,65.90279388427734,0.0,0.0,26,22,66.3412094116211
1764717459745201.0,72,30,524106,757991,11,15,29.478282928466797,35.288307189941406,66.3412094116211,0.0,0.0,26,22,66.34207153320312
1764717459755147.0,72,30,524131,757993,11,15,29.764915466308594,34.12863540649414,66.34207153320312,0.0,0.0,26,22,67.08991241455078
1764717459765139.0,72,30,524155,758009,11,15,30.14495849609375,34.12863540649414,67.08991241455078,0.0,0.0,26,22,67.95389556884766
1764717459775141.0,72,30,524178,758068,11,15,30.12387466430664,34.12863540649414,67.95389556884766,0.0,0.0,26,22,67.95381927490234
1764717459785148.0,72,30,524242,758053,11,15,30.389047622680664,34.45005798339844,67.95381927490234,0.0,0.0,26,22,67.95381927490234
1764717459795341.0,72,30,524227,758032,11,15,30.389047622680664,34.45005798339844,67.95381927490234,0.0,0.0,26,22,67.95381927490234
1764717459805145.0,72,30,524214,758013,11,15,30.389047622680664,34.815250396728516,67.95381927490234,0.0,0.0,26,22,68.18603515625
1764717459815147.0,72,30,524201,758007,11,15,30.356157302856445,34.815250396728516,68.18603515625,0.0,0.0,26,22,68.39486694335938
1764717459825190.0,72,30,524186,758086,11,15,29.686626434326172,33.386714935302734,68.39486694335938,0.0,0.0,26,22,65.69456481933594
1764717459835135.0,72,30,524288,758187,11,15,29.038694381713867,33.386714935302734,65.69456481933594,0.0,0.0,26,22,65.69532012939453
1764717459845130.0,72,30,524348,758199,11,15,28.851045608520508,33.889461517333984,65.69532012939453,0.0,0.0,26,22,65.6955337524414
1764717459855142.0,72,30,524335,758181,11,15,29.45561408996582,34.291439056396484,65.6955337524414,0.0,0.0,26,22,66.56555938720703
1764717459865131.0,72,30,524322,758201,11,15,29.367380142211914,34.291439056396484,66.56555938720703,0.0,0.0,26,22,65.9910659790039
1764717459875138.0,72,30,524345,758244,11,15,29.669626235961914,32.957366943359375,65.9910659790039,0.0,0.0,26,22,62.87044906616211
1764717459885151.0,72,30,524370,758303,11,15,29.63490104675293,32.957366943359375,62.87044906616211,0.0,0.0,26,22,63.61100769042969
1764717459895128.0,72,30,524393,758321,11,15,29.500394821166992,33.45235061645508,63.61100769042969,0.0,0.0,26,22,63.61121368408203
1764717459905141.0,72,30,524418,758324,11,15,29.354957580566406,33.87423324584961,63.61121368408203,0.0,0.0,26,22,64.27774810791016
1764717459915132.0,72,30,524403,758318,11,15,29.38817596435547,33.87423324584961,64.27774810791016,0.0,0.0,26,22,64.878173828125
1764717459925140.0,72,30,524428,758315,11,15,29.365434646606445,34.22587203979492,64.878173828125,0.0,0.0,26,22,65.41899871826172
1764717459935138.0,72,30,524415,758303,11,15,29.772342681884766,34.22587203979492,65.41899871826172,0.0,0.0,26,21,66.34346008300781
1764717459945156.0,72,30,524402,758304,11,15,30.24208641052246,34.22587203979492,66.34346008300781,0.0,0.0,26,20,67.09259796142578
1764717459955217.0,72,30,524425,758381,11,15,29.973949432373047,34.22587203979492,67.09259796142578,0.0,0.0,26,21,67.69963836669922
1764717459965131.0,72,30,524488,758486,11,15,29.53615951538086,34.22587203979492,67.69963836669922,0.0,0.0,26,21,67.69879913330078
1764717459975141.0,72,30,524551,758500,11,15,29.34477424621582,34.89174270629883,67.69879913330078,0.0,0.0,26,21,67.69868469238281
1764717459985138.0,72,30,524537,758494,11,15,29.36209487915039,34.89174270629883,67.69868469238281,0.0,0.0,26,21,67.95713806152344
1764717459995144.0,72,30,524523,758498,11,15,29.222787857055664,34.89174270629883,67.95713806152344,0.0,0.0,26,21,68.18963623046875
1764717460005137.0,72,30,524549,758512,11,15,29.312349319458008,35.132835388183594,68.18963623046875,0.0,0.0,26,22,68.58672332763672
1764717460015150.0,72,30,524536,758537,11,15,29.37947654724121,35.132835388183594,68.58672332763672,0.0,0.0,26,22,68.75560760498047
1764717460025139.0,72,30,524598,758541,11,15,29.26832389831543,35.29423522949219,68.75560760498047,0.0,0.0,26,22,68.9088363647461
1764717460035147.0,72,30,524585,758533,11,15,29.54815101623535,35.29423522949219,68.9088363647461,0.0,0.0,26,21,69.16986846923828
1764717460045167.0,72,30,524608,758536,11,15,29.8365478515625,35.29423522949219,69.16986846923828,0.0,0.0,26,21,69.2825698852539
1764717460055154.0,72,30,524595,758560,11,15,29.85828399658203,35.29423522949219,69.2825698852539,0.0,0.0,26,21,69.3847885131836
1764717460065139.0,72,30,524620,758579,11,15,29.939952850341797,35.49303436279297,69.3847885131836,0.0,0.0,26,21,69.55391693115234
1764717460075139.0,72,30,524644,758614,11,15,30.23158836364746,35.49303436279297,69.55391693115234,0.0,0.0,26,21,69.69233703613281
1764717460085134.0,72,30,524667,758642,11,15,30.367401123046875,35.65787887573242,69.69233703613281,0.0,0.0,26,21,69.6916732788086
1764717460095139.0,72,30,524693,758641,11,15,30.291458129882812,36.04097366333008,69.6916732788086,0.0,0.0,26,21,69.69107055664062
1764717460105142.0,72,30,524678,758633,11,15,30.274242401123047,36.04097366333008,69.69107055664062,0.0,0.0,26,21,69.75047302246094
1764717460115130.0,72,30,524665,758639,11,15,30.08989906311035,36.246917724609375,69.75047302246094,0.0,0.0,26,21,69.80361938476562
1764717460125137.0,72,30,524690,758651,11,15,30.11361312866211,36.246917724609375,69.80361938476562,0.0,0.0,26,22,69.89458465576172
1764717460135136.0,72,30,524675,758673,11,15,30.064382553100586,34.66061782836914,69.89458465576172,0.0,0.0,26,22,68.36485290527344
1764717460145157.0,72,30,524738,758682,11,15,30.21735191345215,34.69575881958008,68.36485290527344,0.0,0.0,26,22,65.74903106689453
1764717460155157.0,72,30,524723,758702,11,15,30.452220916748047,34.69575881958008,65.74903106689453,0.0,0.0,26,22,62.7260856628418
1764717460165143.0,72,30,524787,758745,11,15,30.631675720214844,34.708717346191406,62.7260856628418,0.0,0.0,26,22,62.7260856628418
1764717460175135.0,72,30,524812,758726,11,15,30.631675720214844,34.95989990234375,62.7260856628418,0.0,0.0,26,22,62.7260856628418
1764717460185202.0,72,30,524797,758704,11,15,30.631675720214844,35.28053283691406,62.7260856628418,0.0,0.0,26,22,63.48176574707031
1764717460195342.0,72,30,524784,758698,11,15,30.608667373657227,35.28053283691406,63.48176574707031,0.0,0.0,26,22,64.1624984741211
1764717460205149.0,72,30,524769,758777,11,15,29.883155822753906,35.28053283691406,64.1624984741211,0.0,0.0,26,22,63.164649963378906
1764717460215150.0,72,30,524832,758853,11,15,29.280847549438477,33.80535888671875,63.164649963378906,0.0,0.0,26,22,61.45814514160156
1764717460225166.0,72,30,524894,758957,11,15,28.648889541625977,33.80535888671875,61.45814514160156,0.0,0.0,26,23,62.34031677246094
1764717460235134.0,72,30,524918,758939,11,15,28.920671463012695,34.54310989379883,62.34031677246094,0.0,0.0,26,23,63.13428497314453
1764717460245149.0,72,30,524905,758923,11,15,29.17430305480957,34.54310989379883,63.13428497314453,0.0,0.0,26,23,63.848880767822266
1764717460255146.0,72,30,524930,758904,11,15,29.54273223876953,34.53390121459961,63.848880767822266,0.0,0.0,26,22,65.0710678100586
1764717460265133.0,72,30,524917,758918,11,15,29.83431053161621,34.53390121459961,65.0710678100586,0.0,0.0,26,21,65.59258270263672
1764717460275165.0,72,30,524940,758983,11,15,29.584264755249023,34.53390121459961,65.59258270263672,0.0,0.0,26,22,66.4836654663086
1764717460285143.0,72,30,524965,759042,11,15,29.311460494995117,34.53390121459961,66.4836654663086,0.0,0.0,26,22,66.4836654663086
1764717460295147.0,72,30,525028,759023,11,15,29.311460494995117,34.859901428222656,66.4836654663086,0.0,0.0,26,22,66.4836654663086
1764717460305132.0,72,30,525014,759002,11,15,29.311460494995117,35.11982727050781,66.4836654663086,0.0,0.0,26,22,66.86412048339844
1764717460315131.0,72,30,525000,758996,11,15,29.298444747924805,35.11982727050781,66.86412048339844,0.0,0.0,26,22,67.20677185058594
1764717460325268.0,72,30,524987,759044,11,15,28.950979232788086,35.11982727050781,67.20677185058594,0.0,0.0,26,22,65.91019439697266
1764717460335130.0,72,30,525012,759122,11,15,28.50754165649414,33.5955696105957,65.91019439697266,0.0,0.0,26,22,63.69293212890625
1764717460345138.0,72,30,525111,759255,11,15,27.97054100036621,33.5955696105957,63.69293212890625,0.0,0.0,26,23,63.69293212890625
1764717460355127.0,72,30,525136,759236,11,15,27.97054100036621,34.36397933959961,63.69293212890625,0.0,0.0,26,23,64.3525161743164
1764717460365134.0,72,30,525123,759223,11,15,28.055025100708008,34.36397933959961,64.3525161743164,0.0,0.0,26,22,65.48009490966797
1764717460375166.0,72,30,525145,759209,11,15,28.474634170532227,34.67015075683594,65.48009490966797,0.0,0.0,26,22,66.39183044433594
1764717460385137.0,72,30,525132,759224,11,15,28.757291793823242,34.67015075683594,66.39183044433594,0.0,0.0,26,21,66.77886962890625
1764717460395135.0,72,30,525157,759257,11,15,28.762441635131836,34.67015075683594,66.77886962890625,0.0,0.0,26,21,67.44268798828125
1764717460405132.0,72,30,525182,759316,11,15,28.742212295532227,34.61241912841797,67.44268798828125,0.0,0.0,26,22,67.4423828125
1764717460415139.0,72,30,525245,759331,11,15,28.615629196166992,34.88642120361328,67.4423828125,0.0,0.0,26,22,67.4447250366211
1764717460425158.0,72,30,525267,759343,11,15,29.150630950927734,35.33456802368164,67.4447250366211,0.0,0.0,26,21,67.728759765625
1764717460435142.0,72,30,525254,759337,11,15,29.121967315673828,35.33456802368164,67.728759765625,0.0,0.0,26,21,68.21546936035156
1764717460445143.0,72,30,525241,759363,11,15,29.17818260192871,35.33456802368164,68.21546936035156,0.0,0.0,26,21,65.41935729980469
1764717460455159.0,72,30,525264,759433,11,15,29.197546005249023,33.53989791870117,65.41935729980469,0.0,0.0,26,22,62.98586654663086
1764717460465133.0,72,30,525326,759446,11,15,29.40397834777832,33.90258026123047,62.98586654663086,0.0,0.0,26,22,63.71491622924805
1764717460475137.0,72,30,525312,759464,11,15,29.434850692749023,33.90258026123047,63.71491622924805,0.0,0.0,26,22,63.714378356933594
1764717460485135.0,72,30,525337,759467,11,15,29.339855194091797,34.299564361572266,63.714378356933594,0.0,0.0,26,22,64.37052917480469
1764717460495134.0,72,30,525322,759461,11,15,29.312755584716797,34.59405517578125,64.37052917480469,0.0,0.0,26,22,64.96173858642578
1764717460505152.0,72,30,525347,759458,11,15,29.292551040649414,34.74845504760742,64.96173858642578,0.0,0.0,26,22,65.97286987304688
1764717460515147.0,72,30,525334,759460,11,15,29.718772888183594,34.74845504760742,65.97286987304688,0.0,0.0,26,21,66.79202270507812
1764717460525138.0,72,30,525357,759479,11,15,29.963205337524414,34.74845504760742,66.79202270507812,0.0,0.0,26,21,67.45553588867188
1764717460535151.0,72,30,525382,759526,11,15,29.810983657836914,34.74845504760742,67.45553588867188,0.0,0.0,26,21,67.73777770996094
1764717460545125.0,72,30,525406,759563,11,15,29.989891052246094,33.725189208984375,67.73777770996094,0.0,0.0,26,21,66.4202651977539
1764717460555147.0,72,30,525468,759589,11,15,30.115211486816406,34.17459487915039,66.4202651977539,0.0,0.0,26,21,66.80613708496094
1764717460565149.0,72,30,525455,759603,11,15,29.90036392211914,34.17459487915039,66.80613708496094,0.0,0.0,26,21,67.15349578857422
1764717460575158.0,72,30,525477,759615,11,15,29.69324493408203,34.83251953125,67.15349578857422,0.0,0.0,26,21,67.46651458740234
1764717460585151.0,72,30,525464,759599,11,15,30.48066520690918,34.83251953125,67.46651458740234,0.0,0.0,26,21,68.0016860961914
1764717460595142.0,72,30,525489,759596,11,15,30.866674423217773,34.85572052001953,68.0016860961914,0.0,0.0,26,20,68.43595886230469
1764717460605150.0,72,30,525475,759612,11,15,31.050617218017578,34.85572052001953,68.43595886230469,0.0,0.0,26,20,68.7877197265625
1764717460615136.0,72,30,525499,759672,11,15,30.611679077148438,35.16790771484375,68.7877197265625,0.0,0.0,26,21,68.93708801269531
1764717460625146.0,72,30,525561,759718,11,15,30.124448776245117,35.14141082763672,68.93708801269531,0.0,0.0,26,21,68.9372329711914
1764717460635156.0,72,30,525584,759699,11,15,30.553091049194336,35.34492492675781,68.9372329711914,0.0,0.0,26,21,68.9372329711914
1764717460645131.0,72,30,525571,759680,11,15,30.553091049194336,35.62610626220703,68.9372329711914,0.0,0.0,26,21,69.07077026367188
1764717460655127.0,72,30,525556,759671,11,15,30.46709632873535,35.62610626220703,69.07077026367188,0.0,0.0,26,21,69.19076538085938
1764717460665130.0,72,30,525543,759715,11,15,30.01561164855957,33.79191207885742,69.19076538085938,0.0,0.0,26,21,67.35796356201172
1764717460675132.0,72,30,525605,759769,11,15,29.644075393676758,33.79191207885742,67.35796356201172,0.0,0.0,26,21,65.70854949951172
1764717460685131.0,72,30,525667,759839,11,15,29.1439266204834,34.15884017944336,65.70854949951172,0.0,0.0,26,22,66.16612243652344
1764717460695141.0,72,30,525653,759832,11,15,29.150671005249023,34.48887634277344,66.16612243652344,0.0,0.0,26,22,66.57796478271484
1764717460705144.0,72,30,525677,759823,11,15,29.165969848632812,34.4958610534668,66.57796478271484,0.0,0.0,26,22,67.28219604492188
1764717460715138.0,72,30,525664,759828,11,15,29.44694709777832,34.4958610534668,67.28219604492188,0.0,0.0,26,21,67.8526382446289
1764717460725132.0,72,30,525689,759853,11,15,29.67388343811035,34.4958610534668,67.8526382446289,0.0,0.0,26,21,68.51167297363281
1764717460735138.0,72,30,525712,759900,11,15,29.833293914794922,34.50741958618164,68.51167297363281,0.0,0.0,26,21,68.99049377441406
1764717460745130.0,72,30,525737,759974,11,15,29.51482391357422,34.50741958618164,68.99049377441406,0.0,0.0,26,21,69.1195068359375
1764717460755132.0,72,30,525762,759979,11,15,29.675355911254883,34.8104248046875,69.1195068359375,0.0,0.0,26,21,69.23568725585938
1764717460765143.0,72,30,525785,759977,11,15,29.581846237182617,35.11701202392578,69.23568725585938,0.0,0.0,26,21,69.34021759033203
1764717460775267.0,72,30,525771,759974,11,15,29.80628204345703,35.11701202392578,69.34021759033203,0.0,0.0,26,21,69.43428039550781
1764717460785128.0,72,30,525796,759979,11,15,29.800342559814453,35.383243560791016,69.43428039550781,0.0,0.0,26,21,69.51902770996094
1764717460795148.0,72,30,525783,759991,11,15,29.706472396850586,35.383243560791016,69.51902770996094,0.0,0.0,26,21,69.59526062011719
1764717460805141.0,72,30,525806,760013,11,15,29.866500854492188,33.813636779785156,69.59526062011719,0.0,0.0,26,22,66.62804412841797
1764717460815140.0,72,30,525831,760057,11,15,29.640928268432617,33.813636779785156,66.62804412841797,0.0,0.0,26,22,66.62808227539062
1764717460825142.0,72,30,525855,760063,11,15,29.519180297851562,34.21686935424805,66.62808227539062,0.0,0.0,26,22,66.62816619873047
1764717460835141.0,72,30,525878,760066,11,15,29.705297470092773,34.816680908203125,66.62816619873047,0.0,0.0,26,22,66.62821960449219
1764717460845135.0,72,30,525865,760060,11,15,29.772075653076172,34.816680908203125,66.62821960449219,0.0,0.0,26,22,66.99395751953125
1764717460855138.0,72,30,525850,760063,11,15,29.64592933654785,35.10247802734375,66.99395751953125,0.0,0.0,26,22,67.32177734375
1764717460865127.0,72,30,525875,760075,11,15,29.799453735351562,35.10247802734375,67.32177734375,0.0,0.0,26,22,67.88231658935547
1764717460875128.0,72,30,525862,760100,11,15,29.805452346801758,35.10247802734375,67.88231658935547,0.0,0.0,26,22,66.16091918945312
1764717460885134.0,72,30,525923,760107,11,15,29.98469352722168,33.31330490112305,66.16091918945312,0.0,0.0,26,22,63.217323303222656
1764717460895129.0,72,30,525910,760129,11,15,30.24760627746582,33.31330490112305,63.217323303222656,0.0,0.0,26,22,59.816246032714844
1764717460905150.0,72,30,525973,760171,11,15,30.474416732788086,33.32128143310547,59.816246032714844,0.0,0.0,26,22,59.816246032714844
1764717460915133.0,72,30,525997,760150,11,15,30.474416732788086,33.75181198120117,59.816246032714844,0.0,0.0,26,22,59.816246032714844
1764717460925133.0,72,30,525984,760131,11,15,30.474416732788086,34.21540832519531,59.816246032714844,0.0,0.0,26,22,60.862815856933594
1764717460935146.0,72,30,525971,760125,11,15,30.483184814453125,34.238304138183594,60.862815856933594,0.0,0.0,26,22,60.86314392089844
1764717460945150.0,72,30,525956,760137,11,15,30.140159606933594,34.238304138183594,60.86314392089844,0.0,0.0,26,22,61.805633544921875
1764717460955132.0,72,30,525943,760218,11,15,29.42754554748535,32.420494079589844,61.805633544921875,0.0,0.0,26,22,59.51742935180664
1764717460965140.0,72,30,526044,760319,11,15,28.764204025268555,32.420494079589844,59.51742935180664,0.0,0.0,26,23,58.541927337646484
1764717460975133.0,72,30,526107,760366,11,15,28.423921585083008,33.514617919921875,58.541927337646484,0.0,0.0,26,23,59.716148376464844
1764717460985140.0,72,30,526093,760348,11,15,28.697345733642578,33.52094268798828,59.716148376464844,0.0,0.0,26,23,60.772953033447266
1764717460995128.0,72,30,526118,760332,11,15,28.929061889648438,33.53959655761719,60.772953033447266,0.0,0.0,26,23,62.58025360107422
1764717461005132.0,72,30,526103,760344,11,15,29.245189666748047,33.53959655761719,62.58025360107422,0.0,0.0,26,22,64.044189453125
1764717461015136.0,72,30,526128,760372,11,15,29.32062339782715,33.47147750854492,64.044189453125,0.0,0.0,26,22,64.66825866699219
1764717461025131.0,72,30,526151,760364,11,15,29.254226684570312,33.908443450927734,64.66825866699219,0.0,0.0,26,22,65.22850036621094
1764717461035136.0,72,30,526138,760371,11,15,29.47341537475586,33.908443450927734,65.22850036621094,0.0,0.0,26,21,65.2286148071289
1764717461045142.0,72,30,526161,760380,11,15,29.319812774658203,34.71973419189453,65.2286148071289,0.0,0.0,26,21,65.73408508300781
1764717461055152.0,72,30,526148,760367,11,15,30.069684982299805,34.71973419189453,65.73408508300781,0.0,0.0,26,20,66.18907928466797
1764717461065140.0,72,30,526171,760363,11,15,30.6506290435791,34.71973419189453,66.18907928466797,0.0,0.0,26,20,66.9668960571289
1764717461075143.0,72,30,526158,760382,11,15,30.554519653320312,34.71973419189453,66.9668960571289,0.0,0.0,26,20,67.59700775146484
1764717461085140.0,72,30,526183,760415,11,15,30.461408615112305,34.71973419189453,67.59700775146484,0.0,0.0,26,21,68.32492065429688
1764717461095142.0,72,30,526208,760473,11,15,30.150936126708984,34.71973419189453,68.32492065429688,0.0,0.0,26,21,68.520751953125
1764717461105134.0,72,30,526270,760499,11,15,29.83610725402832,35.0267333984375,68.520751953125,0.0,0.0,26,21,68.520751953125
1764717461115130.0,72,30,526257,760480,11,15,29.83610725402832,35.0267333984375,68.520751953125,0.0,0.0,26,21,68.520751953125
1764717461125168.0,72,30,526242,760459,11,15,29.83610725402832,35.298606872558594,68.520751953125,0.0,0.0,26,21,68.69705963134766
1764717461135147.0,72,30,526229,760453,11,15,29.782976150512695,35.298606872558594,68.69705963134766,0.0,0.0,26,21,68.85430145263672
1764717461145136.0,72,30,526216,760534,11,15,29.18756866455078,33.84857177734375,68.85430145263672,0.0,0.0,26,22,66.19889068603516
1764717461155139.0,72,30,526317,760635,11,15,28.59646987915039,33.84857177734375,66.19889068603516,0.0,0.0,26,22,65.06648254394531
1764717461165161.0,72,30,526377,760711,11,15,28.183374404907227,34.590152740478516,65.06648254394531,0.0,0.0,26,22,65.58700561523438
1764717461175129.0,72,30,526364,760695,11,15,28.539304733276367,34.51924133300781,65.58700561523438,0.0,0.0,26,22,66.05548858642578
1764717461185150.0,72,30,526387,760676,11,15,28.762338638305664,34.45212936401367,66.05548858642578,0.0,0.0,26,22,66.47760772705078
1764717461195143.0,72,30,526374,760664,11,15,29.33675193786621,34.45212936401367,66.47760772705078,0.0,0.0,26,21,67.19904327392578
1764717461205173.0,72,30,526361,760665,11,15,29.922094345092773,34.45212936401367,67.19904327392578,0.0,0.0,26,21,67.78379821777344
1764717461215158.0,72,30,526348,760759,11,15,29.291332244873047,34.39932632446289,67.78379821777344,0.0,0.0,26,21,68.25595092773438
1764717461225132.0,72,30,526449,760878,11,15,28.83236312866211,34.39932632446289,68.25595092773438,0.0,0.0,26,22,68.45738220214844
1764717461235139.0,72,30,526511,760923,11,15,28.495004653930664,34.405582427978516,68.45738220214844,0.0,0.0,26,22,68.45738220214844
1764717461245144.0,72,30,526496,760902,11,15,28.495004653930664,34.71922302246094,68.45738220214844,0.0,0.0,26,22,68.63865661621094
1764717461255140.0,72,30,526483,760896,11,15,28.492820739746094,34.71922302246094,68.63865661621094,0.0,0.0,26,22,68.8026351928711
1764717461265128.0,72,30,526470,760940,11,15,28.2540225982666,32.919681549072266,68.8026351928711,0.0,0.0,26,22,66.98896789550781
1764717461275140.0,72,30,526531,760994,11,15,28.196060180664062,32.919681549072266,66.98896789550781,0.0,0.0,26,22,65.3567123413086
1764717461285158.0,72,30,526593,761064,11,15,27.99936866760254,33.417118072509766,65.3567123413086,0.0,0.0,26,22,65.8485107421875
1764717461295151.0,72,30,526580,761057,11,15,28.036609649658203,33.833709716796875,65.8485107421875,0.0,0.0,26,22,66.2911376953125
1764717461305134.0,72,30,526603,761047,11,15,28.091039657592773,33.83015441894531,66.2911376953125,0.0,0.0,26,22,66.69000244140625
1764717461315139.0,72,30,526590,761035,11,15,28.7531795501709,33.83015441894531,66.69000244140625,0.0,0.0,26,22,67.37167358398438
1764717461325132.0,72,30,526577,761036,11,15,29.264068603515625,33.83015441894531,67.37167358398438,0.0,0.0,26,21,67.92420959472656
1764717461335161.0,72,30,526600,761128,11,15,28.68805503845215,33.83015441894531,67.92420959472656,0.0,0.0,26,21,68.37177276611328
1764717461345132.0,72,30,526663,761237,11,15,28.13083267211914,33.83015441894531,68.37177276611328,0.0,0.0,26,22,68.37203979492188
1764717461355152.0,72,30,526688,761223,11,15,28.516525268554688,34.240753173828125,68.37203979492188,0.0,0.0,26,22,68.3725357055664
1764717461365163.0,72,30,526711,761207,11,15,28.81784439086914,34.939937591552734,68.3725357055664,0.0,0.0,26,21,68.56366729736328
1764717461375148.0,72,30,526698,761222,11,15,29.2209529876709,34.939937591552734,68.56366729736328,0.0,0.0,26,21,67.01053619384766
1764717461385145.0,72,30,526685,761236,11,15,29.062097549438477,33.3614387512207,67.01053619384766,0.0,0.0,26,21,65.6126708984375
1764717461395147.0,72,30,526710,761218,11,15,29.439016342163086,33.3553581237793,65.6126708984375,0.0,0.0,26,20,64.35336303710938
1764717461405139.0,72,30,526697,761205,11,15,29.811878204345703,33.3553581237793,64.35336303710938,0.0,0.0,26,20,63.21997833251953
1764717461415139.0,72,30,526722,761206,11,15,29.95488739013672,33.353397369384766,63.21997833251953,0.0,0.0,26,20,62.20176315307617
1764717461425144.0,72,30,526707,761305,11,15,29.246227264404297,33.353397369384766,62.20176315307617,0.0,0.0,26,20,61.28483200073242
1764717461435128.0,72,30,526808,761348,11,15,28.898645401000977,34.25294494628906,61.28483200073242,0.0,0.0,26,21,62.18467330932617
1764717461445137.0,72,30,526833,761341,11,15,29.435060501098633,34.25294494628906,62.18467330932617,0.0,0.0,26,20,63.72319793701172
1764717461455132.0,72,30,526818,761365,11,15,29.463430404663086,32.7049446105957,63.72319793701172,0.0,0.0,26,20,62.64335632324219
1764717461465136.0,72,30,526843,761375,11,15,29.324880599975586,32.67271423339844,62.64335632324219,0.0,0.0,26,20,61.67145538330078
1764717461475172.0,72,30,526868,761370,11,15,29.342599868774414,32.69219207763672,61.67145538330078,0.0,0.0,26,20,60.79686737060547
1764717461485141.0,72,30,526853,761356,11,15,29.909452438354492,31.41410255432129,60.79686737060547,0.0,0.0,26,20,59.54880142211914
1764717461495132.0,72,30,526840,761357,11,15,30.19550895690918,31.41410255432129,59.54880142211914,0.0,0.0,26,19,58.53800582885742
1764717461505134.0,72,30,526865,761451,11,15,29.484722137451172,29.970245361328125,58.53800582885742,0.0,0.0,26,20,57.80571365356445
1764717461515159.0,72,30,526963,761493,11,15,29.100141525268555,29.966796875,57.80571365356445,0.0,0.0,26,20,57.80571365356445
1764717461525142.0,72,30,526950,761474,11,15,29.100141525268555,29.966796875,57.80571365356445,0.0,0.0,26,20,57.80571365356445
1764717461535154.0,72,30,526935,761453,11,15,29.100141525268555,30.71769142150879,57.80571365356445,0.0,0.0,26,20,59.053077697753906
1764717461545161.0,72,30,526922,761447,11,15,29.113279342651367,30.71769142150879,59.053077697753906,0.0,0.0,26,21,60.17609405517578
1764717461555146.0,72,30,526909,761528,11,15,28.616098403930664,29.678674697875977,60.17609405517578,0.0,0.0,26,21,59.18618392944336
1764717461565139.0,72,30,527010,761629,11,15,28.13632583618164,29.678674697875977,59.18618392944336,0.0,0.0,26,22,58.76425552368164
1764717461575137.0,72,30,527072,761707,11,15,27.79912567138672,30.455074310302734,58.76425552368164,0.0,0.0,26,22,59.915775299072266
1764717461585134.0,72,30,527057,761689,11,15,28.126611709594727,31.143814086914062,59.915775299072266,0.0,0.0,26,22,60.95217514038086
1764717461595141.0,72,30,527082,761672,11,15,28.35188865661621,31.11715316772461,60.95217514038086,0.0,0.0,26,22,62.72420883178711
1764717461605131.0,72,30,527067,761684,11,15,28.718250274658203,31.11715316772461,62.72420883178711,0.0,0.0,26,22,64.15937042236328
1764717461615129.0,72,30,527092,761718,11,15,29.046693801879883,31.11715316772461,64.15937042236328,0.0,0.0,26,21,65.32184600830078
1764717461625154.0,72,30,527117,761777,11,15,28.928241729736328,31.11715316772461,65.32184600830078,0.0,0.0,26,21,65.32171630859375
1764717461635130.0,72,30,527178,761789,11,15,28.80988311767578,31.74068832397461,65.32171630859375,0.0,0.0,26,21,65.32171630859375
1764717461645138.0,72,30,527165,761770,11,15,28.80988311767578,31.74068832397461,65.32171630859375,0.0,0.0,26,21,65.32171630859375
1764717461655131.0,72,30,527150,761749,11,15,28.80988311767578,32.37666702270508,65.32171630859375,0.0,0.0,26,21,65.81745147705078
1764717461665138.0,72,30,527137,761743,11,15,28.77727699279785,32.37666702270508,65.81745147705078,0.0,0.0,26,21,66.2641830444336
1764717461675134.0,72,30,527124,761823,11,15,28.39689064025879,31.18142318725586,66.2641830444336,0.0,0.0,26,22,64.04447174072266
1764717461685157.0,72,30,527223,761922,11,15,27.980422973632812,31.18142318725586,64.04447174072266,0.0,0.0,26,22,63.09843063354492
1764717461695137.0,72,30,527285,762000,11,15,27.690340042114258,32.49881362915039,63.09843063354492,0.0,0.0,26,22,63.81663513183594
1764717461705142.0,72,30,527272,761994,11,15,27.71282386779785,32.5450439453125,63.81663513183594,0.0,0.0,26,22,63.81711196899414
1764717461715134.0,72,30,527257,762006,11,15,27.63450050354004,32.5450439453125,63.81711196899414,0.0,0.0,26,22,64.46392822265625
1764717461725132.0,72,30,527244,762050,11,15,27.470991134643555,30.87546730041504,64.46392822265625,0.0,0.0,26,23,62.99392318725586
1764717461735154.0,72,30,527307,762106,11,15,27.48577880859375,30.87546730041504,62.99392318725586,0.0,0.0,26,22,61.670570373535156
1764717461745144.0,72,30,527369,762143,11,15,27.37708282470703,32.2505989074707,61.670570373535156,0.0,0.0,26,23,62.5318489074707
1764717461755137.0,72,30,527354,762133,11,15,27.459270477294922,32.2505989074707,62.5318489074707,0.0,0.0,26,23,63.3070068359375
1764717461765146.0,72,30,527379,762126,11,15,27.502042770385742,32.288150787353516,63.3070068359375,0.0,0.0,26,23,64.63275909423828
1764717461775139.0,72,30,527366,762131,11,15,28.121234893798828,32.288150787353516,64.63275909423828,0.0,0.0,26,22,65.70682525634766
1764717461785146.0,72,30,527389,762153,11,15,28.651504516601562,32.288150787353516,65.70682525634766,0.0,0.0,26,21,66.94757843017578
1764717461795142.0,72,30,527414,762203,11,15,28.963077545166016,32.282527923583984,66.94757843017578,0.0,0.0,26,21,67.85232543945312
1764717461805165.0,72,30,527477,762283,11,15,29.08416748046875,32.86302947998047,67.85232543945312,0.0,0.0,26,21,67.85232543945312
1764717461815142.0,72,30,527501,762264,11,15,29.08416748046875,33.37368392944336,67.85232543945312,0.0,0.0,26,21,68.09530639648438
1764717461825131.0,72,30,527486,762255,11,15,29.015487670898438,33.88321304321289,68.09530639648438,0.0,0.0,26,21,68.09530639648438
1764717461835131.0,72,30,527473,762236,11,15,29.015487670898438,33.88321304321289,68.09530639648438,0.0,0.0,26,21,68.31488037109375
1764717461845144.0,72,30,527458,762311,11,15,28.612411499023438,32.34929275512695,68.31488037109375,0.0,0.0,26,21,66.77729797363281
1764717461855141.0,72,30,527521,762367,11,15,28.45587730407715,32.34929275512695,66.77729797363281,0.0,0.0,26,21,65.39285278320312
1764717461865146.0,72,30,527583,762404,11,15,28.278961181640625,33.29716873168945,65.39285278320312,0.0,0.0,26,22,65.88126373291016
1764717461875138.0,72,30,527569,762396,11,15,28.295732498168945,33.29716873168945,65.88126373291016,0.0,0.0,26,22,66.32086181640625
1764717461885134.0,72,30,527593,762387,11,15,28.300758361816406,33.2624397277832,66.32086181640625,0.0,0.0,26,22,67.07300567626953
1764717461895132.0,72,30,527580,762392,11,15,28.876449584960938,33.2624397277832,67.07300567626953,0.0,0.0,26,21,67.68265533447266
1764717461905138.0,72,30,527604,762416,11,15,29.32123374938965,33.2624397277832,67.68265533447266,0.0,0.0,26,21,68.38671875
1764717461915138.0,72,30,527628,762464,11,15,29.490497589111328,33.2624397277832,68.38671875,0.0,0.0,26,21,68.90003967285156
1764717461925145.0,72,30,527691,762537,11,15,29.335384368896484,33.67230987548828,68.90003967285156,0.0,0.0,26,21,68.90026092529297
1764717461935132.0,72,30,527677,762543,11,15,29.300146102905273,33.67230987548828,68.90026092529297,0.0,0.0,26,21,68.89954376220703
1764717461945139.0,72,30,527701,762547,11,15,29.259965896606445,34.38268280029297,68.89954376220703,0.0,0.0,26,21,69.03752899169922
1764717461955129.0,72,30,527687,762539,11,15,29.647747039794922,34.38268280029297,69.03752899169922,0.0,0.0,26,20,67.53124237060547
1764717461965139.0,72,30,527711,762535,11,15,30.060556411743164,32.84846496582031,67.53124237060547,0.0,0.0,26,19,66.17670440673828
1764717461975132.0,72,30,527698,762529,11,15,30.24881362915039,32.84846496582031,66.17670440673828,0.0,0.0,26,19,63.859867095947266
1764717461985128.0,72,30,527684,762536,11,15,30.327817916870117,32.805137634277344,63.859867095947266,0.0,0.0,26,20,61.98112869262695
1764717461995140.0,72,30,527708,762601,11,15,29.971107482910156,32.805137634277344,61.98112869262695,0.0,0.0,26,21,59.81102752685547
1764717462005137.0,72,30,527771,762693,11,15,29.420494079589844,32.805137634277344,59.81102752685547,0.0,0.0,26,21,60.857177734375
1764717462015141.0,72,30,527832,762679,11,15,29.443159103393555,33.685638427734375,60.857177734375,0.0,0.0,26,21,61.79901885986328
1764717462025167.0,72,30,527819,762666,11,15,29.5893497467041,33.685638427734375,61.79901885986328,0.0,0.0,26,21,61.80028533935547
1764717462035132.0,72,30,527804,762678,11,15,29.430770874023438,34.12710189819336,61.80028533935547,0.0,0.0,26,21,62.64847183227539
1764717462045163.0,72,30,527829,762699,11,15,29.35422134399414,34.12710189819336,62.64847183227539,0.0,0.0,26,21,62.64834976196289
1764717462055139.0,72,30,527852,762713,11,15,29.241790771484375,34.73308563232422,62.64834976196289,0.0,0.0,26,22,62.648189544677734
1764717462065137.0,72,30,527876,762699,11,15,30.077972412109375,34.97539520263672,62.648189544677734,0.0,0.0,26,21,63.411258697509766
1764717462075165.0,72,30,527862,762713,11,15,29.86002540588379,34.97539520263672,63.411258697509766,0.0,0.0,26,21,64.71659851074219
1764717462085595.0,72,30,527886,762726,11,15,29.918838500976562,35.30968475341797,64.71659851074219,0.0,0.0,26,20,65.2734603881836
1764717462095134.0,72,30,527873,762710,11,15,30.529247283935547,35.30968475341797,65.2734603881836,0.0,0.0,26,20,65.27359771728516
1764717462105146.0,72,30,527897,762700,11,15,30.594127655029297,35.860107421875,65.27359771728516,0.0,0.0,26,20,65.77432250976562
1764717462115140.0,72,30,527884,762727,11,15,30.275041580200195,35.860107421875,65.77432250976562,0.0,0.0,26,20,66.22518920898438
1764717462125129.0,72,30,527908,762782,11,15,30.00010108947754,35.860107421875,66.22518920898438,0.0,0.0,26,21,66.63075256347656
1764717462135131.0,72,30,527972,762815,11,15,29.67783546447754,36.035465240478516,66.63075256347656,0.0,0.0,26,21,66.63075256347656
1764717462145136.0,72,30,527957,762793,11,15,29.67783546447754,36.035465240478516,66.63075256347656,0.0,0.0,26,21,66.63075256347656
1764717462155135.0,72,30,527944,762774,11,15,29.67783546447754,36.21458053588867,66.63075256347656,0.0,0.0,26,21,66.995361328125
1764717462165134.0,72,30,527929,762766,11,15,29.653629302978516,36.21458053588867,66.995361328125,0.0,0.0,26,21,67.32366943359375
1764717462175138.0,72,30,527916,762847,11,15,29.069482803344727,34.677490234375,67.32366943359375,0.0,0.0,26,21,64.88214111328125
1764717462185137.0,72,30,528017,762947,11,15,28.500442504882812,34.68703842163086,64.88214111328125,0.0,0.0,26,22,63.84136962890625
1764717462195142.0,72,30,528079,763026,11,15,28.104629516601562,34.97758483886719,63.84136962890625,0.0,0.0,26,22,63.84145736694336
1764717462205161.0,72,30,528102,763005,11,15,28.79183578491211,35.31306457519531,63.84145736694336,0.0,0.0,26,21,65.06527709960938
1764717462215128.0,72,30,528089,763025,11,15,28.73611831665039,35.31306457519531,65.06527709960938,0.0,0.0,26,21,66.056640625
1764717462225128.0,72,30,528114,763053,11,15,28.85004425048828,35.31113052368164,66.056640625,0.0,0.0,26,21,66.47926330566406
1764717462235147.0,72,30,528137,763046,11,15,28.935941696166992,35.52991485595703,66.47926330566406,0.0,0.0,26,21,66.8603286743164
1764717462245136.0,72,30,528122,763031,11,15,29.57917022705078,35.52991485595703,66.8603286743164,0.0,0.0,26,21,64.46147155761719
1764717462255136.0,72,30,528109,763032,11,15,29.987119674682617,33.958221435546875,64.46147155761719,0.0,0.0,26,20,63.44026565551758
1764717462265135.0,72,30,528134,763110,11,15,29.3655948638916,33.958221435546875,63.44026565551758,0.0,0.0,26,21,61.390724182128906
1764717462275137.0,72,30,528195,763154,11,15,29.082901000976562,32.24363327026367,61.390724182128906,0.0,0.0,26,21,61.390724182128906
1764717462285157.0,72,30,528220,763135,11,15,29.082901000976562,32.305747985839844,61.390724182128906,0.0,0.0,26,21,61.390724182128906
1764717462295139.0,72,30,528207,763116,11,15,29.082901000976562,32.81949234008789,61.390724182128906,0.0,0.0,26,21,62.280303955078125
1764717462305141.0,72,30,528192,763107,11,15,29.1038875579834,32.81949234008789,62.280303955078125,0.0,0.0,26,21,62.28017044067383
1764717462315133.0,72,30,528179,763122,11,15,28.923105239868164,32.81949234008789,62.28017044067383,0.0,0.0,26,21,63.08002853393555
1764717462325151.0,72,30,528166,763202,11,15,28.44277572631836,31.56964683532715,63.08002853393555,0.0,0.0,26,22,61.53818893432617
1764717462335149.0,72,30,528266,763303,11,15,28.00720977783203,31.56964683532715,61.53818893432617,0.0,0.0,26,22,60.88087463378906
1764717462345143.0,72,30,528326,763346,11,15,27.785335540771484,32.669921875,60.88087463378906,0.0,0.0,26,22,61.8211669921875
1764717462355135.0,72,30,528313,763329,11,15,28.117483139038086,32.669921875,61.8211669921875,0.0,0.0,26,22,62.667442321777344
1764717462365146.0,72,30,528338,763313,11,15,28.346956253051758,32.64619445800781,62.667442321777344,0.0,0.0,26,22,63.428470611572266
1764717462375173.0,72,30,528325,763301,11,15,28.955514907836914,32.64619445800781,63.428470611572266,0.0,0.0,26,21,64.73033905029297
1764717462385129.0,72,30,528312,763302,11,15,29.452280044555664,32.64619445800781,64.73033905029297,0.0,0.0,26,21,65.78433990478516
1764717462395281.0,72,30,528300,763398,11,15,28.891578674316406,32.64619445800781,65.78433990478516,0.0,0.0,26,21,66.63807678222656
1764717462405146.0,72,30,528403,763507,11,15,28.358386993408203,32.64619445800781,66.63807678222656,0.0,0.0,26,22,67.0017318725586
1764717462415135.0,72,30,528464,763564,11,15,28.22804832458496,32.653079986572266,67.0017318725586,0.0,0.0,26,22,67.32963562011719
1764717462425134.0,72,30,528489,763548,11,15,28.46450424194336,33.26057815551758,67.32963562011719,0.0,0.0,26,22,67.62474822998047
1764717462435156.0,72,30,528474,763527,11,15,28.782825469970703,33.26057815551758,67.62474822998047,0.0,0.0,26,21,67.89070129394531
1764717462445134.0,72,30,528461,763547,11,15,28.73903465270996,33.26057815551758,67.89070129394531,0.0,0.0,26,22,68.13034057617188
1764717462455134.0,72,30,528448,763580,11,15,29.013368606567383,33.26057815551758,68.13034057617188,0.0,0.0,26,22,68.34571838378906
1764717462465147.0,72,30,528511,763625,11,15,28.881593704223633,33.71726989746094,68.34571838378906,0.0,0.0,26,22,68.53934478759766
1764717462475165.0,72,30,528571,763643,11,15,28.836469650268555,33.00642776489258,68.53934478759766,0.0,0.0,26,22,68.53934478759766
1764717462485141.0,72,30,528558,763624,11,15,28.836469650268555,33.00642776489258,68.53934478759766,0.0,0.0,26,22,68.53934478759766
1764717462495128.0,72,30,528544,763605,11,15,28.836469650268555,33.53525161743164,68.53934478759766,0.0,0.0,26,22,68.71327209472656
1764717462505134.0,72,30,528530,763597,11,15,28.789424896240234,33.53525161743164,68.71327209472656,0.0,0.0,26,22,68.86863708496094
1764717462515142.0,72,30,528516,763677,11,15,28.42905616760254,33.53525161743164,68.86863708496094,0.0,0.0,26,22,67.4002914428711
1764717462525154.0,72,30,528579,763753,11,15,28.120574951171875,32.233402252197266,67.4002914428711,0.0,0.0,26,22,64.8882064819336
1764717462535141.0,72,30,528677,763854,11,15,27.709068298339844,32.766841888427734,64.8882064819336,0.0,0.0,26,23,65.42699432373047
1764717462545133.0,72,30,528664,763837,11,15,27.966732025146484,33.291748046875,65.42699432373047,0.0,0.0,26,23,65.91191864013672
1764717462555148.0,72,30,528651,763821,11,15,28.207660675048828,33.291748046875,65.91191864013672,0.0,0.0,26,23,66.34835052490234
1764717462565141.0,72,30,528676,763803,11,15,28.564695358276367,33.271034240722656,66.34835052490234,0.0,0.0,26,22,67.09587860107422
1764717462575228.0,72,30,528661,763841,11,15,28.957332611083984,33.271034240722656,67.09587860107422,0.0,0.0,26,22,67.4150161743164
1764717462585172.0,72,30,528686,763881,11,15,28.95025062561035,33.271034240722656,67.4150161743164,0.0,0.0,26,22,67.70136260986328
1764717462595130.0,72,30,528710,763888,11,15,28.748401641845703,33.75907516479492,67.70136260986328,0.0,0.0,26,22,68.19221496582031
1764717462605148.0,72,30,528734,763880,11,15,28.951478958129883,33.75907516479492,68.19221496582031,0.0,0.0,26,22,68.40071105957031
1764717462615135.0,72,30,528721,763906,11,15,29.11956214904785,32.2370719909668,68.40071105957031,0.0,0.0,26,21,65.46142578125
1764717462625131.0,72,30,528744,763951,11,15,29.116046905517578,32.2370719909668,65.46142578125,0.0,0.0,26,22,65.46171569824219
1764717462635128.0,72,30,528805,763949,11,15,29.698259353637695,32.83042907714844,65.46171569824219,0.0,0.0,26,21,65.46171569824219
1764717462645134.0,72,30,528792,763930,11,15,29.698259353637695,33.29244613647461,65.46171569824219,0.0,0.0,26,21,65.94306182861328
1764717462655134.0,72,30,528779,763950,11,15,29.706928253173828,33.29244613647461,65.94306182861328,0.0,0.0,26,21,65.21187591552734
1764717462665140.0,72,30,528802,764013,11,15,29.453189849853516,31.659997940063477,65.21187591552734,0.0,0.0,26,21,62.55205154418945
1764717462675172.0,72,30,528827,764065,11,15,29.458890914916992,31.659997940063477,62.55205154418945,0.0,0.0,26,22,63.32476806640625
1764717462685127.0,72,30,528851,764076,11,15,29.32639503479004,32.24502944946289,63.32476806640625,0.0,0.0,26,22,64.0206298828125
1764717462695135.0,72,30,528874,764060,11,15,29.817041397094727,32.24026107788086,64.0206298828125,0.0,0.0,26,21,64.64691925048828
1764717462705146.0,72,30,528861,764053,11,15,30.139869689941406,32.24026107788086,64.64691925048828,0.0,0.0,26,20,65.20953369140625
1764717462715153.0,72,30,528885,764080,11,15,29.862539291381836,33.2019157409668,65.20953369140625,0.0,0.0,26,21,65.71589660644531
1764717462725140.0,72,30,528907,764110,11,15,29.523963928222656,33.2019157409668,65.71589660644531,0.0,0.0,26,21,64.54147338867188
1764717462735144.0,72,30,528932,764147,11,15,29.43900489807129,31.842988967895508,64.54147338867188,0.0,0.0,26,21,64.54147338867188
1764717462745410.0,72,30,528955,764125,11,15,29.43900489807129,31.785396575927734,64.54147338867188,0.0,0.0,26,21,64.54147338867188
1764717462755141.0,72,30,528942,764106,11,15,29.43900489807129,31.785396575927734,64.54147338867188,0.0,0.0,26,21,65.11566162109375
1764717462765133.0,72,30,528927,764098,11,15,29.458948135375977,32.27098083496094,65.11566162109375,0.0,0.0,26,21,65.11566162109375
1764717462775142.0,72,30,528914,764079,11,15,29.458948135375977,32.27098083496094,65.11566162109375,0.0,0.0,26,21,65.63128662109375
1764717462785133.0,72,30,528899,764190,11,15,28.732120513916016,31.108139038085938,65.63128662109375,0.0,0.0,26,22,63.57341384887695
1764717462795130.0,72,30,529000,764291,11,15,28.28278160095215,31.108139038085938,63.57341384887695,0.0,0.0,26,22,62.69611358642578
1764717462805131.0,72,30,529062,764336,11,15,28.04636001586914,32.470054626464844,62.69611358642578,0.0,0.0,26,22,63.454444885253906
1764717462815127.0,72,30,529048,764320,11,15,28.297243118286133,32.470054626464844,63.454444885253906,0.0,0.0,26,22,64.1369400024414
1764717462825137.0,72,30,529072,764301,11,15,28.523576736450195,32.53519821166992,64.1369400024414,0.0,0.0,26,22,65.30396270751953
1764717462835187.0,72,30,529058,764315,11,15,28.81545066833496,32.53519821166992,65.30396270751953,0.0,0.0,26,22,66.24917602539062
1764717462845139.0,72,30,529083,764349,11,15,29.04958724975586,32.53519821166992,66.24917602539062,0.0,0.0,26,21,67.0147933959961
1764717462855137.0,72,30,529106,764405,11,15,28.993518829345703,32.57278060913086,67.0147933959961,0.0,0.0,26,22,67.01532745361328
1764717462865344.0,72,30,529169,764419,11,15,28.867109298706055,33.13821792602539,67.01532745361328,0.0,0.0,26,22,67.01532745361328
1764717462875139.0,72,30,529156,764400,11,15,28.867109298706055,33.13821792602539,67.01532745361328,0.0,0.0,26,22,67.3414077758789
1764717462885144.0,72,30,529141,764392,11,15,28.82720184326172,33.65301513671875,67.3414077758789,0.0,0.0,26,22,67.3414077758789
1764717462895137.0,72,30,529128,764373,11,15,28.82720184326172,33.65301513671875,67.3414077758789,0.0,0.0,26,22,67.63735961914062
1764717462905129.0,72,30,529115,764453,11,15,28.453882217407227,32.33933639526367,67.63735961914062,0.0,0.0,26,22,65.08060455322266
1764717462915144.0,72,30,529214,764585,11,15,27.95701789855957,32.33933639526367,65.08060455322266,0.0,0.0,26,22,65.08060455322266
1764717462925139.0,72,30,529275,764566,11,15,27.95701789855957,33.82752227783203,65.08060455322266,0.0,0.0,26,22,65.6001968383789
1764717462935138.0,72,30,529260,764557,11,15,27.966838836669922,33.82752227783203,65.6001968383789,0.0,0.0,26,22,66.06832122802734
1764717462945128.0,72,30,529247,764601,11,15,27.76862335205078,33.82752227783203,66.06832122802734,0.0,0.0,26,23,64.90874481201172
1764717462955148.0,72,30,529308,764654,11,15,27.762733459472656,32.53844451904297,64.90874481201172,0.0,0.0,26,22,63.86518478393555
1764717462965130.0,72,30,529332,764724,11,15,27.591127395629883,32.53844451904297,63.86518478393555,0.0,0.0,26,23,63.86518478393555
1764717462975143.0,72,30,529357,764705,11,15,27.591127395629883,33.60380935668945,63.86518478393555,0.0,0.0,26,23,65.08453369140625
1764717462985141.0,72,30,529342,764707,11,15,27.736555099487305,33.60380935668945,65.08453369140625,0.0,0.0,26,23,65.60437774658203
1764717462995154.0,72,30,529367,764688,11,15,28.087480545043945,33.563323974609375,65.60437774658203,0.0,0.0,26,22,66.49225616455078
1764717463005132.0,72,30,529354,764694,11,15,28.618839263916016,33.563323974609375,66.49225616455078,0.0,0.0,26,21,67.21045684814453
1764717463015144.0,72,30,529378,764718,11,15,29.2654972076416,33.563323974609375,67.21045684814453,0.0,0.0,26,21,68.04084777832031
1764717463025157.0,72,30,529403,764767,11,15,29.51753044128418,33.563323974609375,68.04084777832031,0.0,0.0,26,20,68.46482849121094
1764717463035155.0,72,30,529464,764838,11,15,29.090517044067383,33.96048355102539,68.46482849121094,0.0,0.0,26,21,68.64563751220703
1764717463045134.0,72,30,529451,764843,11,15,29.291528701782227,34.338993072509766,68.64563751220703,0.0,0.0,26,21,68.80886840820312
1764717463055401.0,72,30,529474,764840,11,15,29.163177490234375,34.388179779052734,68.80886840820312,0.0,0.0,26,21,68.95661926269531
1764717463065143.0,72,30,529461,764840,11,15,29.36749267578125,34.388179779052734,68.95661926269531,0.0,0.0,26,21,69.08959197998047
1764717463075145.0,72,30,529486,764845,11,15,29.367576599121094,34.744361877441406,69.08959197998047,0.0,0.0,26,21,69.20821380615234
1764717463085140.0,72,30,529471,764854,11,15,29.33150291442871,34.744361877441406,69.20821380615234,0.0,0.0,26,22,69.31554412841797
1764717463095136.0,72,30,529496,764878,11,15,29.438310623168945,33.30181121826172,69.31554412841797,0.0,0.0,26,22,66.58865356445312
1764717463105137.0,72,30,529520,764922,11,15,29.334117889404297,33.30181121826172,66.58865356445312,0.0,0.0,26,22,66.58869934082031
1764717463115131.0,72,30,529542,764931,11,15,29.446475982666016,34.0785026550293,66.58869934082031,0.0,0.0,26,22,66.58871459960938
1764717463125136.0,72,30,529567,764931,11,15,29.400239944458008,34.447715759277344,66.58871459960938,0.0,0.0,26,22,66.5887451171875
1764717463135135.0,72,30,529552,764922,11,15,29.48965835571289,34.447715759277344,66.5887451171875,0.0,0.0,26,22,66.95771789550781
1764717463145136.0,72,30,529539,764928,11,15,29.354612350463867,34.667057037353516,66.95771789550781,0.0,0.0,26,22,67.58902740478516
1764717463155132.0,72,30,529562,764962,11,15,29.3087215423584,34.667057037353516,67.58902740478516,0.0,0.0,26,22,66.55241394042969
1764717463165135.0,72,30,529549,764986,11,15,29.436979293823242,33.27235412597656,66.55241394042969,0.0,0.0,26,22,65.37886810302734
1764717463175136.0,72,30,529612,764995,11,15,29.683298110961914,33.21499252319336,65.37886810302734,0.0,0.0,26,22,63.373313903808594
1764717463185140.0,72,30,529635,765028,11,15,30.039505004882812,33.21499252319336,63.373313903808594,0.0,0.0,26,22,61.74665069580078
1764717463195126.0,72,30,529660,765032,11,15,30.426795959472656,33.28506088256836,61.74665069580078,0.0,0.0,26,22,61.74665069580078
1764717463205133.0,72,30,529683,765011,11,15,30.426795959472656,33.72072982788086,61.74665069580078,0.0,0.0,26,22,61.74665069580078
1764717463215133.0,72,30,529670,764992,11,15,30.426795959472656,34.10464096069336,61.74665069580078,0.0,0.0,26,22,62.59990310668945
1764717463225129.0,72,30,529656,764985,11,15,30.405860900878906,34.10464096069336,62.59990310668945,0.0,0.0,26,22,63.36770248413086
1764717463235186.0,72,30,529642,765063,11,15,29.638172149658203,32.84130096435547,63.36770248413086,0.0,0.0,26,22,61.693695068359375
1764717463245205.0,72,30,529742,765164,11,15,28.946943283081055,32.84130096435547,61.693695068359375,0.0,0.0,26,23,61.69374084472656
1764717463255146.0,72,30,529804,765178,11,15,28.746789932250977,33.826168060302734,61.69374084472656,0.0,0.0,26,23,61.69374084472656
1764717463265139.0,72,30,529789,765157,11,15,28.746789932250977,34.26776885986328,61.69374084472656,0.0,0.0,26,23,62.552425384521484
1764717463275133.0,72,30,529776,765150,11,15,28.7847957611084,34.26776885986328,62.552425384521484,0.0,0.0,26,23,63.32526397705078
1764717463285140.0,72,30,529763,765194,11,15,28.530380249023438,32.892112731933594,63.32526397705078,0.0,0.0,26,23,62.41091537475586
1764717463295149.0,72,30,529825,765250,11,15,28.372398376464844,32.892112731933594,62.41091537475586,0.0,0.0,26,23,61.58799743652344
1764717463305143.0,72,30,529887,765319,11,15,28.04108428955078,33.354923248291016,61.58799743652344,0.0,0.0,26,23,62.45701599121094
1764717463315127.0,72,30,529874,765312,11,15,28.146821975708008,33.816280364990234,62.45701599121094,0.0,0.0,26,23,63.23915100097656
1764717463325144.0,72,30,529897,765302,11,15,28.217334747314453,33.80031967163086,63.23915100097656,0.0,0.0,26,23,63.943504333496094
1764717463335131.0,72,30,529883,765290,11,15,28.77594566345215,33.80031967163086,63.943504333496094,0.0,0.0,26,22,65.14761352539062
1764717463345470.0,72,30,529869,765289,11,15,29.42087745666504,33.80031967163086,65.14761352539062,0.0,0.0,26,21,65.66144561767578
1764717463355136.0,72,30,529895,765369,11,15,28.896141052246094,33.80031967163086,65.66144561767578,0.0,0.0,26,22,66.91358947753906
1764717463365136.0,72,30,529956,765491,11,15,28.272729873657227,33.80031967163086,66.91358947753906,0.0,0.0,26,22,66.91358947753906
1764717463375142.0,72,30,529981,765472,11,15,28.272729873657227,34.18904113769531,66.91358947753906,0.0,0.0,26,22,66.913818359375
1764717463385137.0,72,30,529968,765458,11,15,28.62310791015625,34.516090393066406,66.913818359375,0.0,0.0,26,22,66.91413116455078
1764717463395176.0,72,30,529992,765445,11,15,28.890960693359375,34.78764343261719,66.91413116455078,0.0,0.0,26,22,67.2515869140625
1764717463405675.0,72,30,529977,765457,11,15,29.41426658630371,35.04874038696289,67.2515869140625,0.0,0.0,26,21,67.55445098876953
1764717463415149.0,72,30,530002,765471,11,15,29.26946449279785,35.00362777709961,67.55445098876953,0.0,0.0,26,21,67.82591247558594
1764717463425139.0,72,30,529989,765455,11,15,30.05866241455078,35.00362777709961,67.82591247558594,0.0,0.0,26,20,68.29102325439453
1764717463435136.0,72,30,530014,765451,11,15,30.55071449279785,35.019962310791016,68.29102325439453,0.0,0.0,26,20,68.66667938232422
1764717463445133.0,72,30,529999,765465,11,15,30.814373016357422,35.019962310791016,68.66667938232422,0.0,0.0,26,20,68.970947265625
1764717463455134.0,72,30,530024,765564,11,15,29.914875030517578,33.58316421508789,68.970947265625,0.0,0.0,26,20,67.56085205078125
1764717463465129.0,72,30,530125,765642,11,15,29.328033447265625,33.964393615722656,67.56085205078125,0.0,0.0,26,21,67.83367919921875
1764717463475130.0,72,30,530110,765626,11,15,29.494997024536133,33.964393615722656,67.83367919921875,0.0,0.0,26,21,68.07766723632812
1764717463485136.0,72,30,530135,765613,11,15,29.61574935913086,34.223697662353516,68.07766723632812,0.0,0.0,26,21,68.49473571777344
1764717463495140.0,72,30,530120,765624,11,15,29.758056640625,34.223697662353516,68.49473571777344,0.0,0.0,26,21,68.83238220214844
1764717463505163.0,72,30,530144,765658,11,15,29.993947982788086,34.223697662353516,68.83238220214844,0.0,0.0,26,20,69.10588073730469
1764717463515147.0,72,30,530168,765714,11,15,29.78723907470703,34.223697662353516,69.10588073730469,0.0,0.0,26,21,69.10577392578125
1764717463525145.0,72,30,530192,765728,11,15,29.617740631103516,34.808753967285156,69.10577392578125,0.0,0.0,26,21,69.10552978515625
1764717463535143.0,72,30,530214,765714,11,15,29.769094467163086,35.0411491394043,69.10552978515625,0.0,0.0,26,21,69.10531616210938
1764717463545135.0,72,30,530201,765695,11,15,30.415315628051758,35.0411491394043,69.10531616210938,0.0,0.0,26,20,69.22151184082031
1764717463555132.0,72,30,530188,765715,11,15,30.298450469970703,35.0411491394043,69.22151184082031,0.0,0.0,26,20,69.42036437988281
1764717463565132.0,72,30,530211,765745,11,15,30.262248992919922,35.0411491394043,69.42036437988281,0.0,0.0,26,21,69.58129119873047
1764717463575148.0,72,30,530236,765796,11,15,30.018678665161133,35.347015380859375,69.58129119873047,0.0,0.0,26,21,69.65106964111328
1764717463585130.0,72,30,530260,765810,11,15,29.838848114013672,35.33879470825195,69.65106964111328,0.0,0.0,26,21,69.71388244628906
1764717463595133.0,72,30,530285,765822,11,15,29.67661476135254,35.4096565246582,69.71388244628906,0.0,0.0,26,21,69.7704086303711
1764717463605134.0,72,30,530270,765801,11,15,30.0411434173584,35.4096565246582,69.7704086303711,0.0,0.0,26,21,69.82125091552734
1764717463615150.0,72,30,530257,765821,11,15,29.926218032836914,35.4096565246582,69.82125091552734,0.0,0.0,26,21,69.86698150634766
1764717463625144.0,72,30,530282,765853,11,15,29.912031173706055,34.015647888183594,69.86698150634766,0.0,0.0,26,21,66.95803833007812
1764717463635137.0,72,30,530307,765905,11,15,29.72703742980957,34.015647888183594,66.95803833007812,0.0,0.0,26,21,66.95852661132812
1764717463645134.0,72,30,530366,765917,11,15,29.525205612182617,34.298606872558594,66.95852661132812,0.0,0.0,26,21,67.29032135009766
1764717463655143.0,72,30,530353,765910,11,15,29.486886978149414,34.685543060302734,67.29032135009766,0.0,0.0,26,21,67.29032135009766
1764717463665143.0,72,30,530340,765891,11,15,29.486886978149414,34.685543060302734,67.29032135009766,0.0,0.0,26,21,67.58966827392578
1764717463675137.0,72,30,530325,765966,11,15,29.001176834106445,33.26804733276367,67.58966827392578,0.0,0.0,26,22,66.24917602539062
1764717463685134.0,72,30,530388,766021,11,15,28.77694320678711,33.26804733276367,66.24917602539062,0.0,0.0,26,22,65.04206848144531
1764717463695134.0,72,30,530450,766057,11,15,28.55080223083496,34.10810852050781,65.04206848144531,0.0,0.0,26,22,65.5654067993164
1764717463705131.0,72,30,530437,766051,11,15,28.566566467285156,34.10810852050781,65.5654067993164,0.0,0.0,26,22,66.0370101928711
1764717463715141.0,72,30,530422,766092,11,15,28.30837631225586,34.10810852050781,66.0370101928711,0.0,0.0,26,22,64.8805160522461
1764717463725130.0,72,30,530447,766137,11,15,28.060739517211914,32.79047775268555,64.8805160522461,0.0,0.0,26,22,63.839813232421875
1764717463735136.0,72,30,530508,766193,11,15,27.963823318481445,32.79047775268555,63.839813232421875,0.0,0.0,26,22,63.83994674682617
1764717463745137.0,72,30,530531,766196,11,15,27.937849044799805,33.78973388671875,63.83994674682617,0.0,0.0,26,22,64.48416137695312
1764717463755130.0,72,30,530518,766189,11,15,28.01181411743164,33.78973388671875,64.48416137695312,0.0,0.0,26,22,65.58582305908203
1764717463765143.0,72,30,530541,766179,11,15,28.44477653503418,33.75886154174805,65.58582305908203,0.0,0.0,26,22,66.47718048095703
1764717463775135.0,72,30,530528,766184,11,15,28.94296646118164,33.75886154174805,66.47718048095703,0.0,0.0,26,21,67.19825744628906
1764717463785140.0,72,30,530553,766208,11,15,29.52804946899414,33.75886154174805,67.19825744628906,0.0,0.0,26,21,68.03132629394531
1764717463795147.0,72,30,530576,766289,11,15,29.559646606445312,33.75886154174805,68.03132629394531,0.0,0.0,26,20,68.45711517333984
1764717463805129.0,72,30,530638,766334,11,15,29.481515884399414,34.12781524658203,68.45711517333984,0.0,0.0,26,21,68.45711517333984
1764717463815140.0,72,30,530662,766315,11,15,29.481515884399414,34.829994201660156,68.45711517333984,0.0,0.0,26,21,68.63916778564453
1764717463825136.0,72,30,530647,766307,11,15,29.381725311279297,34.829994201660156,68.63916778564453,0.0,0.0,26,21,68.80289459228516
1764717463835164.0,72,30,530634,766350,11,15,29.042211532592773,34.829994201660156,68.80289459228516,0.0,0.0,26,21,67.41009521484375
1764717463845143.0,72,30,530659,766395,11,15,28.737642288208008,33.411033630371094,67.41009521484375,0.0,0.0,26,21,66.15653991699219
1764717463855166.0,72,30,530720,766451,11,15,28.57097816467285,33.411033630371094,66.15653991699219,0.0,0.0,26,21,66.15650939941406
1764717463865132.0,72,30,530743,766454,11,15,28.5076904296875,34.151947021484375,66.15650939941406,0.0,0.0,26,21,66.56774139404297
1764717463875146.0,72,30,530730,766447,11,15,28.52735137939453,34.151947021484375,66.56774139404297,0.0,0.0,26,22,66.93785095214844
1764717463885134.0,72,30,530754,766439,11,15,28.531524658203125,34.09783935546875,66.93785095214844,0.0,0.0,26,22,67.84137725830078
1764717463895134.0,72,30,530740,766442,11,15,29.34829330444336,34.09783935546875,67.84137725830078,0.0,0.0,26,21,68.08491516113281
1764717463905149.0,72,30,530764,766461,11,15,29.24789047241211,34.068111419677734,68.08491516113281,0.0,0.0,26,21,68.3034896850586
1764717463915137.0,72,30,530787,766454,11,15,29.152990341186523,34.378173828125,68.3034896850586,0.0,0.0,26,21,68.50105285644531
1764717463925145.0,72,30,530774,766460,11,15,29.536359786987305,34.378173828125,68.50105285644531,0.0,0.0,26,21,68.50104522705078
1764717463935127.0,72,30,530797,766469,11,15,29.42634391784668,34.97140121459961,68.50104522705078,0.0,0.0,26,21,68.6777572631836
1764717463945126.0,72,30,530784,766455,11,15,30.139211654663086,34.97140121459961,68.6777572631836,0.0,0.0,26,20,68.83679962158203
1764717463955137.0,72,30,530809,766454,11,15,30.71219825744629,34.97140121459961,68.83679962158203,0.0,0.0,26,19,69.10877227783203
1764717463965157.0,72,30,530794,766470,11,15,30.533180236816406,34.97140121459961,69.10877227783203,0.0,0.0,26,20,69.3290786743164
1764717463975138.0,72,30,530820,766505,11,15,30.35765838623047,34.97140121459961,69.3290786743164,0.0,0.0,26,20,69.5835952758789
1764717463985131.0,72,30,530843,766560,11,15,29.95037078857422,34.97140121459961,69.5835952758789,0.0,0.0,26,21,69.65206146240234
1764717463995143.0,72,30,530906,766588,11,15,29.64276123046875,35.2273063659668,69.65206146240234,0.0,0.0,26,21,69.65206146240234
1764717464005138.0,72,30,530891,766567,11,15,29.64276123046875,35.50971984863281,69.65206146240234,0.0,0.0,26,21,69.71471405029297
1764717464015150.0,72,30,530878,766561,11,15,29.612506866455078,35.566280364990234,69.71471405029297,0.0,0.0,26,21,69.71539306640625
1764717464025151.0,72,30,530863,766572,11,15,29.391712188720703,35.566280364990234,69.71539306640625,0.0,0.0,26,21,69.7729263305664
1764717464035169.0,72,30,530850,766653,11,15,28.852935791015625,33.583473205566406,69.7729263305664,0.0,0.0,26,21,65.96964263916016
1764717464045170.0,72,30,530950,766753,11,15,28.29875946044922,33.583473205566406,65.96964263916016,0.0,0.0,26,22,64.34825134277344
1764717464055136.0,72,30,531011,766797,11,15,28.00501823425293,34.43572235107422,64.34825134277344,0.0,0.0,26,22,64.9416732788086
1764717464065143.0,72,30,530997,766783,11,15,28.136945724487305,34.43572235107422,64.9416732788086,0.0,0.0,26,22,65.47576904296875
1764717464075139.0,72,30,531021,766770,11,15,28.222923278808594,34.481651306152344,65.47576904296875,0.0,0.0,26,22,66.38938903808594
1764717464085138.0,72,30,531007,766782,11,15,28.61492347717285,34.481651306152344,66.38938903808594,0.0,0.0,26,22,67.12971496582031
1764717464095137.0,72,30,531031,766815,11,15,28.952678680419922,34.481651306152344,67.12971496582031,0.0,0.0,26,21,67.7293701171875
1764717464105133.0,72,30,531056,766874,11,15,28.906389236450195,34.483585357666016,67.7293701171875,0.0,0.0,26,21,67.72959899902344
1764717464115159.0,72,30,531117,766886,11,15,28.785402297973633,34.79416275024414,67.72959899902344,0.0,0.0,26,21,67.72959899902344
1764717464125134.0,72,30,531104,766867,11,15,28.785402297973633,35.15559005737305,67.72959899902344,0.0,0.0,26,21,67.9847640991211
1764717464135134.0,72,30,531089,766858,11,15,28.7386417388916,35.15559005737305,67.9847640991211,0.0,0.0,26,21,67.98481750488281
1764717464145139.0,72,30,531076,766872,11,15,28.648845672607422,35.15559005737305,67.98481750488281,0.0,0.0,26,22,68.21538543701172
1764717464155172.0,72,30,531062,766952,11,15,28.261064529418945,33.49302291870117,68.21538543701172,0.0,0.0,26,22,65.31106567382812
1764717464165158.0,72,30,531163,767053,11,15,27.85303497314453,33.49302291870117,65.31106567382812,0.0,0.0,26,22,65.31106567382812
1764717464175138.0,72,30,531222,767031,11,15,27.85303497314453,34.5262451171875,65.31106567382812,0.0,0.0,26,22,65.80754089355469
1764717464185142.0,72,30,531209,767025,11,15,27.85585594177246,34.5262451171875,65.80754089355469,0.0,0.0,26,22,66.25507354736328
1764717464195151.0,72,30,531196,767069,11,15,27.68579864501953,34.5262451171875,66.25507354736328,0.0,0.0,26,22,64.74993896484375
1764717464205137.0,72,30,531257,767122,11,15,27.727956771850586,32.769264221191406,64.74993896484375,0.0,0.0,26,22,63.39554214477539
1764717464215382.0,72,30,531280,767191,11,15,27.521387100219727,32.769264221191406,63.39554214477539,0.0,0.0,26,23,63.39554214477539
1764717464225142.0,72,30,531305,767172,11,15,27.521387100219727,33.63706588745117,63.39554214477539,0.0,0.0,26,23,64.70361328125
1764717464235193.0,72,30,531290,767174,11,15,27.694374084472656,33.63706588745117,64.70361328125,0.0,0.0,26,23,65.26128387451172
1764717464245136.0,72,30,531315,767155,11,15,28.136709213256836,33.59847640991211,65.26128387451172,0.0,0.0,26,22,66.21381378173828
1764717464255135.0,72,30,531300,767184,11,15,28.637126922607422,33.59847640991211,66.21381378173828,0.0,0.0,26,21,66.98535919189453
1764717464265146.0,72,30,531325,767215,11,15,29.06778907775879,33.59847640991211,66.98535919189453,0.0,0.0,26,21,67.314697265625
1764717464275129.0,72,30,531349,767229,11,15,28.949413299560547,34.005435943603516,67.314697265625,0.0,0.0,26,21,67.61090087890625
1764717464285134.0,72,30,531372,767229,11,15,29.070297241210938,34.35179901123047,67.61090087890625,0.0,0.0,26,21,67.87789916992188
1764717464295207.0,72,30,531359,767237,11,15,29.109447479248047,34.63400650024414,67.87789916992188,0.0,0.0,26,21,68.1170425415039
1764717464305159.0,72,30,531382,767246,11,15,29.163984298706055,34.59258270263672,68.1170425415039,0.0,0.0,26,21,68.33329010009766
1764717464315128.0,72,30,531407,767252,11,15,29.02683448791504,34.61669921875,68.33329010009766,0.0,0.0,26,21,68.33425903320312
1764717464325143.0,72,30,531394,767244,11,15,29.171289443969727,34.91267013549805,68.33425903320312,0.0,0.0,26,21,68.33513641357422
1764717464335128.0,72,30,531417,767235,11,15,29.276840209960938,35.276092529296875,68.33513641357422,0.0,0.0,26,21,68.52984619140625
1764717464345130.0,72,30,531403,767241,11,15,29.85268783569336,35.55845260620117,68.52984619140625,0.0,0.0,26,21,68.70487976074219
1764717464355132.0,72,30,531426,767250,11,15,29.677457809448242,35.61682891845703,68.70487976074219,0.0,0.0,26,21,68.86227416992188
1764717464365131.0,72,30,531413,767236,11,15,30.142333984375,35.61682891845703,68.86227416992188,0.0,0.0,26,20,69.0039291381836
1764717464375149.0,72,30,531400,767229,11,15,30.430997848510742,35.61682891845703,69.0039291381836,0.0,0.0,26,20,69.13141632080078
1764717464385144.0,72,30,531425,767235,11,15,30.410335540771484,35.61682891845703,69.13141632080078,0.0,0.0,26,20,69.24665069580078
1764717464395133.0,72,30,531412,767253,11,15,30.40406608581543,34.201663970947266,69.24665069580078,0.0,0.0,26,20,66.45542907714844
1764717464405153.0,72,30,531436,767285,11,15,30.164854049682617,34.201663970947266,66.45542907714844,0.0,0.0,26,21,64.1949234008789
1764717464415135.0,72,30,531494,767338,11,15,29.934450149536133,34.945274353027344,64.1949234008789,0.0,0.0,26,21,64.19528198242188
1764717464425159.0,72,30,531522,767330,11,15,30.114578247070312,35.256591796875,64.19528198242188,0.0,0.0,26,21,64.80342864990234
1764717464435142.0,72,30,531507,767316,11,15,30.206214904785156,35.256591796875,64.80342864990234,0.0,0.0,26,21,64.80374908447266
1764717464445146.0,72,30,531494,767330,11,15,29.981061935424805,35.5386962890625,64.80374908447266,0.0,0.0,26,21,65.35244750976562
1764717464455152.0,72,30,531519,767350,11,15,29.82892608642578,35.5386962890625,65.35244750976562,0.0,0.0,26,21,65.8473129272461
1764717464465144.0,72,30,531542,767414,11,15,29.584692001342773,35.79086685180664,65.8473129272461,0.0,0.0,26,21,65.84777069091797
1764717464475131.0,72,30,531565,767414,11,15,29.5268611907959,36.04222106933594,65.84777069091797,0.0,0.0,26,21,65.84819030761719
1764717464485137.0,72,30,531590,767395,11,15,30.02776527404785,36.166500091552734,65.84819030761719,0.0,0.0,26,21,65.84819030761719
1764717464495131.0,72,30,531577,767376,11,15,30.02776527404785,36.3656120300293,65.84819030761719,0.0,0.0,26,21,66.68856811523438
1764717464505137.0,72,30,531562,767426,11,15,29.82088279724121,36.3656120300293,66.68856811523438,0.0,0.0,26,21,65.42809295654297
1764717464515127.0,72,30,531586,767459,11,15,29.764223098754883,34.464744567871094,65.42809295654297,0.0,0.0,26,21,62.65999221801758
1764717464525139.0,72,30,531649,767510,11,15,29.644617080688477,34.419639587402344,62.65999221801758,0.0,0.0,26,21,61.47983932495117
1764717464535174.0,72,30,531672,767519,11,15,29.494735717773438,34.401248931884766,61.47983932495117,0.0,0.0,26,21,60.41765594482422
1764717464545130.0,72,30,531657,767498,11,15,29.863069534301758,34.401248931884766,60.41765594482422,0.0,0.0,26,21,59.462886810302734
1764717464555137.0,72,30,531644,767518,11,15,29.765871047973633,34.401248931884766,59.462886810302734,0.0,0.0,26,21,60.54536056518555
1764717464565136.0,72,30,531631,767544,11,15,29.493934631347656,34.70635986328125,60.54536056518555,0.0,0.0,26,21,61.5213623046875
1764717464575139.0,72,30,531690,767593,11,15,29.492067337036133,34.70635986328125,61.5213623046875,0.0,0.0,26,21,62.39799118041992
1764717464585139.0,72,30,531715,767599,11,15,29.525859832763672,35.23561477661133,62.39799118041992,0.0,0.0,26,22,63.188777923583984
1764717464595149.0,72,30,531739,767610,11,15,29.680097579956055,35.46978759765625,63.188777923583984,0.0,0.0,26,21,63.188777923583984
1764717464605144.0,72,30,531726,767591,11,15,29.680097579956055,35.46978759765625,63.188777923583984,0.0,0.0,26,21,63.89879608154297
1764717464615149.0,72,30,531712,767583,11,15,29.668994903564453,35.6753044128418,63.89879608154297,0.0,0.0,26,21,63.89879608154297
1764717464625132.0,72,30,531698,767564,11,15,29.668994903564453,35.6753044128418,63.89879608154297,0.0,0.0,26,21,64.53740692138672
1764717464635132.0,72,30,531684,767638,11,15,29.085115432739258,34.13851547241211,64.53740692138672,0.0,0.0,26,22,63.57938003540039
1764717464645150.0,72,30,531746,767693,11,15,28.844953536987305,34.13851547241211,63.57938003540039,0.0,0.0,26,22,61.94260787963867
1764717464655138.0,72,30,531807,767753,11,15,28.724605560302734,34.46329879760742,61.94260787963867,0.0,0.0,26,22,61.942115783691406
1764717464665131.0,72,30,531832,767747,11,15,28.845901489257812,34.79094314575195,61.942115783691406,0.0,0.0,26,22,62.77580642700195
1764717464675136.0,72,30,531819,767746,11,15,29.099193572998047,34.79094314575195,62.77580642700195,0.0,0.0,26,22,62.434913635253906
1764717464685140.0,72,30,531841,767744,11,15,29.178543090820312,33.08552551269531,62.434913635253906,0.0,0.0,26,22,61.45179748535156
1764717464695129.0,72,30,531828,767738,11,15,29.47080421447754,33.08552551269531,61.45179748535156,0.0,0.0,26,22,59.99080276489258
1764717464705132.0,72,30,531851,767775,11,15,29.52860450744629,31.811891555786133,59.99080276489258,0.0,0.0,26,22,59.005523681640625
1764717464715142.0,72,30,531838,767827,11,15,29.514728546142578,31.811891555786133,59.005523681640625,0.0,0.0,26,22,58.58548355102539
1764717464725137.0,72,30,531937,767869,11,15,29.132213592529297,32.38667297363281,58.58548355102539,0.0,0.0,26,22,59.754886627197266
1764717464735139.0,72,30,531962,767859,11,15,29.17439079284668,32.41579055786133,59.754886627197266,0.0,0.0,26,22,59.756195068359375
1764717464745139.0,72,30,531947,767866,11,15,29.043006896972656,32.41579055786133,59.756195068359375,0.0,0.0,26,22,59.757389068603516
1764717464755139.0,72,30,531971,767875,11,15,28.93637466430664,33.399784088134766,59.757389068603516,0.0,0.0,26,22,60.81055450439453
1764717464765133.0,72,30,531958,767864,11,15,29.535932540893555,33.399784088134766,60.81055450439453,0.0,0.0,26,21,61.75929260253906
1764717464775133.0,72,30,531981,767864,11,15,30.245101928710938,32.205806732177734,61.75929260253906,0.0,0.0,26,21,59.80809783935547
1764717464785132.0,72,30,531966,767961,11,15,29.54037857055664,32.205806732177734,59.80809783935547,0.0,0.0,26,21,59.80796432495117
1764717464795143.0,72,30,532029,767961,11,15,29.446969985961914,32.714412689208984,59.80796432495117,0.0,0.0,26,21,59.8078498840332
1764717464805145.0,72,30,532053,767945,11,15,29.848352432250977,33.26620101928711,59.8078498840332,0.0,0.0,26,21,59.10620880126953
1764717464815137.0,72,30,532040,767959,11,15,30.181089401245117,33.26620101928711,59.10620880126953,0.0,0.0,26,21,58.47475051879883
1764717464825147.0,72,30,532063,767971,11,15,30.045827865600586,32.00558090209961,58.47475051879883,0.0,0.0,26,21,58.045162200927734
1764717464835135.0,72,30,532050,767959,11,15,30.352087020874023,32.00558090209961,58.045162200927734,0.0,0.0,26,20,57.31022644042969
1764717464845135.0,72,30,532073,767959,11,15,30.64678192138672,32.00558090209961,57.31022644042969,0.0,0.0,26,19,56.49781036376953
1764717464855129.0,72,30,532060,768025,11,15,30.40283203125,30.72093963623047,56.49781036376953,0.0,0.0,26,20,56.15147018432617
1764717464865150.0,72,30,532121,768053,11,15,29.994937896728516,30.670272827148438,56.15147018432617,0.0,0.0,26,20,55.83993911743164
1764717464875128.0,72,30,532145,768075,11,15,29.85938262939453,31.401582717895508,55.83993911743164,0.0,0.0,26,20,57.283203125
1764717464885132.0,72,30,532170,768084,11,15,29.714527130126953,31.408571243286133,57.283203125,0.0,0.0,26,20,58.582157135009766
1764717464895128.0,72,30,532157,768066,11,15,30.05634307861328,32.10869598388672,58.582157135009766,0.0,0.0,26,20,59.75212097167969
1764717464905131.0,72,30,532142,768083,11,15,29.955097198486328,32.10869598388672,59.75212097167969,0.0,0.0,26,20,60.804805755615234
1764717464915135.0,72,30,532167,768115,11,15,29.943157196044922,32.10869598388672,60.804805755615234,0.0,0.0,26,20,62.60543441772461
1764717464925136.0,72,30,532190,768165,11,15,29.741540908813477,32.10869598388672,62.60543441772461,0.0,0.0,26,21,62.60508728027344
1764717464935140.0,72,30,532214,768179,11,15,29.620014190673828,32.690887451171875,62.60508728027344,0.0,0.0,26,21,63.372901916503906
1764717464945138.0,72,30,532239,768199,11,15,29.72771644592285,33.160099029541016,63.372901916503906,0.0,0.0,26,21,62.22840118408203
1764717464955146.0,72,30,532224,768203,11,15,29.59272575378418,33.160099029541016,62.22840118408203,0.0,0.0,26,21,61.198307037353516
1764717464965142.0,72,30,532249,768208,11,15,29.468284606933594,33.10824966430664,61.198307037353516,0.0,0.0,26,22,62.10613250732422
1764717464975134.0,72,30,532235,768200,11,15,29.798261642456055,33.57199478149414,62.10613250732422,0.0,0.0,26,21,63.65906524658203
1764717464985148.0,72,30,532257,768203,11,15,29.98565101623535,33.57199478149414,63.65906524658203,0.0,0.0,26,20,62.78030776977539
1764717464995133.0,72,30,532244,768227,11,15,29.970855712890625,32.27709197998047,62.78030776977539,0.0,0.0,26,21,61.278587341308594
1764717465005138.0,72,30,532269,768254,11,15,29.953649520874023,32.27709197998047,61.278587341308594,0.0,0.0,26,21,60.06220245361328
1764717465015162.0,72,30,532329,768297,11,15,29.690380096435547,32.27489471435547,60.06220245361328,0.0,0.0,26,21,59.544307708740234
1764717465025161.0,72,30,532316,768302,11,15,29.775115966796875,32.27489471435547,59.544307708740234,0.0,0.0,26,22,59.07772445678711
1764717465035138.0,72,30,532341,768302,11,15,29.667478561401367,32.232513427734375,59.07772445678711,0.0,0.0,26,22,59.07855224609375
1764717465045135.0,72,30,532326,768299,11,15,29.573963165283203,32.73969268798828,59.07855224609375,0.0,0.0,26,22,59.079315185546875
1764717465055128.0,72,30,532349,768298,11,15,29.513736724853516,33.235660552978516,59.079315185546875,0.0,0.0,26,22,60.200157165527344
1764717465065148.0,72,30,532336,768297,11,15,29.94943618774414,33.62284851074219,60.200157165527344,0.0,0.0,26,21,61.20890426635742
1764717465075150.0,72,30,532323,768303,11,15,30.51853370666504,33.62284851074219,61.20890426635742,0.0,0.0,26,21,62.117767333984375
1764717465085136.0,72,30,532346,768331,11,15,30.60867691040039,33.62284851074219,62.117767333984375,0.0,0.0,26,20,63.670047760009766
1764717465095134.0,72,30,532370,768381,11,15,30.610671997070312,33.62284851074219,63.670047760009766,0.0,0.0,26,19,64.9273910522461
1764717465105124.0,72,30,532433,768434,11,15,30.408531188964844,33.62284851074219,64.9273910522461,0.0,0.0,26,20,64.9273910522461
1764717465115134.0,72,30,532457,768415,11,15,30.408531188964844,34.50931930541992,64.9273910522461,0.0,0.0,26,20,65.46300506591797
1764717465125140.0,72,30,532442,768407,11,15,30.407365798950195,34.50931930541992,65.46300506591797,0.0,0.0,26,20,65.94493865966797
1764717465135138.0,72,30,532429,768450,11,15,29.961761474609375,33.10302734375,65.94493865966797,0.0,0.0,26,20,64.8084945678711
1764717465145153.0,72,30,532490,768503,11,15,29.54633140563965,33.10302734375,64.8084945678711,0.0,0.0,26,20,63.7857780456543
1764717465155142.0,72,30,532551,768572,11,15,29.029205322265625,33.604393005371094,63.7857780456543,0.0,0.0,26,21,64.4355239868164
1764717465165145.0,72,30,532538,768565,11,15,29.0888671875,34.105690002441406,64.4355239868164,0.0,0.0,26,21,65.02030181884766
1764717465175129.0,72,30,532559,768555,11,15,29.148174285888672,34.455055236816406,65.02030181884766,0.0,0.0,26,21,65.54644775390625
1764717465185131.0,72,30,532546,768543,11,15,29.578733444213867,34.455055236816406,65.54644775390625,0.0,0.0,26,20,66.44599151611328
1764717465195133.0,72,30,532532,768541,11,15,30.07855224609375,34.455055236816406,66.44599151611328,0.0,0.0,26,20,66.82970428466797
1764717465205133.0,72,30,532558,768621,11,15,29.49065589904785,34.455055236816406,66.82970428466797,0.0,0.0,26,20,67.48629760742188
1764717465215136.0,72,30,532581,768712,11,15,28.907567977905273,34.47829818725586,67.48629760742188,0.0,0.0,26,21,67.76580047607422
1764717465225163.0,72,30,532643,768723,11,15,28.750431060791016,34.773468017578125,67.76580047607422,0.0,0.0,26,21,67.7662124633789
1764717465235137.0,72,30,532630,768710,11,15,29.011083602905273,35.09389877319336,67.7662124633789,0.0,0.0,26,21,67.76659393310547
1764717465245133.0,72,30,532653,768694,11,15,29.208454132080078,35.366085052490234,67.76659393310547,0.0,0.0,26,21,68.01832580566406
1764717465255139.0,72,30,532639,768708,11,15,29.581809997558594,35.65083312988281,68.01832580566406,0.0,0.0,26,20,68.24373626708984
1764717465265150.0,72,30,532662,768720,11,15,29.440494537353516,35.583885192871094,68.24373626708984,0.0,0.0,26,20,68.4472885131836
1764717465275147.0,72,30,532649,768703,11,15,30.13080406188965,35.583885192871094,68.4472885131836,0.0,0.0,26,20,68.94268798828125
1764717465285130.0,72,30,532672,768698,11,15,30.921871185302734,35.583885192871094,68.94268798828125,0.0,0.0,26,19,69.07685089111328
1764717465295132.0,72,30,532659,768713,11,15,30.80228614807129,35.583885192871094,69.07685089111328,0.0,0.0,26,19,69.30530548095703
1764717465305153.0,72,30,532684,768775,11,15,30.385204315185547,35.77146911621094,69.30530548095703,0.0,0.0,26,20,69.40251922607422
1764717465315135.0,72,30,532743,768820,11,15,30.199323654174805,35.75013732910156,69.40251922607422,0.0,0.0,26,20,69.40251922607422
1764717465325134.0,72,30,532767,768801,11,15,30.199323654174805,35.94078826904297,69.40251922607422,0.0,0.0,26,20,69.40251922607422
1764717465335133.0,72,30,532754,768782,11,15,30.199323654174805,36.08063507080078,69.40251922607422,0.0,0.0,26,20,69.490234375
1764717465345150.0,72,30,532739,768773,11,15,30.147289276123047,36.08063507080078,69.490234375,0.0,0.0,26,20,69.56796264648438
1764717465355171.0,72,30,532726,768817,11,15,29.748088836669922,34.16721725463867,69.56796264648438,0.0,0.0,26,21,67.73173522949219
1764717465365137.0,72,30,532789,768872,11,15,29.438404083251953,34.16721725463867,67.73173522949219,0.0,0.0,26,21,66.07938385009766
1764717465375558.0,72,30,532848,768939,11,15,28.942821502685547,34.7656135559082,66.07938385009766,0.0,0.0,26,21,66.49958801269531
1764717465385144.0,72,30,532835,768931,11,15,28.992767333984375,34.7656135559082,66.49958801269531,0.0,0.0,26,21,66.87776947021484
1764717465395142.0,72,30,532859,768924,11,15,29.047388076782227,34.729026794433594,66.87776947021484,0.0,0.0,26,21,67.52379608154297
1764717465405143.0,72,30,532848,768932,11,15,29.5355224609375,34.729026794433594,67.52379608154297,0.0,0.0,26,21,68.04645538330078
1764717465415146.0,72,30,532872,768956,11,15,29.845497131347656,34.729026794433594,68.04645538330078,0.0,0.0,26,21,68.65069580078125
1764717465425144.0,72,30,532897,769005,11,15,29.970840454101562,34.729026794433594,68.65069580078125,0.0,0.0,26,21,69.09111785888672
1764717465435172.0,72,30,532921,769077,11,15,29.621017456054688,34.729026794433594,69.09111785888672,0.0,0.0,26,20,69.09078216552734
1764717465445155.0,72,30,532982,769064,11,15,29.84929084777832,35.25942611694336,69.09078216552734,0.0,0.0,26,20,69.09078216552734
1764717465455132.0,72,30,532969,769045,11,15,29.84929084777832,35.39759826660156,69.09078216552734,0.0,0.0,26,20,69.2096939086914
1764717465465138.0,72,30,532954,769037,11,15,29.797775268554688,35.39759826660156,69.2096939086914,0.0,0.0,26,20,69.31664276123047
1764717465475131.0,72,30,532941,769080,11,15,29.436656951904297,33.9195442199707,69.31664276123047,0.0,0.0,26,21,67.86504364013672
1764717465485151.0,72,30,533003,769135,11,15,29.225875854492188,33.9195442199707,67.86504364013672,0.0,0.0,26,21,66.55867004394531
1764717465495133.0,72,30,533065,769205,11,15,28.8267879486084,34.3741340637207,66.55867004394531,0.0,0.0,26,21,66.93058776855469
1764717465505139.0,72,30,533050,769195,11,15,28.82578468322754,34.74665832519531,66.93058776855469,0.0,0.0,26,21,67.26531219482422
1764717465515125.0,72,30,533074,769187,11,15,28.80915069580078,34.81239318847656,67.26531219482422,0.0,0.0,26,21,67.56666564941406
1764717465525144.0,72,30,533059,769173,11,15,29.342069625854492,34.81239318847656,67.56666564941406,0.0,0.0,26,21,68.08191680908203
1764717465535154.0,72,30,533046,769174,11,15,29.75879669189453,34.81239318847656,68.08191680908203,0.0,0.0,26,20,68.30168914794922
1764717465545151.0,72,30,533071,769251,11,15,29.188825607299805,34.81239318847656,68.30168914794922,0.0,0.0,26,21,68.67845153808594
1764717465555128.0,72,30,533095,769344,11,15,28.694141387939453,34.85051727294922,68.67845153808594,0.0,0.0,26,21,68.83855438232422
1764717465565132.0,72,30,533156,769353,11,15,28.52159881591797,35.19554138183594,68.83855438232422,0.0,0.0,26,21,68.83908081054688
1764717465575128.0,72,30,533141,769342,11,15,28.85468292236328,35.504459381103516,68.83908081054688,0.0,0.0,26,21,68.83998107910156
1764717465585129.0,72,30,533165,769324,11,15,29.75738525390625,35.75393295288086,68.83998107910156,0.0,0.0,26,20,68.98358917236328
1764717465595174.0,72,30,533152,769338,11,15,29.579010009765625,35.98630142211914,68.98358917236328,0.0,0.0,26,20,69.23051452636719
1764717465605160.0,72,30,533175,769350,11,15,29.769542694091797,36.006839752197266,69.23051452636719,0.0,0.0,26,20,69.33586120605469
1764717465615134.0,72,30,533162,769333,11,15,30.3633975982666,36.006839752197266,69.33586120605469,0.0,0.0,26,20,69.51600646972656
1764717465625154.0,72,30,533185,769343,11,15,30.551362991333008,36.006839752197266,69.51600646972656,0.0,0.0,26,19,69.59285736083984
1764717465635130.0,72,30,533172,769376,11,15,30.48756217956543,36.006839752197266,69.59285736083984,0.0,0.0,26,20,69.72441101074219
1764717465645155.0,72,30,533196,769438,11,15,30.136137008666992,36.22193908691406,69.72441101074219,0.0,0.0,26,20,69.77874755859375
1764717465655131.0,72,30,533293,769449,11,15,30.264652252197266,36.32661437988281,69.77874755859375,0.0,0.0,26,20,69.77874755859375
1764717465665135.0,72,30,533280,769430,11,15,30.264652252197266,36.54081726074219,69.77874755859375,0.0,0.0,26,20,69.82897186279297
1764717465675135.0,72,30,533265,769422,11,15,30.20779037475586,36.54081726074219,69.82897186279297,0.0,0.0,26,21,69.82891845703125
1764717465685135.0,72,30,533252,769436,11,15,29.98015022277832,36.54081726074219,69.82891845703125,0.0,0.0,26,21,68.17987823486328
1764717465695185.0,72,30,533277,769509,11,15,29.385831832885742,34.73847579956055,68.17987823486328,0.0,0.0,26,21,66.65589141845703
1764717465705181.0,72,30,533336,769562,11,15,29.07584571838379,34.73847579956055,66.65589141845703,0.0,0.0,26,21,66.65663146972656
